phone,phone_2
(100) 000-0000,(200) 000-0000
(100) 000-0001,(200) 000-0001
(100) 000-0002,(200) 000-0002
(100) 000-0003,(200) 000-0003
(100) 000-0004,(200) 000-0004
(100) 000-0005,(200) 000-0005
(100) 000-0006,(200) 000-0006
(100) 000-0007,(200) 000-0007
(100) 000-0008,(200) 000-0008
(100) 000-0009,(200) 000-0009
(100) 000-0010,(200) 000-0010
(100) 000-0011,(200) 000-0011
(100) 000-0012,(200) 000-0012
(100) 000-0013,(200) 000-0013
(100) 000-0014,(200) 000-0014
(100) 000-0015,(200) 000-0015
(100) 000-0016,(200) 000-0016
(100) 000-0017,(200) 000-0017
(100) 000-0018,(200) 000-0018
(100) 000-0019,(200) 000-0019
(100) 000-0020,(200) 000-0020
(100) 000-0021,(200) 000-0021
(100) 000-0022,(200) 000-0022
(100) 000-0023,(200) 000-0023
(100) 000-0024,(200) 000-0024
(100) 000-0025,(200) 000-0025
(100) 000-0026,(200) 000-0026
(100) 000-0027,(200) 000-0027
(100) 000-0028,(200) 000-0028
(100) 000-0029,(200) 000-0029
(100) 000-0030,(200) 000-0030
(100) 000-0031,(200) 000-0031
(100) 000-0032,(200) 000-0032
(100) 000-0033,(200) 000-0033
(100) 000-0034,(200) 000-0034
(100) 000-0035,(200) 000-0035
(100) 000-0036,(200) 000-0036
(100) 000-0037,(200) 000-0037
(100) 000-0038,(200) 000-0038
(100) 000-0039,(200) 000-0039
(100) 000-0040,(200) 000-0040
(100) 000-0041,(200) 000-0041
(100) 000-0042,(200) 000-0042
(100) 000-0043,(200) 000-0043
(100) 000-0044,(200) 000-0044
(100) 000-0045,(200) 000-0045
(100) 000-0046,(200) 000-0046
(100) 000-0047,(200) 000-0047
(100) 000-0048,(200) 000-0048
(100) 000-0049,(200) 000-0049
(100) 000-0050,(200) 000-0050
(100) 000-0051,(200) 000-0051
(100) 000-0052,(200) 000-0052
(100) 000-0053,(200) 000-0053
(100) 000-0054,(200) 000-0054
(100) 000-0055,(200) 000-0055
(100) 000-0056,(200) 000-0056
(100) 000-0057,(200) 000-0057
(100) 000-0058,(200) 000-0058
(100) 000-0059,(200) 000-0059
(100) 000-0060,(200) 000-0060
(100) 000-0061,(200) 000-0061
(100) 000-0062,(200) 000-0062
(100) 000-0063,(200) 000-0063
(100) 000-0064,(200) 000-0064
(100) 000-0065,(200) 000-0065
(100) 000-0066,(200) 000-0066
(100) 000-0067,(200) 000-0067
(100) 000-0068,(200) 000-0068
(100) 000-0069,(200) 000-0069
(100) 000-0070,(200) 000-0070
(100) 000-0071,(200) 000-0071
(100) 000-0072,(200) 000-0072
(100) 000-0073,(200) 000-0073
(100) 000-0074,(200) 000-0074
(100) 000-0075,(200) 000-0075
(100) 000-0076,(200) 000-0076
(100) 000-0077,(200) 000-0077
(100) 000-0078,(200) 000-0078
(100) 000-0079,(200) 000-0079
(100) 000-0080,(200) 000-0080
(100) 000-0081,(200) 000-0081
(100) 000-0082,(200) 000-0082
(100) 000-0083,(200) 000-0083
(100) 000-0084,(200) 000-0084
(100) 000-0085,(200) 000-0085
(100) 000-0086,(200) 000-0086
(100) 000-0087,(200) 000-0087
(100) 000-0088,(200) 000-0088
(100) 000-0089,(200) 000-0089
(100) 000-0090,(200) 000-0090
(100) 000-0091,(200) 000-0091
(100) 000-0092,(200) 000-0092
(100) 000-0093,(200) 000-0093
(100) 000-0094,(200) 000-0094
(100) 000-0095,(200) 000-0095
(100) 000-0096,(200) 000-0096
(100) 000-0097,(200) 000-0097
(100) 000-0098,(200) 000-0098
(100) 000-0099,(200) 000-0099
(100) 000-0100,(200) 000-0100
(100) 000-0101,(200) 000-0101
(100) 000-0102,(200) 000-0102
(100) 000-0103,(200) 000-0103
(100) 000-0104,(200) 000-0104
(100) 000-0105,(200) 000-0105
(100) 000-0106,(200) 000-0106
(100) 000-0107,(200) 000-0107
(100) 000-0108,(200) 000-0108
(100) 000-0109,(200) 000-0109
(100) 000-0110,(200) 000-0110
(100) 000-0111,(200) 000-0111
(100) 000-0112,(200) 000-0112
(100) 000-0113,(200) 000-0113
(100) 000-0114,(200) 000-0114
(100) 000-0115,(200) 000-0115
(100) 000-0116,(200) 000-0116
(100) 000-0117,(200) 000-0117
(100) 000-0118,(200) 000-0118
(100) 000-0119,(200) 000-0119
(100) 000-0120,(200) 000-0120
(100) 000-0121,(200) 000-0121
(100) 000-0122,(200) 000-0122
(100) 000-0123,(200) 000-0123
(100) 000-0124,(200) 000-0124
(100) 000-0125,(200) 000-0125
(100) 000-0126,(200) 000-0126
(100) 000-0127,(200) 000-0127
(100) 000-0128,(200) 000-0128
(100) 000-0129,(200) 000-0129
(100) 000-0130,(200) 000-0130
(100) 000-0131,(200) 000-0131
(100) 000-0132,(200) 000-0132
(100) 000-0133,(200) 000-0133
(100) 000-0134,(200) 000-0134
(100) 000-0135,(200) 000-0135
(100) 000-0136,(200) 000-0136
(100) 000-0137,(200) 000-0137
(100) 000-0138,(200) 000-0138
(100) 000-0139,(200) 000-0139
(100) 000-0140,(200) 000-0140
(100) 000-0141,(200) 000-0141
(100) 000-0142,(200) 000-0142
(100) 000-0143,(200) 000-0143
(100) 000-0144,(200) 000-0144
(100) 000-0145,(200) 000-0145
(100) 000-0146,(200) 000-0146
(100) 000-0147,(200) 000-0147
(100) 000-0148,(200) 000-0148
(100) 000-0149,(200) 000-0149
(100) 000-0150,(200) 000-0150
(100) 000-0151,(200) 000-0151
(100) 000-0152,(200) 000-0152
(100) 000-0153,(200) 000-0153
(100) 000-0154,(200) 000-0154
(100) 000-0155,(200) 000-0155
(100) 000-0156,(200) 000-0156
(100) 000-0157,(200) 000-0157
(100) 000-0158,(200) 000-0158
(100) 000-0159,(200) 000-0159
(100) 000-0160,(200) 000-0160
(100) 000-0161,(200) 000-0161
(100) 000-0162,(200) 000-0162
(100) 000-0163,(200) 000-0163
(100) 000-0164,(200) 000-0164
(100) 000-0165,(200) 000-0165
(100) 000-0166,(200) 000-0166
(100) 000-0167,(200) 000-0167
(100) 000-0168,(200) 000-0168
(100) 000-0169,(200) 000-0169
(100) 000-0170,(200) 000-0170
(100) 000-0171,(200) 000-0171
(100) 000-0172,(200) 000-0172
(100) 000-0173,(200) 000-0173
(100) 000-0174,(200) 000-0174
(100) 000-0175,(200) 000-0175
(100) 000-0176,(200) 000-0176
(100) 000-0177,(200) 000-0177
(100) 000-0178,(200) 000-0178
(100) 000-0179,(200) 000-0179
(100) 000-0180,(200) 000-0180
(100) 000-0181,(200) 000-0181
(100) 000-0182,(200) 000-0182
(100) 000-0183,(200) 000-0183
(100) 000-0184,(200) 000-0184
(100) 000-0185,(200) 000-0185
(100) 000-0186,(200) 000-0186
(100) 000-0187,(200) 000-0187
(100) 000-0188,(200) 000-0188
(100) 000-0189,(200) 000-0189
(100) 000-0190,(200) 000-0190
(100) 000-0191,(200) 000-0191
(100) 000-0192,(200) 000-0192
(100) 000-0193,(200) 000-0193
(100) 000-0194,(200) 000-0194
(100) 000-0195,(200) 000-0195
(100) 000-0196,(200) 000-0196
(100) 000-0197,(200) 000-0197
(100) 000-0198,(200) 000-0198
(100) 000-0199,(200) 000-0199
(100) 000-0200,(200) 000-0200
(100) 000-0201,(200) 000-0201
(100) 000-0202,(200) 000-0202
(100) 000-0203,(200) 000-0203
(100) 000-0204,(200) 000-0204
(100) 000-0205,(200) 000-0205
(100) 000-0206,(200) 000-0206
(100) 000-0207,(200) 000-0207
(100) 000-0208,(200) 000-0208
(100) 000-0209,(200) 000-0209
(100) 000-0210,(200) 000-0210
(100) 000-0211,(200) 000-0211
(100) 000-0212,(200) 000-0212
(100) 000-0213,(200) 000-0213
(100) 000-0214,(200) 000-0214
(100) 000-0215,(200) 000-0215
(100) 000-0216,(200) 000-0216
(100) 000-0217,(200) 000-0217
(100) 000-0218,(200) 000-0218
(100) 000-0219,(200) 000-0219
(100) 000-0220,(200) 000-0220
(100) 000-0221,(200) 000-0221
(100) 000-0222,(200) 000-0222
(100) 000-0223,(200) 000-0223
(100) 000-0224,(200) 000-0224
(100) 000-0225,(200) 000-0225
(100) 000-0226,(200) 000-0226
(100) 000-0227,(200) 000-0227
(100) 000-0228,(200) 000-0228
(100) 000-0229,(200) 000-0229
(100) 000-0230,(200) 000-0230
(100) 000-0231,(200) 000-0231
(100) 000-0232,(200) 000-0232
(100) 000-0233,(200) 000-0233
(100) 000-0234,(200) 000-0234
(100) 000-0235,(200) 000-0235
(100) 000-0236,(200) 000-0236
(100) 000-0237,(200) 000-0237
(100) 000-0238,(200) 000-0238
(100) 000-0239,(200) 000-0239
(100) 000-0240,(200) 000-0240
(100) 000-0241,(200) 000-0241
(100) 000-0242,(200) 000-0242
(100) 000-0243,(200) 000-0243
(100) 000-0244,(200) 000-0244
(100) 000-0245,(200) 000-0245
(100) 000-0246,(200) 000-0246
(100) 000-0247,(200) 000-0247
(100) 000-0248,(200) 000-0248
(100) 000-0249,(200) 000-0249
(100) 000-0250,(200) 000-0250
(100) 000-0251,(200) 000-0251
(100) 000-0252,(200) 000-0252
(100) 000-0253,(200) 000-0253
(100) 000-0254,(200) 000-0254
(100) 000-0255,(200) 000-0255
(100) 000-0256,(200) 000-0256
(100) 000-0257,(200) 000-0257
(100) 000-0258,(200) 000-0258
(100) 000-0259,(200) 000-0259
(100) 000-0260,(200) 000-0260
(100) 000-0261,(200) 000-0261
(100) 000-0262,(200) 000-0262
(100) 000-0263,(200) 000-0263
(100) 000-0264,(200) 000-0264
(100) 000-0265,(200) 000-0265
(100) 000-0266,(200) 000-0266
(100) 000-0267,(200) 000-0267
(100) 000-0268,(200) 000-0268
(100) 000-0269,(200) 000-0269
(100) 000-0270,(200) 000-0270
(100) 000-0271,(200) 000-0271
(100) 000-0272,(200) 000-0272
(100) 000-0273,(200) 000-0273
(100) 000-0274,(200) 000-0274
(100) 000-0275,(200) 000-0275
(100) 000-0276,(200) 000-0276
(100) 000-0277,(200) 000-0277
(100) 000-0278,(200) 000-0278
(100) 000-0279,(200) 000-0279
(100) 000-0280,(200) 000-0280
(100) 000-0281,(200) 000-0281
(100) 000-0282,(200) 000-0282
(100) 000-0283,(200) 000-0283
(100) 000-0284,(200) 000-0284
(100) 000-0285,(200) 000-0285
(100) 000-0286,(200) 000-0286
(100) 000-0287,(200) 000-0287
(100) 000-0288,(200) 000-0288
(100) 000-0289,(200) 000-0289
(100) 000-0290,(200) 000-0290
(100) 000-0291,(200) 000-0291
(100) 000-0292,(200) 000-0292
(100) 000-0293,(200) 000-0293
(100) 000-0294,(200) 000-0294
(100) 000-0295,(200) 000-0295
(100) 000-0296,(200) 000-0296
(100) 000-0297,(200) 000-0297
(100) 000-0298,(200) 000-0298
(100) 000-0299,(200) 000-0299
(100) 000-0300,(200) 000-0300
(100) 000-0301,(200) 000-0301
(100) 000-0302,(200) 000-0302
(100) 000-0303,(200) 000-0303
(100) 000-0304,(200) 000-0304
(100) 000-0305,(200) 000-0305
(100) 000-0306,(200) 000-0306
(100) 000-0307,(200) 000-0307
(100) 000-0308,(200) 000-0308
(100) 000-0309,(200) 000-0309
(100) 000-0310,(200) 000-0310
(100) 000-0311,(200) 000-0311
(100) 000-0312,(200) 000-0312
(100) 000-0313,(200) 000-0313
(100) 000-0314,(200) 000-0314
(100) 000-0315,(200) 000-0315
(100) 000-0316,(200) 000-0316
(100) 000-0317,(200) 000-0317
(100) 000-0318,(200) 000-0318
(100) 000-0319,(200) 000-0319
(100) 000-0320,(200) 000-0320
(100) 000-0321,(200) 000-0321
(100) 000-0322,(200) 000-0322
(100) 000-0323,(200) 000-0323
(100) 000-0324,(200) 000-0324
(100) 000-0325,(200) 000-0325
(100) 000-0326,(200) 000-0326
(100) 000-0327,(200) 000-0327
(100) 000-0328,(200) 000-0328
(100) 000-0329,(200) 000-0329
(100) 000-0330,(200) 000-0330
(100) 000-0331,(200) 000-0331
(100) 000-0332,(200) 000-0332
(100) 000-0333,(200) 000-0333
(100) 000-0334,(200) 000-0334
(100) 000-0335,(200) 000-0335
(100) 000-0336,(200) 000-0336
(100) 000-0337,(200) 000-0337
(100) 000-0338,(200) 000-0338
(100) 000-0339,(200) 000-0339
(100) 000-0340,(200) 000-0340
(100) 000-0341,(200) 000-0341
(100) 000-0342,(200) 000-0342
(100) 000-0343,(200) 000-0343
(100) 000-0344,(200) 000-0344
(100) 000-0345,(200) 000-0345
(100) 000-0346,(200) 000-0346
(100) 000-0347,(200) 000-0347
(100) 000-0348,(200) 000-0348
(100) 000-0349,(200) 000-0349
(100) 000-0350,(200) 000-0350
(100) 000-0351,(200) 000-0351
(100) 000-0352,(200) 000-0352
(100) 000-0353,(200) 000-0353
(100) 000-0354,(200) 000-0354
(100) 000-0355,(200) 000-0355
(100) 000-0356,(200) 000-0356
(100) 000-0357,(200) 000-0357
(100) 000-0358,(200) 000-0358
(100) 000-0359,(200) 000-0359
(100) 000-0360,(200) 000-0360
(100) 000-0361,(200) 000-0361
(100) 000-0362,(200) 000-0362
(100) 000-0363,(200) 000-0363
(100) 000-0364,(200) 000-0364
(100) 000-0365,(200) 000-0365
(100) 000-0366,(200) 000-0366
(100) 000-0367,(200) 000-0367
(100) 000-0368,(200) 000-0368
(100) 000-0369,(200) 000-0369
(100) 000-0370,(200) 000-0370
(100) 000-0371,(200) 000-0371
(100) 000-0372,(200) 000-0372
(100) 000-0373,(200) 000-0373
(100) 000-0374,(200) 000-0374
(100) 000-0375,(200) 000-0375
(100) 000-0376,(200) 000-0376
(100) 000-0377,(200) 000-0377
(100) 000-0378,(200) 000-0378
(100) 000-0379,(200) 000-0379
(100) 000-0380,(200) 000-0380
(100) 000-0381,(200) 000-0381
(100) 000-0382,(200) 000-0382
(100) 000-0383,(200) 000-0383
(100) 000-0384,(200) 000-0384
(100) 000-0385,(200) 000-0385
(100) 000-0386,(200) 000-0386
(100) 000-0387,(200) 000-0387
(100) 000-0388,(200) 000-0388
(100) 000-0389,(200) 000-0389
(100) 000-0390,(200) 000-0390
(100) 000-0391,(200) 000-0391
(100) 000-0392,(200) 000-0392
(100) 000-0393,(200) 000-0393
(100) 000-0394,(200) 000-0394
(100) 000-0395,(200) 000-0395
(100) 000-0396,(200) 000-0396
(100) 000-0397,(200) 000-0397
(100) 000-0398,(200) 000-0398
(100) 000-0399,(200) 000-0399
(100) 000-0400,(200) 000-0400
(100) 000-0401,(200) 000-0401
(100) 000-0402,(200) 000-0402
(100) 000-0403,(200) 000-0403
(100) 000-0404,(200) 000-0404
(100) 000-0405,(200) 000-0405
(100) 000-0406,(200) 000-0406
(100) 000-0407,(200) 000-0407
(100) 000-0408,(200) 000-0408
(100) 000-0409,(200) 000-0409
(100) 000-0410,(200) 000-0410
(100) 000-0411,(200) 000-0411
(100) 000-0412,(200) 000-0412
(100) 000-0413,(200) 000-0413
(100) 000-0414,(200) 000-0414
(100) 000-0415,(200) 000-0415
(100) 000-0416,(200) 000-0416
(100) 000-0417,(200) 000-0417
(100) 000-0418,(200) 000-0418
(100) 000-0419,(200) 000-0419
(100) 000-0420,(200) 000-0420
(100) 000-0421,(200) 000-0421
(100) 000-0422,(200) 000-0422
(100) 000-0423,(200) 000-0423
(100) 000-0424,(200) 000-0424
(100) 000-0425,(200) 000-0425
(100) 000-0426,(200) 000-0426
(100) 000-0427,(200) 000-0427
(100) 000-0428,(200) 000-0428
(100) 000-0429,(200) 000-0429
(100) 000-0430,(200) 000-0430
(100) 000-0431,(200) 000-0431
(100) 000-0432,(200) 000-0432
(100) 000-0433,(200) 000-0433
(100) 000-0434,(200) 000-0434
(100) 000-0435,(200) 000-0435
(100) 000-0436,(200) 000-0436
(100) 000-0437,(200) 000-0437
(100) 000-0438,(200) 000-0438
(100) 000-0439,(200) 000-0439
(100) 000-0440,(200) 000-0440
(100) 000-0441,(200) 000-0441
(100) 000-0442,(200) 000-0442
(100) 000-0443,(200) 000-0443
(100) 000-0444,(200) 000-0444
(100) 000-0445,(200) 000-0445
(100) 000-0446,(200) 000-0446
(100) 000-0447,(200) 000-0447
(100) 000-0448,(200) 000-0448
(100) 000-0449,(200) 000-0449
(100) 000-0450,(200) 000-0450
(100) 000-0451,(200) 000-0451
(100) 000-0452,(200) 000-0452
(100) 000-0453,(200) 000-0453
(100) 000-0454,(200) 000-0454
(100) 000-0455,(200) 000-0455
(100) 000-0456,(200) 000-0456
(100) 000-0457,(200) 000-0457
(100) 000-0458,(200) 000-0458
(100) 000-0459,(200) 000-0459
(100) 000-0460,(200) 000-0460
(100) 000-0461,(200) 000-0461
(100) 000-0462,(200) 000-0462
(100) 000-0463,(200) 000-0463
(100) 000-0464,(200) 000-0464
(100) 000-0465,(200) 000-0465
(100) 000-0466,(200) 000-0466
(100) 000-0467,(200) 000-0467
(100) 000-0468,(200) 000-0468
(100) 000-0469,(200) 000-0469
(100) 000-0470,(200) 000-0470
(100) 000-0471,(200) 000-0471
(100) 000-0472,(200) 000-0472
(100) 000-0473,(200) 000-0473
(100) 000-0474,(200) 000-0474
(100) 000-0475,(200) 000-0475
(100) 000-0476,(200) 000-0476
(100) 000-0477,(200) 000-0477
(100) 000-0478,(200) 000-0478
(100) 000-0479,(200) 000-0479
(100) 000-0480,(200) 000-0480
(100) 000-0481,(200) 000-0481
(100) 000-0482,(200) 000-0482
(100) 000-0483,(200) 000-0483
(100) 000-0484,(200) 000-0484
(100) 000-0485,(200) 000-0485
(100) 000-0486,(200) 000-0486
(100) 000-0487,(200) 000-0487
(100) 000-0488,(200) 000-0488
(100) 000-0489,(200) 000-0489
(100) 000-0490,(200) 000-0490
(100) 000-0491,(200) 000-0491
(100) 000-0492,(200) 000-0492
(100) 000-0493,(200) 000-0493
(100) 000-0494,(200) 000-0494
(100) 000-0495,(200) 000-0495
(100) 000-0496,(200) 000-0496
(100) 000-0497,(200) 000-0497
(100) 000-0498,(200) 000-0498
(100) 000-0499,(200) 000-0499
(100) 000-0500,(200) 000-0500
(100) 000-0501,(200) 000-0501
(100) 000-0502,(200) 000-0502
(100) 000-0503,(200) 000-0503
(100) 000-0504,(200) 000-0504
(100) 000-0505,(200) 000-0505
(100) 000-0506,(200) 000-0506
(100) 000-0507,(200) 000-0507
(100) 000-0508,(200) 000-0508
(100) 000-0509,(200) 000-0509
(100) 000-0510,(200) 000-0510
(100) 000-0511,(200) 000-0511
(100) 000-0512,(200) 000-0512
(100) 000-0513,(200) 000-0513
(100) 000-0514,(200) 000-0514
(100) 000-0515,(200) 000-0515
(100) 000-0516,(200) 000-0516
(100) 000-0517,(200) 000-0517
(100) 000-0518,(200) 000-0518
(100) 000-0519,(200) 000-0519
(100) 000-0520,(200) 000-0520
(100) 000-0521,(200) 000-0521
(100) 000-0522,(200) 000-0522
(100) 000-0523,(200) 000-0523
(100) 000-0524,(200) 000-0524
(100) 000-0525,(200) 000-0525
(100) 000-0526,(200) 000-0526
(100) 000-0527,(200) 000-0527
(100) 000-0528,(200) 000-0528
(100) 000-0529,(200) 000-0529
(100) 000-0530,(200) 000-0530
(100) 000-0531,(200) 000-0531
(100) 000-0532,(200) 000-0532
(100) 000-0533,(200) 000-0533
(100) 000-0534,(200) 000-0534
(100) 000-0535,(200) 000-0535
(100) 000-0536,(200) 000-0536
(100) 000-0537,(200) 000-0537
(100) 000-0538,(200) 000-0538
(100) 000-0539,(200) 000-0539
(100) 000-0540,(200) 000-0540
(100) 000-0541,(200) 000-0541
(100) 000-0542,(200) 000-0542
(100) 000-0543,(200) 000-0543
(100) 000-0544,(200) 000-0544
(100) 000-0545,(200) 000-0545
(100) 000-0546,(200) 000-0546
(100) 000-0547,(200) 000-0547
(100) 000-0548,(200) 000-0548
(100) 000-0549,(200) 000-0549
(100) 000-0550,(200) 000-0550
(100) 000-0551,(200) 000-0551
(100) 000-0552,(200) 000-0552
(100) 000-0553,(200) 000-0553
(100) 000-0554,(200) 000-0554
(100) 000-0555,(200) 000-0555
(100) 000-0556,(200) 000-0556
(100) 000-0557,(200) 000-0557
(100) 000-0558,(200) 000-0558
(100) 000-0559,(200) 000-0559
(100) 000-0560,(200) 000-0560
(100) 000-0561,(200) 000-0561
(100) 000-0562,(200) 000-0562
(100) 000-0563,(200) 000-0563
(100) 000-0564,(200) 000-0564
(100) 000-0565,(200) 000-0565
(100) 000-0566,(200) 000-0566
(100) 000-0567,(200) 000-0567
(100) 000-0568,(200) 000-0568
(100) 000-0569,(200) 000-0569
(100) 000-0570,(200) 000-0570
(100) 000-0571,(200) 000-0571
(100) 000-0572,(200) 000-0572
(100) 000-0573,(200) 000-0573
(100) 000-0574,(200) 000-0574
(100) 000-0575,(200) 000-0575
(100) 000-0576,(200) 000-0576
(100) 000-0577,(200) 000-0577
(100) 000-0578,(200) 000-0578
(100) 000-0579,(200) 000-0579
(100) 000-0580,(200) 000-0580
(100) 000-0581,(200) 000-0581
(100) 000-0582,(200) 000-0582
(100) 000-0583,(200) 000-0583
(100) 000-0584,(200) 000-0584
(100) 000-0585,(200) 000-0585
(100) 000-0586,(200) 000-0586
(100) 000-0587,(200) 000-0587
(100) 000-0588,(200) 000-0588
(100) 000-0589,(200) 000-0589
(100) 000-0590,(200) 000-0590
(100) 000-0591,(200) 000-0591
(100) 000-0592,(200) 000-0592
(100) 000-0593,(200) 000-0593
(100) 000-0594,(200) 000-0594
(100) 000-0595,(200) 000-0595
(100) 000-0596,(200) 000-0596
(100) 000-0597,(200) 000-0597
(100) 000-0598,(200) 000-0598
(100) 000-0599,(200) 000-0599
(100) 000-0600,(200) 000-0600
(100) 000-0601,(200) 000-0601
(100) 000-0602,(200) 000-0602
(100) 000-0603,(200) 000-0603
(100) 000-0604,(200) 000-0604
(100) 000-0605,(200) 000-0605
(100) 000-0606,(200) 000-0606
(100) 000-0607,(200) 000-0607
(100) 000-0608,(200) 000-0608
(100) 000-0609,(200) 000-0609
(100) 000-0610,(200) 000-0610
(100) 000-0611,(200) 000-0611
(100) 000-0612,(200) 000-0612
(100) 000-0613,(200) 000-0613
(100) 000-0614,(200) 000-0614
(100) 000-0615,(200) 000-0615
(100) 000-0616,(200) 000-0616
(100) 000-0617,(200) 000-0617
(100) 000-0618,(200) 000-0618
(100) 000-0619,(200) 000-0619
(100) 000-0620,(200) 000-0620
(100) 000-0621,(200) 000-0621
(100) 000-0622,(200) 000-0622
(100) 000-0623,(200) 000-0623
(100) 000-0624,(200) 000-0624
(100) 000-0625,(200) 000-0625
(100) 000-0626,(200) 000-0626
(100) 000-0627,(200) 000-0627
(100) 000-0628,(200) 000-0628
(100) 000-0629,(200) 000-0629
(100) 000-0630,(200) 000-0630
(100) 000-0631,(200) 000-0631
(100) 000-0632,(200) 000-0632
(100) 000-0633,(200) 000-0633
(100) 000-0634,(200) 000-0634
(100) 000-0635,(200) 000-0635
(100) 000-0636,(200) 000-0636
(100) 000-0637,(200) 000-0637
(100) 000-0638,(200) 000-0638
(100) 000-0639,(200) 000-0639
(100) 000-0640,(200) 000-0640
(100) 000-0641,(200) 000-0641
(100) 000-0642,(200) 000-0642
(100) 000-0643,(200) 000-0643
(100) 000-0644,(200) 000-0644
(100) 000-0645,(200) 000-0645
(100) 000-0646,(200) 000-0646
(100) 000-0647,(200) 000-0647
(100) 000-0648,(200) 000-0648
(100) 000-0649,(200) 000-0649
(100) 000-0650,(200) 000-0650
(100) 000-0651,(200) 000-0651
(100) 000-0652,(200) 000-0652
(100) 000-0653,(200) 000-0653
(100) 000-0654,(200) 000-0654
(100) 000-0655,(200) 000-0655
(100) 000-0656,(200) 000-0656
(100) 000-0657,(200) 000-0657
(100) 000-0658,(200) 000-0658
(100) 000-0659,(200) 000-0659
(100) 000-0660,(200) 000-0660
(100) 000-0661,(200) 000-0661
(100) 000-0662,(200) 000-0662
(100) 000-0663,(200) 000-0663
(100) 000-0664,(200) 000-0664
(100) 000-0665,(200) 000-0665
(100) 000-0666,(200) 000-0666
(100) 000-0667,(200) 000-0667
(100) 000-0668,(200) 000-0668
(100) 000-0669,(200) 000-0669
(100) 000-0670,(200) 000-0670
(100) 000-0671,(200) 000-0671
(100) 000-0672,(200) 000-0672
(100) 000-0673,(200) 000-0673
(100) 000-0674,(200) 000-0674
(100) 000-0675,(200) 000-0675
(100) 000-0676,(200) 000-0676
(100) 000-0677,(200) 000-0677
(100) 000-0678,(200) 000-0678
(100) 000-0679,(200) 000-0679
(100) 000-0680,(200) 000-0680
(100) 000-0681,(200) 000-0681
(100) 000-0682,(200) 000-0682
(100) 000-0683,(200) 000-0683
(100) 000-0684,(200) 000-0684
(100) 000-0685,(200) 000-0685
(100) 000-0686,(200) 000-0686
(100) 000-0687,(200) 000-0687
(100) 000-0688,(200) 000-0688
(100) 000-0689,(200) 000-0689
(100) 000-0690,(200) 000-0690
(100) 000-0691,(200) 000-0691
(100) 000-0692,(200) 000-0692
(100) 000-0693,(200) 000-0693
(100) 000-0694,(200) 000-0694
(100) 000-0695,(200) 000-0695
(100) 000-0696,(200) 000-0696
(100) 000-0697,(200) 000-0697
(100) 000-0698,(200) 000-0698
(100) 000-0699,(200) 000-0699
(100) 000-0700,(200) 000-0700
(100) 000-0701,(200) 000-0701
(100) 000-0702,(200) 000-0702
(100) 000-0703,(200) 000-0703
(100) 000-0704,(200) 000-0704
(100) 000-0705,(200) 000-0705
(100) 000-0706,(200) 000-0706
(100) 000-0707,(200) 000-0707
(100) 000-0708,(200) 000-0708
(100) 000-0709,(200) 000-0709
(100) 000-0710,(200) 000-0710
(100) 000-0711,(200) 000-0711
(100) 000-0712,(200) 000-0712
(100) 000-0713,(200) 000-0713
(100) 000-0714,(200) 000-0714
(100) 000-0715,(200) 000-0715
(100) 000-0716,(200) 000-0716
(100) 000-0717,(200) 000-0717
(100) 000-0718,(200) 000-0718
(100) 000-0719,(200) 000-0719
(100) 000-0720,(200) 000-0720
(100) 000-0721,(200) 000-0721
(100) 000-0722,(200) 000-0722
(100) 000-0723,(200) 000-0723
(100) 000-0724,(200) 000-0724
(100) 000-0725,(200) 000-0725
(100) 000-0726,(200) 000-0726
(100) 000-0727,(200) 000-0727
(100) 000-0728,(200) 000-0728
(100) 000-0729,(200) 000-0729
(100) 000-0730,(200) 000-0730
(100) 000-0731,(200) 000-0731
(100) 000-0732,(200) 000-0732
(100) 000-0733,(200) 000-0733
(100) 000-0734,(200) 000-0734
(100) 000-0735,(200) 000-0735
(100) 000-0736,(200) 000-0736
(100) 000-0737,(200) 000-0737
(100) 000-0738,(200) 000-0738
(100) 000-0739,(200) 000-0739
(100) 000-0740,(200) 000-0740
(100) 000-0741,(200) 000-0741
(100) 000-0742,(200) 000-0742
(100) 000-0743,(200) 000-0743
(100) 000-0744,(200) 000-0744
(100) 000-0745,(200) 000-0745
(100) 000-0746,(200) 000-0746
(100) 000-0747,(200) 000-0747
(100) 000-0748,(200) 000-0748
(100) 000-0749,(200) 000-0749
(100) 000-0750,(200) 000-0750
(100) 000-0751,(200) 000-0751
(100) 000-0752,(200) 000-0752
(100) 000-0753,(200) 000-0753
(100) 000-0754,(200) 000-0754
(100) 000-0755,(200) 000-0755
(100) 000-0756,(200) 000-0756
(100) 000-0757,(200) 000-0757
(100) 000-0758,(200) 000-0758
(100) 000-0759,(200) 000-0759
(100) 000-0760,(200) 000-0760
(100) 000-0761,(200) 000-0761
(100) 000-0762,(200) 000-0762
(100) 000-0763,(200) 000-0763
(100) 000-0764,(200) 000-0764
(100) 000-0765,(200) 000-0765
(100) 000-0766,(200) 000-0766
(100) 000-0767,(200) 000-0767
(100) 000-0768,(200) 000-0768
(100) 000-0769,(200) 000-0769
(100) 000-0770,(200) 000-0770
(100) 000-0771,(200) 000-0771
(100) 000-0772,(200) 000-0772
(100) 000-0773,(200) 000-0773
(100) 000-0774,(200) 000-0774
(100) 000-0775,(200) 000-0775
(100) 000-0776,(200) 000-0776
(100) 000-0777,(200) 000-0777
(100) 000-0778,(200) 000-0778
(100) 000-0779,(200) 000-0779
(100) 000-0780,(200) 000-0780
(100) 000-0781,(200) 000-0781
(100) 000-0782,(200) 000-0782
(100) 000-0783,(200) 000-0783
(100) 000-0784,(200) 000-0784
(100) 000-0785,(200) 000-0785
(100) 000-0786,(200) 000-0786
(100) 000-0787,(200) 000-0787
(100) 000-0788,(200) 000-0788
(100) 000-0789,(200) 000-0789
(100) 000-0790,(200) 000-0790
(100) 000-0791,(200) 000-0791
(100) 000-0792,(200) 000-0792
(100) 000-0793,(200) 000-0793
(100) 000-0794,(200) 000-0794
(100) 000-0795,(200) 000-0795
(100) 000-0796,(200) 000-0796
(100) 000-0797,(200) 000-0797
(100) 000-0798,(200) 000-0798
(100) 000-0799,(200) 000-0799
(100) 000-0800,(200) 000-0800
(100) 000-0801,(200) 000-0801
(100) 000-0802,(200) 000-0802
(100) 000-0803,(200) 000-0803
(100) 000-0804,(200) 000-0804
(100) 000-0805,(200) 000-0805
(100) 000-0806,(200) 000-0806
(100) 000-0807,(200) 000-0807
(100) 000-0808,(200) 000-0808
(100) 000-0809,(200) 000-0809
(100) 000-0810,(200) 000-0810
(100) 000-0811,(200) 000-0811
(100) 000-0812,(200) 000-0812
(100) 000-0813,(200) 000-0813
(100) 000-0814,(200) 000-0814
(100) 000-0815,(200) 000-0815
(100) 000-0816,(200) 000-0816
(100) 000-0817,(200) 000-0817
(100) 000-0818,(200) 000-0818
(100) 000-0819,(200) 000-0819
(100) 000-0820,(200) 000-0820
(100) 000-0821,(200) 000-0821
(100) 000-0822,(200) 000-0822
(100) 000-0823,(200) 000-0823
(100) 000-0824,(200) 000-0824
(100) 000-0825,(200) 000-0825
(100) 000-0826,(200) 000-0826
(100) 000-0827,(200) 000-0827
(100) 000-0828,(200) 000-0828
(100) 000-0829,(200) 000-0829
(100) 000-0830,(200) 000-0830
(100) 000-0831,(200) 000-0831
(100) 000-0832,(200) 000-0832
(100) 000-0833,(200) 000-0833
(100) 000-0834,(200) 000-0834
(100) 000-0835,(200) 000-0835
(100) 000-0836,(200) 000-0836
(100) 000-0837,(200) 000-0837
(100) 000-0838,(200) 000-0838
(100) 000-0839,(200) 000-0839
(100) 000-0840,(200) 000-0840
(100) 000-0841,(200) 000-0841
(100) 000-0842,(200) 000-0842
(100) 000-0843,(200) 000-0843
(100) 000-0844,(200) 000-0844
(100) 000-0845,(200) 000-0845
(100) 000-0846,(200) 000-0846
(100) 000-0847,(200) 000-0847
(100) 000-0848,(200) 000-0848
(100) 000-0849,(200) 000-0849
(100) 000-0850,(200) 000-0850
(100) 000-0851,(200) 000-0851
(100) 000-0852,(200) 000-0852
(100) 000-0853,(200) 000-0853
(100) 000-0854,(200) 000-0854
(100) 000-0855,(200) 000-0855
(100) 000-0856,(200) 000-0856
(100) 000-0857,(200) 000-0857
(100) 000-0858,(200) 000-0858
(100) 000-0859,(200) 000-0859
(100) 000-0860,(200) 000-0860
(100) 000-0861,(200) 000-0861
(100) 000-0862,(200) 000-0862
(100) 000-0863,(200) 000-0863
(100) 000-0864,(200) 000-0864
(100) 000-0865,(200) 000-0865
(100) 000-0866,(200) 000-0866
(100) 000-0867,(200) 000-0867
(100) 000-0868,(200) 000-0868
(100) 000-0869,(200) 000-0869
(100) 000-0870,(200) 000-0870
(100) 000-0871,(200) 000-0871
(100) 000-0872,(200) 000-0872
(100) 000-0873,(200) 000-0873
(100) 000-0874,(200) 000-0874
(100) 000-0875,(200) 000-0875
(100) 000-0876,(200) 000-0876
(100) 000-0877,(200) 000-0877
(100) 000-0878,(200) 000-0878
(100) 000-0879,(200) 000-0879
(100) 000-0880,(200) 000-0880
(100) 000-0881,(200) 000-0881
(100) 000-0882,(200) 000-0882
(100) 000-0883,(200) 000-0883
(100) 000-0884,(200) 000-0884
(100) 000-0885,(200) 000-0885
(100) 000-0886,(200) 000-0886
(100) 000-0887,(200) 000-0887
(100) 000-0888,(200) 000-0888
(100) 000-0889,(200) 000-0889
(100) 000-0890,(200) 000-0890
(100) 000-0891,(200) 000-0891
(100) 000-0892,(200) 000-0892
(100) 000-0893,(200) 000-0893
(100) 000-0894,(200) 000-0894
(100) 000-0895,(200) 000-0895
(100) 000-0896,(200) 000-0896
(100) 000-0897,(200) 000-0897
(100) 000-0898,(200) 000-0898
(100) 000-0899,(200) 000-0899
(100) 000-0900,(200) 000-0900
(100) 000-0901,(200) 000-0901
(100) 000-0902,(200) 000-0902
(100) 000-0903,(200) 000-0903
(100) 000-0904,(200) 000-0904
(100) 000-0905,(200) 000-0905
(100) 000-0906,(200) 000-0906
(100) 000-0907,(200) 000-0907
(100) 000-0908,(200) 000-0908
(100) 000-0909,(200) 000-0909
(100) 000-0910,(200) 000-0910
(100) 000-0911,(200) 000-0911
(100) 000-0912,(200) 000-0912
(100) 000-0913,(200) 000-0913
(100) 000-0914,(200) 000-0914
(100) 000-0915,(200) 000-0915
(100) 000-0916,(200) 000-0916
(100) 000-0917,(200) 000-0917
(100) 000-0918,(200) 000-0918
(100) 000-0919,(200) 000-0919
(100) 000-0920,(200) 000-0920
(100) 000-0921,(200) 000-0921
(100) 000-0922,(200) 000-0922
(100) 000-0923,(200) 000-0923
(100) 000-0924,(200) 000-0924
(100) 000-0925,(200) 000-0925
(100) 000-0926,(200) 000-0926
(100) 000-0927,(200) 000-0927
(100) 000-0928,(200) 000-0928
(100) 000-0929,(200) 000-0929
(100) 000-0930,(200) 000-0930
(100) 000-0931,(200) 000-0931
(100) 000-0932,(200) 000-0932
(100) 000-0933,(200) 000-0933
(100) 000-0934,(200) 000-0934
(100) 000-0935,(200) 000-0935
(100) 000-0936,(200) 000-0936
(100) 000-0937,(200) 000-0937
(100) 000-0938,(200) 000-0938
(100) 000-0939,(200) 000-0939
(100) 000-0940,(200) 000-0940
(100) 000-0941,(200) 000-0941
(100) 000-0942,(200) 000-0942
(100) 000-0943,(200) 000-0943
(100) 000-0944,(200) 000-0944
(100) 000-0945,(200) 000-0945
(100) 000-0946,(200) 000-0946
(100) 000-0947,(200) 000-0947
(100) 000-0948,(200) 000-0948
(100) 000-0949,(200) 000-0949
(100) 000-0950,(200) 000-0950
(100) 000-0951,(200) 000-0951
(100) 000-0952,(200) 000-0952
(100) 000-0953,(200) 000-0953
(100) 000-0954,(200) 000-0954
(100) 000-0955,(200) 000-0955
(100) 000-0956,(200) 000-0956
(100) 000-0957,(200) 000-0957
(100) 000-0958,(200) 000-0958
(100) 000-0959,(200) 000-0959
(100) 000-0960,(200) 000-0960
(100) 000-0961,(200) 000-0961
(100) 000-0962,(200) 000-0962
(100) 000-0963,(200) 000-0963
(100) 000-0964,(200) 000-0964
(100) 000-0965,(200) 000-0965
(100) 000-0966,(200) 000-0966
(100) 000-0967,(200) 000-0967
(100) 000-0968,(200) 000-0968
(100) 000-0969,(200) 000-0969
(100) 000-0970,(200) 000-0970
(100) 000-0971,(200) 000-0971
(100) 000-0972,(200) 000-0972
(100) 000-0973,(200) 000-0973
(100) 000-0974,(200) 000-0974
(100) 000-0975,(200) 000-0975
(100) 000-0976,(200) 000-0976
(100) 000-0977,(200) 000-0977
(100) 000-0978,(200) 000-0978
(100) 000-0979,(200) 000-0979
(100) 000-0980,(200) 000-0980
(100) 000-0981,(200) 000-0981
(100) 000-0982,(200) 000-0982
(100) 000-0983,(200) 000-0983
(100) 000-0984,(200) 000-0984
(100) 000-0985,(200) 000-0985
(100) 000-0986,(200) 000-0986
(100) 000-0987,(200) 000-0987
(100) 000-0988,(200) 000-0988
(100) 000-0989,(200) 000-0989
(100) 000-0990,(200) 000-0990
(100) 000-0991,(200) 000-0991
(100) 000-0992,(200) 000-0992
(100) 000-0993,(200) 000-0993
(100) 000-0994,(200) 000-0994
(100) 000-0995,(200) 000-0995
(100) 000-0996,(200) 000-0996
(100) 000-0997,(200) 000-0997
(100) 000-0998,(200) 000-0998
(100) 000-0999,(200) 000-0999
(100) 000-1000,(200) 000-1000
(100) 000-1001,(200) 000-1001
(100) 000-1002,(200) 000-1002
(100) 000-1003,(200) 000-1003
(100) 000-1004,(200) 000-1004
(100) 000-1005,(200) 000-1005
(100) 000-1006,(200) 000-1006
(100) 000-1007,(200) 000-1007
(100) 000-1008,(200) 000-1008
(100) 000-1009,(200) 000-1009
(100) 000-1010,(200) 000-1010
(100) 000-1011,(200) 000-1011
(100) 000-1012,(200) 000-1012
(100) 000-1013,(200) 000-1013
(100) 000-1014,(200) 000-1014
(100) 000-1015,(200) 000-1015
(100) 000-1016,(200) 000-1016
(100) 000-1017,(200) 000-1017
(100) 000-1018,(200) 000-1018
(100) 000-1019,(200) 000-1019
(100) 000-1020,(200) 000-1020
(100) 000-1021,(200) 000-1021
(100) 000-1022,(200) 000-1022
(100) 000-1023,(200) 000-1023
(100) 000-1024,(200) 000-1024
(100) 000-1025,(200) 000-1025
(100) 000-1026,(200) 000-1026
(100) 000-1027,(200) 000-1027
(100) 000-1028,(200) 000-1028
(100) 000-1029,(200) 000-1029
(100) 000-1030,(200) 000-1030
(100) 000-1031,(200) 000-1031
(100) 000-1032,(200) 000-1032
(100) 000-1033,(200) 000-1033
(100) 000-1034,(200) 000-1034
(100) 000-1035,(200) 000-1035
(100) 000-1036,(200) 000-1036
(100) 000-1037,(200) 000-1037
(100) 000-1038,(200) 000-1038
(100) 000-1039,(200) 000-1039
(100) 000-1040,(200) 000-1040
(100) 000-1041,(200) 000-1041
(100) 000-1042,(200) 000-1042
(100) 000-1043,(200) 000-1043
(100) 000-1044,(200) 000-1044
(100) 000-1045,(200) 000-1045
(100) 000-1046,(200) 000-1046
(100) 000-1047,(200) 000-1047
(100) 000-1048,(200) 000-1048
(100) 000-1049,(200) 000-1049
(100) 000-1050,(200) 000-1050
(100) 000-1051,(200) 000-1051
(100) 000-1052,(200) 000-1052
(100) 000-1053,(200) 000-1053
(100) 000-1054,(200) 000-1054
(100) 000-1055,(200) 000-1055
(100) 000-1056,(200) 000-1056
(100) 000-1057,(200) 000-1057
(100) 000-1058,(200) 000-1058
(100) 000-1059,(200) 000-1059
(100) 000-1060,(200) 000-1060
(100) 000-1061,(200) 000-1061
(100) 000-1062,(200) 000-1062
(100) 000-1063,(200) 000-1063
(100) 000-1064,(200) 000-1064
(100) 000-1065,(200) 000-1065
(100) 000-1066,(200) 000-1066
(100) 000-1067,(200) 000-1067
(100) 000-1068,(200) 000-1068
(100) 000-1069,(200) 000-1069
(100) 000-1070,(200) 000-1070
(100) 000-1071,(200) 000-1071
(100) 000-1072,(200) 000-1072
(100) 000-1073,(200) 000-1073
(100) 000-1074,(200) 000-1074
(100) 000-1075,(200) 000-1075
(100) 000-1076,(200) 000-1076
(100) 000-1077,(200) 000-1077
(100) 000-1078,(200) 000-1078
(100) 000-1079,(200) 000-1079
(100) 000-1080,(200) 000-1080
(100) 000-1081,(200) 000-1081
(100) 000-1082,(200) 000-1082
(100) 000-1083,(200) 000-1083
(100) 000-1084,(200) 000-1084
(100) 000-1085,(200) 000-1085
(100) 000-1086,(200) 000-1086
(100) 000-1087,(200) 000-1087
(100) 000-1088,(200) 000-1088
(100) 000-1089,(200) 000-1089
(100) 000-1090,(200) 000-1090
(100) 000-1091,(200) 000-1091
(100) 000-1092,(200) 000-1092
(100) 000-1093,(200) 000-1093
(100) 000-1094,(200) 000-1094
(100) 000-1095,(200) 000-1095
(100) 000-1096,(200) 000-1096
(100) 000-1097,(200) 000-1097
(100) 000-1098,(200) 000-1098
(100) 000-1099,(200) 000-1099
(100) 000-1100,(200) 000-1100
(100) 000-1101,(200) 000-1101
(100) 000-1102,(200) 000-1102
(100) 000-1103,(200) 000-1103
(100) 000-1104,(200) 000-1104
(100) 000-1105,(200) 000-1105
(100) 000-1106,(200) 000-1106
(100) 000-1107,(200) 000-1107
(100) 000-1108,(200) 000-1108
(100) 000-1109,(200) 000-1109
(100) 000-1110,(200) 000-1110
(100) 000-1111,(200) 000-1111
(100) 000-1112,(200) 000-1112
(100) 000-1113,(200) 000-1113
(100) 000-1114,(200) 000-1114
(100) 000-1115,(200) 000-1115
(100) 000-1116,(200) 000-1116
(100) 000-1117,(200) 000-1117
(100) 000-1118,(200) 000-1118
(100) 000-1119,(200) 000-1119
(100) 000-1120,(200) 000-1120
(100) 000-1121,(200) 000-1121
(100) 000-1122,(200) 000-1122
(100) 000-1123,(200) 000-1123
(100) 000-1124,(200) 000-1124
(100) 000-1125,(200) 000-1125
(100) 000-1126,(200) 000-1126
(100) 000-1127,(200) 000-1127
(100) 000-1128,(200) 000-1128
(100) 000-1129,(200) 000-1129
(100) 000-1130,(200) 000-1130
(100) 000-1131,(200) 000-1131
(100) 000-1132,(200) 000-1132
(100) 000-1133,(200) 000-1133
(100) 000-1134,(200) 000-1134
(100) 000-1135,(200) 000-1135
(100) 000-1136,(200) 000-1136
(100) 000-1137,(200) 000-1137
(100) 000-1138,(200) 000-1138
(100) 000-1139,(200) 000-1139
(100) 000-1140,(200) 000-1140
(100) 000-1141,(200) 000-1141
(100) 000-1142,(200) 000-1142
(100) 000-1143,(200) 000-1143
(100) 000-1144,(200) 000-1144
(100) 000-1145,(200) 000-1145
(100) 000-1146,(200) 000-1146
(100) 000-1147,(200) 000-1147
(100) 000-1148,(200) 000-1148
(100) 000-1149,(200) 000-1149
(100) 000-1150,(200) 000-1150
(100) 000-1151,(200) 000-1151
(100) 000-1152,(200) 000-1152
(100) 000-1153,(200) 000-1153
(100) 000-1154,(200) 000-1154
(100) 000-1155,(200) 000-1155
(100) 000-1156,(200) 000-1156
(100) 000-1157,(200) 000-1157
(100) 000-1158,(200) 000-1158
(100) 000-1159,(200) 000-1159
(100) 000-1160,(200) 000-1160
(100) 000-1161,(200) 000-1161
(100) 000-1162,(200) 000-1162
(100) 000-1163,(200) 000-1163
(100) 000-1164,(200) 000-1164
(100) 000-1165,(200) 000-1165
(100) 000-1166,(200) 000-1166
(100) 000-1167,(200) 000-1167
(100) 000-1168,(200) 000-1168
(100) 000-1169,(200) 000-1169
(100) 000-1170,(200) 000-1170
(100) 000-1171,(200) 000-1171
(100) 000-1172,(200) 000-1172
(100) 000-1173,(200) 000-1173
(100) 000-1174,(200) 000-1174
(100) 000-1175,(200) 000-1175
(100) 000-1176,(200) 000-1176
(100) 000-1177,(200) 000-1177
(100) 000-1178,(200) 000-1178
(100) 000-1179,(200) 000-1179
(100) 000-1180,(200) 000-1180
(100) 000-1181,(200) 000-1181
(100) 000-1182,(200) 000-1182
(100) 000-1183,(200) 000-1183
(100) 000-1184,(200) 000-1184
(100) 000-1185,(200) 000-1185
(100) 000-1186,(200) 000-1186
(100) 000-1187,(200) 000-1187
(100) 000-1188,(200) 000-1188
(100) 000-1189,(200) 000-1189
(100) 000-1190,(200) 000-1190
(100) 000-1191,(200) 000-1191
(100) 000-1192,(200) 000-1192
(100) 000-1193,(200) 000-1193
(100) 000-1194,(200) 000-1194
(100) 000-1195,(200) 000-1195
(100) 000-1196,(200) 000-1196
(100) 000-1197,(200) 000-1197
(100) 000-1198,(200) 000-1198
(100) 000-1199,(200) 000-1199
(100) 000-1200,(200) 000-1200
(100) 000-1201,(200) 000-1201
(100) 000-1202,(200) 000-1202
(100) 000-1203,(200) 000-1203
(100) 000-1204,(200) 000-1204
(100) 000-1205,(200) 000-1205
(100) 000-1206,(200) 000-1206
(100) 000-1207,(200) 000-1207
(100) 000-1208,(200) 000-1208
(100) 000-1209,(200) 000-1209
(100) 000-1210,(200) 000-1210
(100) 000-1211,(200) 000-1211
(100) 000-1212,(200) 000-1212
(100) 000-1213,(200) 000-1213
(100) 000-1214,(200) 000-1214
(100) 000-1215,(200) 000-1215
(100) 000-1216,(200) 000-1216
(100) 000-1217,(200) 000-1217
(100) 000-1218,(200) 000-1218
(100) 000-1219,(200) 000-1219
(100) 000-1220,(200) 000-1220
(100) 000-1221,(200) 000-1221
(100) 000-1222,(200) 000-1222
(100) 000-1223,(200) 000-1223
(100) 000-1224,(200) 000-1224
(100) 000-1225,(200) 000-1225
(100) 000-1226,(200) 000-1226
(100) 000-1227,(200) 000-1227
(100) 000-1228,(200) 000-1228
(100) 000-1229,(200) 000-1229
(100) 000-1230,(200) 000-1230
(100) 000-1231,(200) 000-1231
(100) 000-1232,(200) 000-1232
(100) 000-1233,(200) 000-1233
(100) 000-1234,(200) 000-1234
(100) 000-1235,(200) 000-1235
(100) 000-1236,(200) 000-1236
(100) 000-1237,(200) 000-1237
(100) 000-1238,(200) 000-1238
(100) 000-1239,(200) 000-1239
(100) 000-1240,(200) 000-1240
(100) 000-1241,(200) 000-1241
(100) 000-1242,(200) 000-1242
(100) 000-1243,(200) 000-1243
(100) 000-1244,(200) 000-1244
(100) 000-1245,(200) 000-1245
(100) 000-1246,(200) 000-1246
(100) 000-1247,(200) 000-1247
(100) 000-1248,(200) 000-1248
(100) 000-1249,(200) 000-1249
(100) 000-1250,(200) 000-1250
(100) 000-1251,(200) 000-1251
(100) 000-1252,(200) 000-1252
(100) 000-1253,(200) 000-1253
(100) 000-1254,(200) 000-1254
(100) 000-1255,(200) 000-1255
(100) 000-1256,(200) 000-1256
(100) 000-1257,(200) 000-1257
(100) 000-1258,(200) 000-1258
(100) 000-1259,(200) 000-1259
(100) 000-1260,(200) 000-1260
(100) 000-1261,(200) 000-1261
(100) 000-1262,(200) 000-1262
(100) 000-1263,(200) 000-1263
(100) 000-1264,(200) 000-1264
(100) 000-1265,(200) 000-1265
(100) 000-1266,(200) 000-1266
(100) 000-1267,(200) 000-1267
(100) 000-1268,(200) 000-1268
(100) 000-1269,(200) 000-1269
(100) 000-1270,(200) 000-1270
(100) 000-1271,(200) 000-1271
(100) 000-1272,(200) 000-1272
(100) 000-1273,(200) 000-1273
(100) 000-1274,(200) 000-1274
(100) 000-1275,(200) 000-1275
(100) 000-1276,(200) 000-1276
(100) 000-1277,(200) 000-1277
(100) 000-1278,(200) 000-1278
(100) 000-1279,(200) 000-1279
(100) 000-1280,(200) 000-1280
(100) 000-1281,(200) 000-1281
(100) 000-1282,(200) 000-1282
(100) 000-1283,(200) 000-1283
(100) 000-1284,(200) 000-1284
(100) 000-1285,(200) 000-1285
(100) 000-1286,(200) 000-1286
(100) 000-1287,(200) 000-1287
(100) 000-1288,(200) 000-1288
(100) 000-1289,(200) 000-1289
(100) 000-1290,(200) 000-1290
(100) 000-1291,(200) 000-1291
(100) 000-1292,(200) 000-1292
(100) 000-1293,(200) 000-1293
(100) 000-1294,(200) 000-1294
(100) 000-1295,(200) 000-1295
(100) 000-1296,(200) 000-1296
(100) 000-1297,(200) 000-1297
(100) 000-1298,(200) 000-1298
(100) 000-1299,(200) 000-1299
(100) 000-1300,(200) 000-1300
(100) 000-1301,(200) 000-1301
(100) 000-1302,(200) 000-1302
(100) 000-1303,(200) 000-1303
(100) 000-1304,(200) 000-1304
(100) 000-1305,(200) 000-1305
(100) 000-1306,(200) 000-1306
(100) 000-1307,(200) 000-1307
(100) 000-1308,(200) 000-1308
(100) 000-1309,(200) 000-1309
(100) 000-1310,(200) 000-1310
(100) 000-1311,(200) 000-1311
(100) 000-1312,(200) 000-1312
(100) 000-1313,(200) 000-1313
(100) 000-1314,(200) 000-1314
(100) 000-1315,(200) 000-1315
(100) 000-1316,(200) 000-1316
(100) 000-1317,(200) 000-1317
(100) 000-1318,(200) 000-1318
(100) 000-1319,(200) 000-1319
(100) 000-1320,(200) 000-1320
(100) 000-1321,(200) 000-1321
(100) 000-1322,(200) 000-1322
(100) 000-1323,(200) 000-1323
(100) 000-1324,(200) 000-1324
(100) 000-1325,(200) 000-1325
(100) 000-1326,(200) 000-1326
(100) 000-1327,(200) 000-1327
(100) 000-1328,(200) 000-1328
(100) 000-1329,(200) 000-1329
(100) 000-1330,(200) 000-1330
(100) 000-1331,(200) 000-1331
(100) 000-1332,(200) 000-1332
(100) 000-1333,(200) 000-1333
(100) 000-1334,(200) 000-1334
(100) 000-1335,(200) 000-1335
(100) 000-1336,(200) 000-1336
(100) 000-1337,(200) 000-1337
(100) 000-1338,(200) 000-1338
(100) 000-1339,(200) 000-1339
(100) 000-1340,(200) 000-1340
(100) 000-1341,(200) 000-1341
(100) 000-1342,(200) 000-1342
(100) 000-1343,(200) 000-1343
(100) 000-1344,(200) 000-1344
(100) 000-1345,(200) 000-1345
(100) 000-1346,(200) 000-1346
(100) 000-1347,(200) 000-1347
(100) 000-1348,(200) 000-1348
(100) 000-1349,(200) 000-1349
(100) 000-1350,(200) 000-1350
(100) 000-1351,(200) 000-1351
(100) 000-1352,(200) 000-1352
(100) 000-1353,(200) 000-1353
(100) 000-1354,(200) 000-1354
(100) 000-1355,(200) 000-1355
(100) 000-1356,(200) 000-1356
(100) 000-1357,(200) 000-1357
(100) 000-1358,(200) 000-1358
(100) 000-1359,(200) 000-1359
(100) 000-1360,(200) 000-1360
(100) 000-1361,(200) 000-1361
(100) 000-1362,(200) 000-1362
(100) 000-1363,(200) 000-1363
(100) 000-1364,(200) 000-1364
(100) 000-1365,(200) 000-1365
(100) 000-1366,(200) 000-1366
(100) 000-1367,(200) 000-1367
(100) 000-1368,(200) 000-1368
(100) 000-1369,(200) 000-1369
(100) 000-1370,(200) 000-1370
(100) 000-1371,(200) 000-1371
(100) 000-1372,(200) 000-1372
(100) 000-1373,(200) 000-1373
(100) 000-1374,(200) 000-1374
(100) 000-1375,(200) 000-1375
(100) 000-1376,(200) 000-1376
(100) 000-1377,(200) 000-1377
(100) 000-1378,(200) 000-1378
(100) 000-1379,(200) 000-1379
(100) 000-1380,(200) 000-1380
(100) 000-1381,(200) 000-1381
(100) 000-1382,(200) 000-1382
(100) 000-1383,(200) 000-1383
(100) 000-1384,(200) 000-1384
(100) 000-1385,(200) 000-1385
(100) 000-1386,(200) 000-1386
(100) 000-1387,(200) 000-1387
(100) 000-1388,(200) 000-1388
(100) 000-1389,(200) 000-1389
(100) 000-1390,(200) 000-1390
(100) 000-1391,(200) 000-1391
(100) 000-1392,(200) 000-1392
(100) 000-1393,(200) 000-1393
(100) 000-1394,(200) 000-1394
(100) 000-1395,(200) 000-1395
(100) 000-1396,(200) 000-1396
(100) 000-1397,(200) 000-1397
(100) 000-1398,(200) 000-1398
(100) 000-1399,(200) 000-1399
(100) 000-1400,(200) 000-1400
(100) 000-1401,(200) 000-1401
(100) 000-1402,(200) 000-1402
(100) 000-1403,(200) 000-1403
(100) 000-1404,(200) 000-1404
(100) 000-1405,(200) 000-1405
(100) 000-1406,(200) 000-1406
(100) 000-1407,(200) 000-1407
(100) 000-1408,(200) 000-1408
(100) 000-1409,(200) 000-1409
(100) 000-1410,(200) 000-1410
(100) 000-1411,(200) 000-1411
(100) 000-1412,(200) 000-1412
(100) 000-1413,(200) 000-1413
(100) 000-1414,(200) 000-1414
(100) 000-1415,(200) 000-1415
(100) 000-1416,(200) 000-1416
(100) 000-1417,(200) 000-1417
(100) 000-1418,(200) 000-1418
(100) 000-1419,(200) 000-1419
(100) 000-1420,(200) 000-1420
(100) 000-1421,(200) 000-1421
(100) 000-1422,(200) 000-1422
(100) 000-1423,(200) 000-1423
(100) 000-1424,(200) 000-1424
(100) 000-1425,(200) 000-1425
(100) 000-1426,(200) 000-1426
(100) 000-1427,(200) 000-1427
(100) 000-1428,(200) 000-1428
(100) 000-1429,(200) 000-1429
(100) 000-1430,(200) 000-1430
(100) 000-1431,(200) 000-1431
(100) 000-1432,(200) 000-1432
(100) 000-1433,(200) 000-1433
(100) 000-1434,(200) 000-1434
(100) 000-1435,(200) 000-1435
(100) 000-1436,(200) 000-1436
(100) 000-1437,(200) 000-1437
(100) 000-1438,(200) 000-1438
(100) 000-1439,(200) 000-1439
(100) 000-1440,(200) 000-1440
(100) 000-1441,(200) 000-1441
(100) 000-1442,(200) 000-1442
(100) 000-1443,(200) 000-1443
(100) 000-1444,(200) 000-1444
(100) 000-1445,(200) 000-1445
(100) 000-1446,(200) 000-1446
(100) 000-1447,(200) 000-1447
(100) 000-1448,(200) 000-1448
(100) 000-1449,(200) 000-1449
(100) 000-1450,(200) 000-1450
(100) 000-1451,(200) 000-1451
(100) 000-1452,(200) 000-1452
(100) 000-1453,(200) 000-1453
(100) 000-1454,(200) 000-1454
(100) 000-1455,(200) 000-1455
(100) 000-1456,(200) 000-1456
(100) 000-1457,(200) 000-1457
(100) 000-1458,(200) 000-1458
(100) 000-1459,(200) 000-1459
(100) 000-1460,(200) 000-1460
(100) 000-1461,(200) 000-1461
(100) 000-1462,(200) 000-1462
(100) 000-1463,(200) 000-1463
(100) 000-1464,(200) 000-1464
(100) 000-1465,(200) 000-1465
(100) 000-1466,(200) 000-1466
(100) 000-1467,(200) 000-1467
(100) 000-1468,(200) 000-1468
(100) 000-1469,(200) 000-1469
(100) 000-1470,(200) 000-1470
(100) 000-1471,(200) 000-1471
(100) 000-1472,(200) 000-1472
(100) 000-1473,(200) 000-1473
(100) 000-1474,(200) 000-1474
(100) 000-1475,(200) 000-1475
(100) 000-1476,(200) 000-1476
(100) 000-1477,(200) 000-1477
(100) 000-1478,(200) 000-1478
(100) 000-1479,(200) 000-1479
(100) 000-1480,(200) 000-1480
(100) 000-1481,(200) 000-1481
(100) 000-1482,(200) 000-1482
(100) 000-1483,(200) 000-1483
(100) 000-1484,(200) 000-1484
(100) 000-1485,(200) 000-1485
(100) 000-1486,(200) 000-1486
(100) 000-1487,(200) 000-1487
(100) 000-1488,(200) 000-1488
(100) 000-1489,(200) 000-1489
(100) 000-1490,(200) 000-1490
(100) 000-1491,(200) 000-1491
(100) 000-1492,(200) 000-1492
(100) 000-1493,(200) 000-1493
(100) 000-1494,(200) 000-1494
(100) 000-1495,(200) 000-1495
(100) 000-1496,(200) 000-1496
(100) 000-1497,(200) 000-1497
(100) 000-1498,(200) 000-1498
(100) 000-1499,(200) 000-1499
(100) 000-1500,(200) 000-1500
(100) 000-1501,(200) 000-1501
(100) 000-1502,(200) 000-1502
(100) 000-1503,(200) 000-1503
(100) 000-1504,(200) 000-1504
(100) 000-1505,(200) 000-1505
(100) 000-1506,(200) 000-1506
(100) 000-1507,(200) 000-1507
(100) 000-1508,(200) 000-1508
(100) 000-1509,(200) 000-1509
(100) 000-1510,(200) 000-1510
(100) 000-1511,(200) 000-1511
(100) 000-1512,(200) 000-1512
(100) 000-1513,(200) 000-1513
(100) 000-1514,(200) 000-1514
(100) 000-1515,(200) 000-1515
(100) 000-1516,(200) 000-1516
(100) 000-1517,(200) 000-1517
(100) 000-1518,(200) 000-1518
(100) 000-1519,(200) 000-1519
(100) 000-1520,(200) 000-1520
(100) 000-1521,(200) 000-1521
(100) 000-1522,(200) 000-1522
(100) 000-1523,(200) 000-1523
(100) 000-1524,(200) 000-1524
(100) 000-1525,(200) 000-1525
(100) 000-1526,(200) 000-1526
(100) 000-1527,(200) 000-1527
(100) 000-1528,(200) 000-1528
(100) 000-1529,(200) 000-1529
(100) 000-1530,(200) 000-1530
(100) 000-1531,(200) 000-1531
(100) 000-1532,(200) 000-1532
(100) 000-1533,(200) 000-1533
(100) 000-1534,(200) 000-1534
(100) 000-1535,(200) 000-1535
(100) 000-1536,(200) 000-1536
(100) 000-1537,(200) 000-1537
(100) 000-1538,(200) 000-1538
(100) 000-1539,(200) 000-1539
(100) 000-1540,(200) 000-1540
(100) 000-1541,(200) 000-1541
(100) 000-1542,(200) 000-1542
(100) 000-1543,(200) 000-1543
(100) 000-1544,(200) 000-1544
(100) 000-1545,(200) 000-1545
(100) 000-1546,(200) 000-1546
(100) 000-1547,(200) 000-1547
(100) 000-1548,(200) 000-1548
(100) 000-1549,(200) 000-1549
(100) 000-1550,(200) 000-1550
(100) 000-1551,(200) 000-1551
(100) 000-1552,(200) 000-1552
(100) 000-1553,(200) 000-1553
(100) 000-1554,(200) 000-1554
(100) 000-1555,(200) 000-1555
(100) 000-1556,(200) 000-1556
(100) 000-1557,(200) 000-1557
(100) 000-1558,(200) 000-1558
(100) 000-1559,(200) 000-1559
(100) 000-1560,(200) 000-1560
(100) 000-1561,(200) 000-1561
(100) 000-1562,(200) 000-1562
(100) 000-1563,(200) 000-1563
(100) 000-1564,(200) 000-1564
(100) 000-1565,(200) 000-1565
(100) 000-1566,(200) 000-1566
(100) 000-1567,(200) 000-1567
(100) 000-1568,(200) 000-1568
(100) 000-1569,(200) 000-1569
(100) 000-1570,(200) 000-1570
(100) 000-1571,(200) 000-1571
(100) 000-1572,(200) 000-1572
(100) 000-1573,(200) 000-1573
(100) 000-1574,(200) 000-1574
(100) 000-1575,(200) 000-1575
(100) 000-1576,(200) 000-1576
(100) 000-1577,(200) 000-1577
(100) 000-1578,(200) 000-1578
(100) 000-1579,(200) 000-1579
(100) 000-1580,(200) 000-1580
(100) 000-1581,(200) 000-1581
(100) 000-1582,(200) 000-1582
(100) 000-1583,(200) 000-1583
(100) 000-1584,(200) 000-1584
(100) 000-1585,(200) 000-1585
(100) 000-1586,(200) 000-1586
(100) 000-1587,(200) 000-1587
(100) 000-1588,(200) 000-1588
(100) 000-1589,(200) 000-1589
(100) 000-1590,(200) 000-1590
(100) 000-1591,(200) 000-1591
(100) 000-1592,(200) 000-1592
(100) 000-1593,(200) 000-1593
(100) 000-1594,(200) 000-1594
(100) 000-1595,(200) 000-1595
(100) 000-1596,(200) 000-1596
(100) 000-1597,(200) 000-1597
(100) 000-1598,(200) 000-1598
(100) 000-1599,(200) 000-1599
(100) 000-1600,(200) 000-1600
(100) 000-1601,(200) 000-1601
(100) 000-1602,(200) 000-1602
(100) 000-1603,(200) 000-1603
(100) 000-1604,(200) 000-1604
(100) 000-1605,(200) 000-1605
(100) 000-1606,(200) 000-1606
(100) 000-1607,(200) 000-1607
(100) 000-1608,(200) 000-1608
(100) 000-1609,(200) 000-1609
(100) 000-1610,(200) 000-1610
(100) 000-1611,(200) 000-1611
(100) 000-1612,(200) 000-1612
(100) 000-1613,(200) 000-1613
(100) 000-1614,(200) 000-1614
(100) 000-1615,(200) 000-1615
(100) 000-1616,(200) 000-1616
(100) 000-1617,(200) 000-1617
(100) 000-1618,(200) 000-1618
(100) 000-1619,(200) 000-1619
(100) 000-1620,(200) 000-1620
(100) 000-1621,(200) 000-1621
(100) 000-1622,(200) 000-1622
(100) 000-1623,(200) 000-1623
(100) 000-1624,(200) 000-1624
(100) 000-1625,(200) 000-1625
(100) 000-1626,(200) 000-1626
(100) 000-1627,(200) 000-1627
(100) 000-1628,(200) 000-1628
(100) 000-1629,(200) 000-1629
(100) 000-1630,(200) 000-1630
(100) 000-1631,(200) 000-1631
(100) 000-1632,(200) 000-1632
(100) 000-1633,(200) 000-1633
(100) 000-1634,(200) 000-1634
(100) 000-1635,(200) 000-1635
(100) 000-1636,(200) 000-1636
(100) 000-1637,(200) 000-1637
(100) 000-1638,(200) 000-1638
(100) 000-1639,(200) 000-1639
(100) 000-1640,(200) 000-1640
(100) 000-1641,(200) 000-1641
(100) 000-1642,(200) 000-1642
(100) 000-1643,(200) 000-1643
(100) 000-1644,(200) 000-1644
(100) 000-1645,(200) 000-1645
(100) 000-1646,(200) 000-1646
(100) 000-1647,(200) 000-1647
(100) 000-1648,(200) 000-1648
(100) 000-1649,(200) 000-1649
(100) 000-1650,(200) 000-1650
(100) 000-1651,(200) 000-1651
(100) 000-1652,(200) 000-1652
(100) 000-1653,(200) 000-1653
(100) 000-1654,(200) 000-1654
(100) 000-1655,(200) 000-1655
(100) 000-1656,(200) 000-1656
(100) 000-1657,(200) 000-1657
(100) 000-1658,(200) 000-1658
(100) 000-1659,(200) 000-1659
(100) 000-1660,(200) 000-1660
(100) 000-1661,(200) 000-1661
(100) 000-1662,(200) 000-1662
(100) 000-1663,(200) 000-1663
(100) 000-1664,(200) 000-1664
(100) 000-1665,(200) 000-1665
(100) 000-1666,(200) 000-1666
(100) 000-1667,(200) 000-1667
(100) 000-1668,(200) 000-1668
(100) 000-1669,(200) 000-1669
(100) 000-1670,(200) 000-1670
(100) 000-1671,(200) 000-1671
(100) 000-1672,(200) 000-1672
(100) 000-1673,(200) 000-1673
(100) 000-1674,(200) 000-1674
(100) 000-1675,(200) 000-1675
(100) 000-1676,(200) 000-1676
(100) 000-1677,(200) 000-1677
(100) 000-1678,(200) 000-1678
(100) 000-1679,(200) 000-1679
(100) 000-1680,(200) 000-1680
(100) 000-1681,(200) 000-1681
(100) 000-1682,(200) 000-1682
(100) 000-1683,(200) 000-1683
(100) 000-1684,(200) 000-1684
(100) 000-1685,(200) 000-1685
(100) 000-1686,(200) 000-1686
(100) 000-1687,(200) 000-1687
(100) 000-1688,(200) 000-1688
(100) 000-1689,(200) 000-1689
(100) 000-1690,(200) 000-1690
(100) 000-1691,(200) 000-1691
(100) 000-1692,(200) 000-1692
(100) 000-1693,(200) 000-1693
(100) 000-1694,(200) 000-1694
(100) 000-1695,(200) 000-1695
(100) 000-1696,(200) 000-1696
(100) 000-1697,(200) 000-1697
(100) 000-1698,(200) 000-1698
(100) 000-1699,(200) 000-1699
(100) 000-1700,(200) 000-1700
(100) 000-1701,(200) 000-1701
(100) 000-1702,(200) 000-1702
(100) 000-1703,(200) 000-1703
(100) 000-1704,(200) 000-1704
(100) 000-1705,(200) 000-1705
(100) 000-1706,(200) 000-1706
(100) 000-1707,(200) 000-1707
(100) 000-1708,(200) 000-1708
(100) 000-1709,(200) 000-1709
(100) 000-1710,(200) 000-1710
(100) 000-1711,(200) 000-1711
(100) 000-1712,(200) 000-1712
(100) 000-1713,(200) 000-1713
(100) 000-1714,(200) 000-1714
(100) 000-1715,(200) 000-1715
(100) 000-1716,(200) 000-1716
(100) 000-1717,(200) 000-1717
(100) 000-1718,(200) 000-1718
(100) 000-1719,(200) 000-1719
(100) 000-1720,(200) 000-1720
(100) 000-1721,(200) 000-1721
(100) 000-1722,(200) 000-1722
(100) 000-1723,(200) 000-1723
(100) 000-1724,(200) 000-1724
(100) 000-1725,(200) 000-1725
(100) 000-1726,(200) 000-1726
(100) 000-1727,(200) 000-1727
(100) 000-1728,(200) 000-1728
(100) 000-1729,(200) 000-1729
(100) 000-1730,(200) 000-1730
(100) 000-1731,(200) 000-1731
(100) 000-1732,(200) 000-1732
(100) 000-1733,(200) 000-1733
(100) 000-1734,(200) 000-1734
(100) 000-1735,(200) 000-1735
(100) 000-1736,(200) 000-1736
(100) 000-1737,(200) 000-1737
(100) 000-1738,(200) 000-1738
(100) 000-1739,(200) 000-1739
(100) 000-1740,(200) 000-1740
(100) 000-1741,(200) 000-1741
(100) 000-1742,(200) 000-1742
(100) 000-1743,(200) 000-1743
(100) 000-1744,(200) 000-1744
(100) 000-1745,(200) 000-1745
(100) 000-1746,(200) 000-1746
(100) 000-1747,(200) 000-1747
(100) 000-1748,(200) 000-1748
(100) 000-1749,(200) 000-1749
(100) 000-1750,(200) 000-1750
(100) 000-1751,(200) 000-1751
(100) 000-1752,(200) 000-1752
(100) 000-1753,(200) 000-1753
(100) 000-1754,(200) 000-1754
(100) 000-1755,(200) 000-1755
(100) 000-1756,(200) 000-1756
(100) 000-1757,(200) 000-1757
(100) 000-1758,(200) 000-1758
(100) 000-1759,(200) 000-1759
(100) 000-1760,(200) 000-1760
(100) 000-1761,(200) 000-1761
(100) 000-1762,(200) 000-1762
(100) 000-1763,(200) 000-1763
(100) 000-1764,(200) 000-1764
(100) 000-1765,(200) 000-1765
(100) 000-1766,(200) 000-1766
(100) 000-1767,(200) 000-1767
(100) 000-1768,(200) 000-1768
(100) 000-1769,(200) 000-1769
(100) 000-1770,(200) 000-1770
(100) 000-1771,(200) 000-1771
(100) 000-1772,(200) 000-1772
(100) 000-1773,(200) 000-1773
(100) 000-1774,(200) 000-1774
(100) 000-1775,(200) 000-1775
(100) 000-1776,(200) 000-1776
(100) 000-1777,(200) 000-1777
(100) 000-1778,(200) 000-1778
(100) 000-1779,(200) 000-1779
(100) 000-1780,(200) 000-1780
(100) 000-1781,(200) 000-1781
(100) 000-1782,(200) 000-1782
(100) 000-1783,(200) 000-1783
(100) 000-1784,(200) 000-1784
(100) 000-1785,(200) 000-1785
(100) 000-1786,(200) 000-1786
(100) 000-1787,(200) 000-1787
(100) 000-1788,(200) 000-1788
(100) 000-1789,(200) 000-1789
(100) 000-1790,(200) 000-1790
(100) 000-1791,(200) 000-1791
(100) 000-1792,(200) 000-1792
(100) 000-1793,(200) 000-1793
(100) 000-1794,(200) 000-1794
(100) 000-1795,(200) 000-1795
(100) 000-1796,(200) 000-1796
(100) 000-1797,(200) 000-1797
(100) 000-1798,(200) 000-1798
(100) 000-1799,(200) 000-1799
(100) 000-1800,(200) 000-1800
(100) 000-1801,(200) 000-1801
(100) 000-1802,(200) 000-1802
(100) 000-1803,(200) 000-1803
(100) 000-1804,(200) 000-1804
(100) 000-1805,(200) 000-1805
(100) 000-1806,(200) 000-1806
(100) 000-1807,(200) 000-1807
(100) 000-1808,(200) 000-1808
(100) 000-1809,(200) 000-1809
(100) 000-1810,(200) 000-1810
(100) 000-1811,(200) 000-1811
(100) 000-1812,(200) 000-1812
(100) 000-1813,(200) 000-1813
(100) 000-1814,(200) 000-1814
(100) 000-1815,(200) 000-1815
(100) 000-1816,(200) 000-1816
(100) 000-1817,(200) 000-1817
(100) 000-1818,(200) 000-1818
(100) 000-1819,(200) 000-1819
(100) 000-1820,(200) 000-1820
(100) 000-1821,(200) 000-1821
(100) 000-1822,(200) 000-1822
(100) 000-1823,(200) 000-1823
(100) 000-1824,(200) 000-1824
(100) 000-1825,(200) 000-1825
(100) 000-1826,(200) 000-1826
(100) 000-1827,(200) 000-1827
(100) 000-1828,(200) 000-1828
(100) 000-1829,(200) 000-1829
(100) 000-1830,(200) 000-1830
(100) 000-1831,(200) 000-1831
(100) 000-1832,(200) 000-1832
(100) 000-1833,(200) 000-1833
(100) 000-1834,(200) 000-1834
(100) 000-1835,(200) 000-1835
(100) 000-1836,(200) 000-1836
(100) 000-1837,(200) 000-1837
(100) 000-1838,(200) 000-1838
(100) 000-1839,(200) 000-1839
(100) 000-1840,(200) 000-1840
(100) 000-1841,(200) 000-1841
(100) 000-1842,(200) 000-1842
(100) 000-1843,(200) 000-1843
(100) 000-1844,(200) 000-1844
(100) 000-1845,(200) 000-1845
(100) 000-1846,(200) 000-1846
(100) 000-1847,(200) 000-1847
(100) 000-1848,(200) 000-1848
(100) 000-1849,(200) 000-1849
(100) 000-1850,(200) 000-1850
(100) 000-1851,(200) 000-1851
(100) 000-1852,(200) 000-1852
(100) 000-1853,(200) 000-1853
(100) 000-1854,(200) 000-1854
(100) 000-1855,(200) 000-1855
(100) 000-1856,(200) 000-1856
(100) 000-1857,(200) 000-1857
(100) 000-1858,(200) 000-1858
(100) 000-1859,(200) 000-1859
(100) 000-1860,(200) 000-1860
(100) 000-1861,(200) 000-1861
(100) 000-1862,(200) 000-1862
(100) 000-1863,(200) 000-1863
(100) 000-1864,(200) 000-1864
(100) 000-1865,(200) 000-1865
(100) 000-1866,(200) 000-1866
(100) 000-1867,(200) 000-1867
(100) 000-1868,(200) 000-1868
(100) 000-1869,(200) 000-1869
(100) 000-1870,(200) 000-1870
(100) 000-1871,(200) 000-1871
(100) 000-1872,(200) 000-1872
(100) 000-1873,(200) 000-1873
(100) 000-1874,(200) 000-1874
(100) 000-1875,(200) 000-1875
(100) 000-1876,(200) 000-1876
(100) 000-1877,(200) 000-1877
(100) 000-1878,(200) 000-1878
(100) 000-1879,(200) 000-1879
(100) 000-1880,(200) 000-1880
(100) 000-1881,(200) 000-1881
(100) 000-1882,(200) 000-1882
(100) 000-1883,(200) 000-1883
(100) 000-1884,(200) 000-1884
(100) 000-1885,(200) 000-1885
(100) 000-1886,(200) 000-1886
(100) 000-1887,(200) 000-1887
(100) 000-1888,(200) 000-1888
(100) 000-1889,(200) 000-1889
(100) 000-1890,(200) 000-1890
(100) 000-1891,(200) 000-1891
(100) 000-1892,(200) 000-1892
(100) 000-1893,(200) 000-1893
(100) 000-1894,(200) 000-1894
(100) 000-1895,(200) 000-1895
(100) 000-1896,(200) 000-1896
(100) 000-1897,(200) 000-1897
(100) 000-1898,(200) 000-1898
(100) 000-1899,(200) 000-1899
(100) 000-1900,(200) 000-1900
(100) 000-1901,(200) 000-1901
(100) 000-1902,(200) 000-1902
(100) 000-1903,(200) 000-1903
(100) 000-1904,(200) 000-1904
(100) 000-1905,(200) 000-1905
(100) 000-1906,(200) 000-1906
(100) 000-1907,(200) 000-1907
(100) 000-1908,(200) 000-1908
(100) 000-1909,(200) 000-1909
(100) 000-1910,(200) 000-1910
(100) 000-1911,(200) 000-1911
(100) 000-1912,(200) 000-1912
(100) 000-1913,(200) 000-1913
(100) 000-1914,(200) 000-1914
(100) 000-1915,(200) 000-1915
(100) 000-1916,(200) 000-1916
(100) 000-1917,(200) 000-1917
(100) 000-1918,(200) 000-1918
(100) 000-1919,(200) 000-1919
(100) 000-1920,(200) 000-1920
(100) 000-1921,(200) 000-1921
(100) 000-1922,(200) 000-1922
(100) 000-1923,(200) 000-1923
(100) 000-1924,(200) 000-1924
(100) 000-1925,(200) 000-1925
(100) 000-1926,(200) 000-1926
(100) 000-1927,(200) 000-1927
(100) 000-1928,(200) 000-1928
(100) 000-1929,(200) 000-1929
(100) 000-1930,(200) 000-1930
(100) 000-1931,(200) 000-1931
(100) 000-1932,(200) 000-1932
(100) 000-1933,(200) 000-1933
(100) 000-1934,(200) 000-1934
(100) 000-1935,(200) 000-1935
(100) 000-1936,(200) 000-1936
(100) 000-1937,(200) 000-1937
(100) 000-1938,(200) 000-1938
(100) 000-1939,(200) 000-1939
(100) 000-1940,(200) 000-1940
(100) 000-1941,(200) 000-1941
(100) 000-1942,(200) 000-1942
(100) 000-1943,(200) 000-1943
(100) 000-1944,(200) 000-1944
(100) 000-1945,(200) 000-1945
(100) 000-1946,(200) 000-1946
(100) 000-1947,(200) 000-1947
(100) 000-1948,(200) 000-1948
(100) 000-1949,(200) 000-1949
(100) 000-1950,(200) 000-1950
(100) 000-1951,(200) 000-1951
(100) 000-1952,(200) 000-1952
(100) 000-1953,(200) 000-1953
(100) 000-1954,(200) 000-1954
(100) 000-1955,(200) 000-1955
(100) 000-1956,(200) 000-1956
(100) 000-1957,(200) 000-1957
(100) 000-1958,(200) 000-1958
(100) 000-1959,(200) 000-1959
(100) 000-1960,(200) 000-1960
(100) 000-1961,(200) 000-1961
(100) 000-1962,(200) 000-1962
(100) 000-1963,(200) 000-1963
(100) 000-1964,(200) 000-1964
(100) 000-1965,(200) 000-1965
(100) 000-1966,(200) 000-1966
(100) 000-1967,(200) 000-1967
(100) 000-1968,(200) 000-1968
(100) 000-1969,(200) 000-1969
(100) 000-1970,(200) 000-1970
(100) 000-1971,(200) 000-1971
(100) 000-1972,(200) 000-1972
(100) 000-1973,(200) 000-1973
(100) 000-1974,(200) 000-1974
(100) 000-1975,(200) 000-1975
(100) 000-1976,(200) 000-1976
(100) 000-1977,(200) 000-1977
(100) 000-1978,(200) 000-1978
(100) 000-1979,(200) 000-1979
(100) 000-1980,(200) 000-1980
(100) 000-1981,(200) 000-1981
(100) 000-1982,(200) 000-1982
(100) 000-1983,(200) 000-1983
(100) 000-1984,(200) 000-1984
(100) 000-1985,(200) 000-1985
(100) 000-1986,(200) 000-1986
(100) 000-1987,(200) 000-1987
(100) 000-1988,(200) 000-1988
(100) 000-1989,(200) 000-1989
(100) 000-1990,(200) 000-1990
(100) 000-1991,(200) 000-1991
(100) 000-1992,(200) 000-1992
(100) 000-1993,(200) 000-1993
(100) 000-1994,(200) 000-1994
(100) 000-1995,(200) 000-1995
(100) 000-1996,(200) 000-1996
(100) 000-1997,(200) 000-1997
(100) 000-1998,(200) 000-1998
(100) 000-1999,(200) 000-1999
(100) 000-2000,(200) 000-2000
(100) 000-2001,(200) 000-2001
(100) 000-2002,(200) 000-2002
(100) 000-2003,(200) 000-2003
(100) 000-2004,(200) 000-2004
(100) 000-2005,(200) 000-2005
(100) 000-2006,(200) 000-2006
(100) 000-2007,(200) 000-2007
(100) 000-2008,(200) 000-2008
(100) 000-2009,(200) 000-2009
(100) 000-2010,(200) 000-2010
(100) 000-2011,(200) 000-2011
(100) 000-2012,(200) 000-2012
(100) 000-2013,(200) 000-2013
(100) 000-2014,(200) 000-2014
(100) 000-2015,(200) 000-2015
(100) 000-2016,(200) 000-2016
(100) 000-2017,(200) 000-2017
(100) 000-2018,(200) 000-2018
(100) 000-2019,(200) 000-2019
(100) 000-2020,(200) 000-2020
(100) 000-2021,(200) 000-2021
(100) 000-2022,(200) 000-2022
(100) 000-2023,(200) 000-2023
(100) 000-2024,(200) 000-2024
(100) 000-2025,(200) 000-2025
(100) 000-2026,(200) 000-2026
(100) 000-2027,(200) 000-2027
(100) 000-2028,(200) 000-2028
(100) 000-2029,(200) 000-2029
(100) 000-2030,(200) 000-2030
(100) 000-2031,(200) 000-2031
(100) 000-2032,(200) 000-2032
(100) 000-2033,(200) 000-2033
(100) 000-2034,(200) 000-2034
(100) 000-2035,(200) 000-2035
(100) 000-2036,(200) 000-2036
(100) 000-2037,(200) 000-2037
(100) 000-2038,(200) 000-2038
(100) 000-2039,(200) 000-2039
(100) 000-2040,(200) 000-2040
(100) 000-2041,(200) 000-2041
(100) 000-2042,(200) 000-2042
(100) 000-2043,(200) 000-2043
(100) 000-2044,(200) 000-2044
(100) 000-2045,(200) 000-2045
(100) 000-2046,(200) 000-2046
(100) 000-2047,(200) 000-2047
(100) 000-2048,(200) 000-2048
(100) 000-2049,(200) 000-2049
(100) 000-2050,(200) 000-2050
(100) 000-2051,(200) 000-2051
(100) 000-2052,(200) 000-2052
(100) 000-2053,(200) 000-2053
(100) 000-2054,(200) 000-2054
(100) 000-2055,(200) 000-2055
(100) 000-2056,(200) 000-2056
(100) 000-2057,(200) 000-2057
(100) 000-2058,(200) 000-2058
(100) 000-2059,(200) 000-2059
(100) 000-2060,(200) 000-2060
(100) 000-2061,(200) 000-2061
(100) 000-2062,(200) 000-2062
(100) 000-2063,(200) 000-2063
(100) 000-2064,(200) 000-2064
(100) 000-2065,(200) 000-2065
(100) 000-2066,(200) 000-2066
(100) 000-2067,(200) 000-2067
(100) 000-2068,(200) 000-2068
(100) 000-2069,(200) 000-2069
(100) 000-2070,(200) 000-2070
(100) 000-2071,(200) 000-2071
(100) 000-2072,(200) 000-2072
(100) 000-2073,(200) 000-2073
(100) 000-2074,(200) 000-2074
(100) 000-2075,(200) 000-2075
(100) 000-2076,(200) 000-2076
(100) 000-2077,(200) 000-2077
(100) 000-2078,(200) 000-2078
(100) 000-2079,(200) 000-2079
(100) 000-2080,(200) 000-2080
(100) 000-2081,(200) 000-2081
(100) 000-2082,(200) 000-2082
(100) 000-2083,(200) 000-2083
(100) 000-2084,(200) 000-2084
(100) 000-2085,(200) 000-2085
(100) 000-2086,(200) 000-2086
(100) 000-2087,(200) 000-2087
(100) 000-2088,(200) 000-2088
(100) 000-2089,(200) 000-2089
(100) 000-2090,(200) 000-2090
(100) 000-2091,(200) 000-2091
(100) 000-2092,(200) 000-2092
(100) 000-2093,(200) 000-2093
(100) 000-2094,(200) 000-2094
(100) 000-2095,(200) 000-2095
(100) 000-2096,(200) 000-2096
(100) 000-2097,(200) 000-2097
(100) 000-2098,(200) 000-2098
(100) 000-2099,(200) 000-2099
(100) 000-2100,(200) 000-2100
(100) 000-2101,(200) 000-2101
(100) 000-2102,(200) 000-2102
(100) 000-2103,(200) 000-2103
(100) 000-2104,(200) 000-2104
(100) 000-2105,(200) 000-2105
(100) 000-2106,(200) 000-2106
(100) 000-2107,(200) 000-2107
(100) 000-2108,(200) 000-2108
(100) 000-2109,(200) 000-2109
(100) 000-2110,(200) 000-2110
(100) 000-2111,(200) 000-2111
(100) 000-2112,(200) 000-2112
(100) 000-2113,(200) 000-2113
(100) 000-2114,(200) 000-2114
(100) 000-2115,(200) 000-2115
(100) 000-2116,(200) 000-2116
(100) 000-2117,(200) 000-2117
(100) 000-2118,(200) 000-2118
(100) 000-2119,(200) 000-2119
(100) 000-2120,(200) 000-2120
(100) 000-2121,(200) 000-2121
(100) 000-2122,(200) 000-2122
(100) 000-2123,(200) 000-2123
(100) 000-2124,(200) 000-2124
(100) 000-2125,(200) 000-2125
(100) 000-2126,(200) 000-2126
(100) 000-2127,(200) 000-2127
(100) 000-2128,(200) 000-2128
(100) 000-2129,(200) 000-2129
(100) 000-2130,(200) 000-2130
(100) 000-2131,(200) 000-2131
(100) 000-2132,(200) 000-2132
(100) 000-2133,(200) 000-2133
(100) 000-2134,(200) 000-2134
(100) 000-2135,(200) 000-2135
(100) 000-2136,(200) 000-2136
(100) 000-2137,(200) 000-2137
(100) 000-2138,(200) 000-2138
(100) 000-2139,(200) 000-2139
(100) 000-2140,(200) 000-2140
(100) 000-2141,(200) 000-2141
(100) 000-2142,(200) 000-2142
(100) 000-2143,(200) 000-2143
(100) 000-2144,(200) 000-2144
(100) 000-2145,(200) 000-2145
(100) 000-2146,(200) 000-2146
(100) 000-2147,(200) 000-2147
(100) 000-2148,(200) 000-2148
(100) 000-2149,(200) 000-2149
(100) 000-2150,(200) 000-2150
(100) 000-2151,(200) 000-2151
(100) 000-2152,(200) 000-2152
(100) 000-2153,(200) 000-2153
(100) 000-2154,(200) 000-2154
(100) 000-2155,(200) 000-2155
(100) 000-2156,(200) 000-2156
(100) 000-2157,(200) 000-2157
(100) 000-2158,(200) 000-2158
(100) 000-2159,(200) 000-2159
(100) 000-2160,(200) 000-2160
(100) 000-2161,(200) 000-2161
(100) 000-2162,(200) 000-2162
(100) 000-2163,(200) 000-2163
(100) 000-2164,(200) 000-2164
(100) 000-2165,(200) 000-2165
(100) 000-2166,(200) 000-2166
(100) 000-2167,(200) 000-2167
(100) 000-2168,(200) 000-2168
(100) 000-2169,(200) 000-2169
(100) 000-2170,(200) 000-2170
(100) 000-2171,(200) 000-2171
(100) 000-2172,(200) 000-2172
(100) 000-2173,(200) 000-2173
(100) 000-2174,(200) 000-2174
(100) 000-2175,(200) 000-2175
(100) 000-2176,(200) 000-2176
(100) 000-2177,(200) 000-2177
(100) 000-2178,(200) 000-2178
(100) 000-2179,(200) 000-2179
(100) 000-2180,(200) 000-2180
(100) 000-2181,(200) 000-2181
(100) 000-2182,(200) 000-2182
(100) 000-2183,(200) 000-2183
(100) 000-2184,(200) 000-2184
(100) 000-2185,(200) 000-2185
(100) 000-2186,(200) 000-2186
(100) 000-2187,(200) 000-2187
(100) 000-2188,(200) 000-2188
(100) 000-2189,(200) 000-2189
(100) 000-2190,(200) 000-2190
(100) 000-2191,(200) 000-2191
(100) 000-2192,(200) 000-2192
(100) 000-2193,(200) 000-2193
(100) 000-2194,(200) 000-2194
(100) 000-2195,(200) 000-2195
(100) 000-2196,(200) 000-2196
(100) 000-2197,(200) 000-2197
(100) 000-2198,(200) 000-2198
(100) 000-2199,(200) 000-2199
(100) 000-2200,(200) 000-2200
(100) 000-2201,(200) 000-2201
(100) 000-2202,(200) 000-2202
(100) 000-2203,(200) 000-2203
(100) 000-2204,(200) 000-2204
(100) 000-2205,(200) 000-2205
(100) 000-2206,(200) 000-2206
(100) 000-2207,(200) 000-2207
(100) 000-2208,(200) 000-2208
(100) 000-2209,(200) 000-2209
(100) 000-2210,(200) 000-2210
(100) 000-2211,(200) 000-2211
(100) 000-2212,(200) 000-2212
(100) 000-2213,(200) 000-2213
(100) 000-2214,(200) 000-2214
(100) 000-2215,(200) 000-2215
(100) 000-2216,(200) 000-2216
(100) 000-2217,(200) 000-2217
(100) 000-2218,(200) 000-2218
(100) 000-2219,(200) 000-2219
(100) 000-2220,(200) 000-2220
(100) 000-2221,(200) 000-2221
(100) 000-2222,(200) 000-2222
(100) 000-2223,(200) 000-2223
(100) 000-2224,(200) 000-2224
(100) 000-2225,(200) 000-2225
(100) 000-2226,(200) 000-2226
(100) 000-2227,(200) 000-2227
(100) 000-2228,(200) 000-2228
(100) 000-2229,(200) 000-2229
(100) 000-2230,(200) 000-2230
(100) 000-2231,(200) 000-2231
(100) 000-2232,(200) 000-2232
(100) 000-2233,(200) 000-2233
(100) 000-2234,(200) 000-2234
(100) 000-2235,(200) 000-2235
(100) 000-2236,(200) 000-2236
(100) 000-2237,(200) 000-2237
(100) 000-2238,(200) 000-2238
(100) 000-2239,(200) 000-2239
(100) 000-2240,(200) 000-2240
(100) 000-2241,(200) 000-2241
(100) 000-2242,(200) 000-2242
(100) 000-2243,(200) 000-2243
(100) 000-2244,(200) 000-2244
(100) 000-2245,(200) 000-2245
(100) 000-2246,(200) 000-2246
(100) 000-2247,(200) 000-2247
(100) 000-2248,(200) 000-2248
(100) 000-2249,(200) 000-2249
(100) 000-2250,(200) 000-2250
(100) 000-2251,(200) 000-2251
(100) 000-2252,(200) 000-2252
(100) 000-2253,(200) 000-2253
(100) 000-2254,(200) 000-2254
(100) 000-2255,(200) 000-2255
(100) 000-2256,(200) 000-2256
(100) 000-2257,(200) 000-2257
(100) 000-2258,(200) 000-2258
(100) 000-2259,(200) 000-2259
(100) 000-2260,(200) 000-2260
(100) 000-2261,(200) 000-2261
(100) 000-2262,(200) 000-2262
(100) 000-2263,(200) 000-2263
(100) 000-2264,(200) 000-2264
(100) 000-2265,(200) 000-2265
(100) 000-2266,(200) 000-2266
(100) 000-2267,(200) 000-2267
(100) 000-2268,(200) 000-2268
(100) 000-2269,(200) 000-2269
(100) 000-2270,(200) 000-2270
(100) 000-2271,(200) 000-2271
(100) 000-2272,(200) 000-2272
(100) 000-2273,(200) 000-2273
(100) 000-2274,(200) 000-2274
(100) 000-2275,(200) 000-2275
(100) 000-2276,(200) 000-2276
(100) 000-2277,(200) 000-2277
(100) 000-2278,(200) 000-2278
(100) 000-2279,(200) 000-2279
(100) 000-2280,(200) 000-2280
(100) 000-2281,(200) 000-2281
(100) 000-2282,(200) 000-2282
(100) 000-2283,(200) 000-2283
(100) 000-2284,(200) 000-2284
(100) 000-2285,(200) 000-2285
(100) 000-2286,(200) 000-2286
(100) 000-2287,(200) 000-2287
(100) 000-2288,(200) 000-2288
(100) 000-2289,(200) 000-2289
(100) 000-2290,(200) 000-2290
(100) 000-2291,(200) 000-2291
(100) 000-2292,(200) 000-2292
(100) 000-2293,(200) 000-2293
(100) 000-2294,(200) 000-2294
(100) 000-2295,(200) 000-2295
(100) 000-2296,(200) 000-2296
(100) 000-2297,(200) 000-2297
(100) 000-2298,(200) 000-2298
(100) 000-2299,(200) 000-2299
(100) 000-2300,(200) 000-2300
(100) 000-2301,(200) 000-2301
(100) 000-2302,(200) 000-2302
(100) 000-2303,(200) 000-2303
(100) 000-2304,(200) 000-2304
(100) 000-2305,(200) 000-2305
(100) 000-2306,(200) 000-2306
(100) 000-2307,(200) 000-2307
(100) 000-2308,(200) 000-2308
(100) 000-2309,(200) 000-2309
(100) 000-2310,(200) 000-2310
(100) 000-2311,(200) 000-2311
(100) 000-2312,(200) 000-2312
(100) 000-2313,(200) 000-2313
(100) 000-2314,(200) 000-2314
(100) 000-2315,(200) 000-2315
(100) 000-2316,(200) 000-2316
(100) 000-2317,(200) 000-2317
(100) 000-2318,(200) 000-2318
(100) 000-2319,(200) 000-2319
(100) 000-2320,(200) 000-2320
(100) 000-2321,(200) 000-2321
(100) 000-2322,(200) 000-2322
(100) 000-2323,(200) 000-2323
(100) 000-2324,(200) 000-2324
(100) 000-2325,(200) 000-2325
(100) 000-2326,(200) 000-2326
(100) 000-2327,(200) 000-2327
(100) 000-2328,(200) 000-2328
(100) 000-2329,(200) 000-2329
(100) 000-2330,(200) 000-2330
(100) 000-2331,(200) 000-2331
(100) 000-2332,(200) 000-2332
(100) 000-2333,(200) 000-2333
(100) 000-2334,(200) 000-2334
(100) 000-2335,(200) 000-2335
(100) 000-2336,(200) 000-2336
(100) 000-2337,(200) 000-2337
(100) 000-2338,(200) 000-2338
(100) 000-2339,(200) 000-2339
(100) 000-2340,(200) 000-2340
(100) 000-2341,(200) 000-2341
(100) 000-2342,(200) 000-2342
(100) 000-2343,(200) 000-2343
(100) 000-2344,(200) 000-2344
(100) 000-2345,(200) 000-2345
(100) 000-2346,(200) 000-2346
(100) 000-2347,(200) 000-2347
(100) 000-2348,(200) 000-2348
(100) 000-2349,(200) 000-2349
(100) 000-2350,(200) 000-2350
(100) 000-2351,(200) 000-2351
(100) 000-2352,(200) 000-2352
(100) 000-2353,(200) 000-2353
(100) 000-2354,(200) 000-2354
(100) 000-2355,(200) 000-2355
(100) 000-2356,(200) 000-2356
(100) 000-2357,(200) 000-2357
(100) 000-2358,(200) 000-2358
(100) 000-2359,(200) 000-2359
(100) 000-2360,(200) 000-2360
(100) 000-2361,(200) 000-2361
(100) 000-2362,(200) 000-2362
(100) 000-2363,(200) 000-2363
(100) 000-2364,(200) 000-2364
(100) 000-2365,(200) 000-2365
(100) 000-2366,(200) 000-2366
(100) 000-2367,(200) 000-2367
(100) 000-2368,(200) 000-2368
(100) 000-2369,(200) 000-2369
(100) 000-2370,(200) 000-2370
(100) 000-2371,(200) 000-2371
(100) 000-2372,(200) 000-2372
(100) 000-2373,(200) 000-2373
(100) 000-2374,(200) 000-2374
(100) 000-2375,(200) 000-2375
(100) 000-2376,(200) 000-2376
(100) 000-2377,(200) 000-2377
(100) 000-2378,(200) 000-2378
(100) 000-2379,(200) 000-2379
(100) 000-2380,(200) 000-2380
(100) 000-2381,(200) 000-2381
(100) 000-2382,(200) 000-2382
(100) 000-2383,(200) 000-2383
(100) 000-2384,(200) 000-2384
(100) 000-2385,(200) 000-2385
(100) 000-2386,(200) 000-2386
(100) 000-2387,(200) 000-2387
(100) 000-2388,(200) 000-2388
(100) 000-2389,(200) 000-2389
(100) 000-2390,(200) 000-2390
(100) 000-2391,(200) 000-2391
(100) 000-2392,(200) 000-2392
(100) 000-2393,(200) 000-2393
(100) 000-2394,(200) 000-2394
(100) 000-2395,(200) 000-2395
(100) 000-2396,(200) 000-2396
(100) 000-2397,(200) 000-2397
(100) 000-2398,(200) 000-2398
(100) 000-2399,(200) 000-2399
(100) 000-2400,(200) 000-2400
(100) 000-2401,(200) 000-2401
(100) 000-2402,(200) 000-2402
(100) 000-2403,(200) 000-2403
(100) 000-2404,(200) 000-2404
(100) 000-2405,(200) 000-2405
(100) 000-2406,(200) 000-2406
(100) 000-2407,(200) 000-2407
(100) 000-2408,(200) 000-2408
(100) 000-2409,(200) 000-2409
(100) 000-2410,(200) 000-2410
(100) 000-2411,(200) 000-2411
(100) 000-2412,(200) 000-2412
(100) 000-2413,(200) 000-2413
(100) 000-2414,(200) 000-2414
(100) 000-2415,(200) 000-2415
(100) 000-2416,(200) 000-2416
(100) 000-2417,(200) 000-2417
(100) 000-2418,(200) 000-2418
(100) 000-2419,(200) 000-2419
(100) 000-2420,(200) 000-2420
(100) 000-2421,(200) 000-2421
(100) 000-2422,(200) 000-2422
(100) 000-2423,(200) 000-2423
(100) 000-2424,(200) 000-2424
(100) 000-2425,(200) 000-2425
(100) 000-2426,(200) 000-2426
(100) 000-2427,(200) 000-2427
(100) 000-2428,(200) 000-2428
(100) 000-2429,(200) 000-2429
(100) 000-2430,(200) 000-2430
(100) 000-2431,(200) 000-2431
(100) 000-2432,(200) 000-2432
(100) 000-2433,(200) 000-2433
(100) 000-2434,(200) 000-2434
(100) 000-2435,(200) 000-2435
(100) 000-2436,(200) 000-2436
(100) 000-2437,(200) 000-2437
(100) 000-2438,(200) 000-2438
(100) 000-2439,(200) 000-2439
(100) 000-2440,(200) 000-2440
(100) 000-2441,(200) 000-2441
(100) 000-2442,(200) 000-2442
(100) 000-2443,(200) 000-2443
(100) 000-2444,(200) 000-2444
(100) 000-2445,(200) 000-2445
(100) 000-2446,(200) 000-2446
(100) 000-2447,(200) 000-2447
(100) 000-2448,(200) 000-2448
(100) 000-2449,(200) 000-2449
(100) 000-2450,(200) 000-2450
(100) 000-2451,(200) 000-2451
(100) 000-2452,(200) 000-2452
(100) 000-2453,(200) 000-2453
(100) 000-2454,(200) 000-2454
(100) 000-2455,(200) 000-2455
(100) 000-2456,(200) 000-2456
(100) 000-2457,(200) 000-2457
(100) 000-2458,(200) 000-2458
(100) 000-2459,(200) 000-2459
(100) 000-2460,(200) 000-2460
(100) 000-2461,(200) 000-2461
(100) 000-2462,(200) 000-2462
(100) 000-2463,(200) 000-2463
(100) 000-2464,(200) 000-2464
(100) 000-2465,(200) 000-2465
(100) 000-2466,(200) 000-2466
(100) 000-2467,(200) 000-2467
(100) 000-2468,(200) 000-2468
(100) 000-2469,(200) 000-2469
(100) 000-2470,(200) 000-2470
(100) 000-2471,(200) 000-2471
(100) 000-2472,(200) 000-2472
(100) 000-2473,(200) 000-2473
(100) 000-2474,(200) 000-2474
(100) 000-2475,(200) 000-2475
(100) 000-2476,(200) 000-2476
(100) 000-2477,(200) 000-2477
(100) 000-2478,(200) 000-2478
(100) 000-2479,(200) 000-2479
(100) 000-2480,(200) 000-2480
(100) 000-2481,(200) 000-2481
(100) 000-2482,(200) 000-2482
(100) 000-2483,(200) 000-2483
(100) 000-2484,(200) 000-2484
(100) 000-2485,(200) 000-2485
(100) 000-2486,(200) 000-2486
(100) 000-2487,(200) 000-2487
(100) 000-2488,(200) 000-2488
(100) 000-2489,(200) 000-2489
(100) 000-2490,(200) 000-2490
(100) 000-2491,(200) 000-2491
(100) 000-2492,(200) 000-2492
(100) 000-2493,(200) 000-2493
(100) 000-2494,(200) 000-2494
(100) 000-2495,(200) 000-2495
(100) 000-2496,(200) 000-2496
(100) 000-2497,(200) 000-2497
(100) 000-2498,(200) 000-2498
(100) 000-2499,(200) 000-2499
(100) 000-2500,(200) 000-2500
(100) 000-2501,(200) 000-2501
(100) 000-2502,(200) 000-2502
(100) 000-2503,(200) 000-2503
(100) 000-2504,(200) 000-2504
(100) 000-2505,(200) 000-2505
(100) 000-2506,(200) 000-2506
(100) 000-2507,(200) 000-2507
(100) 000-2508,(200) 000-2508
(100) 000-2509,(200) 000-2509
(100) 000-2510,(200) 000-2510
(100) 000-2511,(200) 000-2511
(100) 000-2512,(200) 000-2512
(100) 000-2513,(200) 000-2513
(100) 000-2514,(200) 000-2514
(100) 000-2515,(200) 000-2515
(100) 000-2516,(200) 000-2516
(100) 000-2517,(200) 000-2517
(100) 000-2518,(200) 000-2518
(100) 000-2519,(200) 000-2519
(100) 000-2520,(200) 000-2520
(100) 000-2521,(200) 000-2521
(100) 000-2522,(200) 000-2522
(100) 000-2523,(200) 000-2523
(100) 000-2524,(200) 000-2524
(100) 000-2525,(200) 000-2525
(100) 000-2526,(200) 000-2526
(100) 000-2527,(200) 000-2527
(100) 000-2528,(200) 000-2528
(100) 000-2529,(200) 000-2529
(100) 000-2530,(200) 000-2530
(100) 000-2531,(200) 000-2531
(100) 000-2532,(200) 000-2532
(100) 000-2533,(200) 000-2533
(100) 000-2534,(200) 000-2534
(100) 000-2535,(200) 000-2535
(100) 000-2536,(200) 000-2536
(100) 000-2537,(200) 000-2537
(100) 000-2538,(200) 000-2538
(100) 000-2539,(200) 000-2539
(100) 000-2540,(200) 000-2540
(100) 000-2541,(200) 000-2541
(100) 000-2542,(200) 000-2542
(100) 000-2543,(200) 000-2543
(100) 000-2544,(200) 000-2544
(100) 000-2545,(200) 000-2545
(100) 000-2546,(200) 000-2546
(100) 000-2547,(200) 000-2547
(100) 000-2548,(200) 000-2548
(100) 000-2549,(200) 000-2549
(100) 000-2550,(200) 000-2550
(100) 000-2551,(200) 000-2551
(100) 000-2552,(200) 000-2552
(100) 000-2553,(200) 000-2553
(100) 000-2554,(200) 000-2554
(100) 000-2555,(200) 000-2555
(100) 000-2556,(200) 000-2556
(100) 000-2557,(200) 000-2557
(100) 000-2558,(200) 000-2558
(100) 000-2559,(200) 000-2559
(100) 000-2560,(200) 000-2560
(100) 000-2561,(200) 000-2561
(100) 000-2562,(200) 000-2562
(100) 000-2563,(200) 000-2563
(100) 000-2564,(200) 000-2564
(100) 000-2565,(200) 000-2565
(100) 000-2566,(200) 000-2566
(100) 000-2567,(200) 000-2567
(100) 000-2568,(200) 000-2568
(100) 000-2569,(200) 000-2569
(100) 000-2570,(200) 000-2570
(100) 000-2571,(200) 000-2571
(100) 000-2572,(200) 000-2572
(100) 000-2573,(200) 000-2573
(100) 000-2574,(200) 000-2574
(100) 000-2575,(200) 000-2575
(100) 000-2576,(200) 000-2576
(100) 000-2577,(200) 000-2577
(100) 000-2578,(200) 000-2578
(100) 000-2579,(200) 000-2579
(100) 000-2580,(200) 000-2580
(100) 000-2581,(200) 000-2581
(100) 000-2582,(200) 000-2582
(100) 000-2583,(200) 000-2583
(100) 000-2584,(200) 000-2584
(100) 000-2585,(200) 000-2585
(100) 000-2586,(200) 000-2586
(100) 000-2587,(200) 000-2587
(100) 000-2588,(200) 000-2588
(100) 000-2589,(200) 000-2589
(100) 000-2590,(200) 000-2590
(100) 000-2591,(200) 000-2591
(100) 000-2592,(200) 000-2592
(100) 000-2593,(200) 000-2593
(100) 000-2594,(200) 000-2594
(100) 000-2595,(200) 000-2595
(100) 000-2596,(200) 000-2596
(100) 000-2597,(200) 000-2597
(100) 000-2598,(200) 000-2598
(100) 000-2599,(200) 000-2599
(100) 000-2600,(200) 000-2600
(100) 000-2601,(200) 000-2601
(100) 000-2602,(200) 000-2602
(100) 000-2603,(200) 000-2603
(100) 000-2604,(200) 000-2604
(100) 000-2605,(200) 000-2605
(100) 000-2606,(200) 000-2606
(100) 000-2607,(200) 000-2607
(100) 000-2608,(200) 000-2608
(100) 000-2609,(200) 000-2609
(100) 000-2610,(200) 000-2610
(100) 000-2611,(200) 000-2611
(100) 000-2612,(200) 000-2612
(100) 000-2613,(200) 000-2613
(100) 000-2614,(200) 000-2614
(100) 000-2615,(200) 000-2615
(100) 000-2616,(200) 000-2616
(100) 000-2617,(200) 000-2617
(100) 000-2618,(200) 000-2618
(100) 000-2619,(200) 000-2619
(100) 000-2620,(200) 000-2620
(100) 000-2621,(200) 000-2621
(100) 000-2622,(200) 000-2622
(100) 000-2623,(200) 000-2623
(100) 000-2624,(200) 000-2624
(100) 000-2625,(200) 000-2625
(100) 000-2626,(200) 000-2626
(100) 000-2627,(200) 000-2627
(100) 000-2628,(200) 000-2628
(100) 000-2629,(200) 000-2629
(100) 000-2630,(200) 000-2630
(100) 000-2631,(200) 000-2631
(100) 000-2632,(200) 000-2632
(100) 000-2633,(200) 000-2633
(100) 000-2634,(200) 000-2634
(100) 000-2635,(200) 000-2635
(100) 000-2636,(200) 000-2636
(100) 000-2637,(200) 000-2637
(100) 000-2638,(200) 000-2638
(100) 000-2639,(200) 000-2639
(100) 000-2640,(200) 000-2640
(100) 000-2641,(200) 000-2641
(100) 000-2642,(200) 000-2642
(100) 000-2643,(200) 000-2643
(100) 000-2644,(200) 000-2644
(100) 000-2645,(200) 000-2645
(100) 000-2646,(200) 000-2646
(100) 000-2647,(200) 000-2647
(100) 000-2648,(200) 000-2648
(100) 000-2649,(200) 000-2649
(100) 000-2650,(200) 000-2650
(100) 000-2651,(200) 000-2651
(100) 000-2652,(200) 000-2652
(100) 000-2653,(200) 000-2653
(100) 000-2654,(200) 000-2654
(100) 000-2655,(200) 000-2655
(100) 000-2656,(200) 000-2656
(100) 000-2657,(200) 000-2657
(100) 000-2658,(200) 000-2658
(100) 000-2659,(200) 000-2659
(100) 000-2660,(200) 000-2660
(100) 000-2661,(200) 000-2661
(100) 000-2662,(200) 000-2662
(100) 000-2663,(200) 000-2663
(100) 000-2664,(200) 000-2664
(100) 000-2665,(200) 000-2665
(100) 000-2666,(200) 000-2666
(100) 000-2667,(200) 000-2667
(100) 000-2668,(200) 000-2668
(100) 000-2669,(200) 000-2669
(100) 000-2670,(200) 000-2670
(100) 000-2671,(200) 000-2671
(100) 000-2672,(200) 000-2672
(100) 000-2673,(200) 000-2673
(100) 000-2674,(200) 000-2674
(100) 000-2675,(200) 000-2675
(100) 000-2676,(200) 000-2676
(100) 000-2677,(200) 000-2677
(100) 000-2678,(200) 000-2678
(100) 000-2679,(200) 000-2679
(100) 000-2680,(200) 000-2680
(100) 000-2681,(200) 000-2681
(100) 000-2682,(200) 000-2682
(100) 000-2683,(200) 000-2683
(100) 000-2684,(200) 000-2684
(100) 000-2685,(200) 000-2685
(100) 000-2686,(200) 000-2686
(100) 000-2687,(200) 000-2687
(100) 000-2688,(200) 000-2688
(100) 000-2689,(200) 000-2689
(100) 000-2690,(200) 000-2690
(100) 000-2691,(200) 000-2691
(100) 000-2692,(200) 000-2692
(100) 000-2693,(200) 000-2693
(100) 000-2694,(200) 000-2694
(100) 000-2695,(200) 000-2695
(100) 000-2696,(200) 000-2696
(100) 000-2697,(200) 000-2697
(100) 000-2698,(200) 000-2698
(100) 000-2699,(200) 000-2699
(100) 000-2700,(200) 000-2700
(100) 000-2701,(200) 000-2701
(100) 000-2702,(200) 000-2702
(100) 000-2703,(200) 000-2703
(100) 000-2704,(200) 000-2704
(100) 000-2705,(200) 000-2705
(100) 000-2706,(200) 000-2706
(100) 000-2707,(200) 000-2707
(100) 000-2708,(200) 000-2708
(100) 000-2709,(200) 000-2709
(100) 000-2710,(200) 000-2710
(100) 000-2711,(200) 000-2711
(100) 000-2712,(200) 000-2712
(100) 000-2713,(200) 000-2713
(100) 000-2714,(200) 000-2714
(100) 000-2715,(200) 000-2715
(100) 000-2716,(200) 000-2716
(100) 000-2717,(200) 000-2717
(100) 000-2718,(200) 000-2718
(100) 000-2719,(200) 000-2719
(100) 000-2720,(200) 000-2720
(100) 000-2721,(200) 000-2721
(100) 000-2722,(200) 000-2722
(100) 000-2723,(200) 000-2723
(100) 000-2724,(200) 000-2724
(100) 000-2725,(200) 000-2725
(100) 000-2726,(200) 000-2726
(100) 000-2727,(200) 000-2727
(100) 000-2728,(200) 000-2728
(100) 000-2729,(200) 000-2729
(100) 000-2730,(200) 000-2730
(100) 000-2731,(200) 000-2731
(100) 000-2732,(200) 000-2732
(100) 000-2733,(200) 000-2733
(100) 000-2734,(200) 000-2734
(100) 000-2735,(200) 000-2735
(100) 000-2736,(200) 000-2736
(100) 000-2737,(200) 000-2737
(100) 000-2738,(200) 000-2738
(100) 000-2739,(200) 000-2739
(100) 000-2740,(200) 000-2740
(100) 000-2741,(200) 000-2741
(100) 000-2742,(200) 000-2742
(100) 000-2743,(200) 000-2743
(100) 000-2744,(200) 000-2744
(100) 000-2745,(200) 000-2745
(100) 000-2746,(200) 000-2746
(100) 000-2747,(200) 000-2747
(100) 000-2748,(200) 000-2748
(100) 000-2749,(200) 000-2749
(100) 000-2750,(200) 000-2750
(100) 000-2751,(200) 000-2751
(100) 000-2752,(200) 000-2752
(100) 000-2753,(200) 000-2753
(100) 000-2754,(200) 000-2754
(100) 000-2755,(200) 000-2755
(100) 000-2756,(200) 000-2756
(100) 000-2757,(200) 000-2757
(100) 000-2758,(200) 000-2758
(100) 000-2759,(200) 000-2759
(100) 000-2760,(200) 000-2760
(100) 000-2761,(200) 000-2761
(100) 000-2762,(200) 000-2762
(100) 000-2763,(200) 000-2763
(100) 000-2764,(200) 000-2764
(100) 000-2765,(200) 000-2765
(100) 000-2766,(200) 000-2766
(100) 000-2767,(200) 000-2767
(100) 000-2768,(200) 000-2768
(100) 000-2769,(200) 000-2769
(100) 000-2770,(200) 000-2770
(100) 000-2771,(200) 000-2771
(100) 000-2772,(200) 000-2772
(100) 000-2773,(200) 000-2773
(100) 000-2774,(200) 000-2774
(100) 000-2775,(200) 000-2775
(100) 000-2776,(200) 000-2776
(100) 000-2777,(200) 000-2777
(100) 000-2778,(200) 000-2778
(100) 000-2779,(200) 000-2779
(100) 000-2780,(200) 000-2780
(100) 000-2781,(200) 000-2781
(100) 000-2782,(200) 000-2782
(100) 000-2783,(200) 000-2783
(100) 000-2784,(200) 000-2784
(100) 000-2785,(200) 000-2785
(100) 000-2786,(200) 000-2786
(100) 000-2787,(200) 000-2787
(100) 000-2788,(200) 000-2788
(100) 000-2789,(200) 000-2789
(100) 000-2790,(200) 000-2790
(100) 000-2791,(200) 000-2791
(100) 000-2792,(200) 000-2792
(100) 000-2793,(200) 000-2793
(100) 000-2794,(200) 000-2794
(100) 000-2795,(200) 000-2795
(100) 000-2796,(200) 000-2796
(100) 000-2797,(200) 000-2797
(100) 000-2798,(200) 000-2798
(100) 000-2799,(200) 000-2799
(100) 000-2800,(200) 000-2800
(100) 000-2801,(200) 000-2801
(100) 000-2802,(200) 000-2802
(100) 000-2803,(200) 000-2803
(100) 000-2804,(200) 000-2804
(100) 000-2805,(200) 000-2805
(100) 000-2806,(200) 000-2806
(100) 000-2807,(200) 000-2807
(100) 000-2808,(200) 000-2808
(100) 000-2809,(200) 000-2809
(100) 000-2810,(200) 000-2810
(100) 000-2811,(200) 000-2811
(100) 000-2812,(200) 000-2812
(100) 000-2813,(200) 000-2813
(100) 000-2814,(200) 000-2814
(100) 000-2815,(200) 000-2815
(100) 000-2816,(200) 000-2816
(100) 000-2817,(200) 000-2817
(100) 000-2818,(200) 000-2818
(100) 000-2819,(200) 000-2819
(100) 000-2820,(200) 000-2820
(100) 000-2821,(200) 000-2821
(100) 000-2822,(200) 000-2822
(100) 000-2823,(200) 000-2823
(100) 000-2824,(200) 000-2824
(100) 000-2825,(200) 000-2825
(100) 000-2826,(200) 000-2826
(100) 000-2827,(200) 000-2827
(100) 000-2828,(200) 000-2828
(100) 000-2829,(200) 000-2829
(100) 000-2830,(200) 000-2830
(100) 000-2831,(200) 000-2831
(100) 000-2832,(200) 000-2832
(100) 000-2833,(200) 000-2833
(100) 000-2834,(200) 000-2834
(100) 000-2835,(200) 000-2835
(100) 000-2836,(200) 000-2836
(100) 000-2837,(200) 000-2837
(100) 000-2838,(200) 000-2838
(100) 000-2839,(200) 000-2839
(100) 000-2840,(200) 000-2840
(100) 000-2841,(200) 000-2841
(100) 000-2842,(200) 000-2842
(100) 000-2843,(200) 000-2843
(100) 000-2844,(200) 000-2844
(100) 000-2845,(200) 000-2845
(100) 000-2846,(200) 000-2846
(100) 000-2847,(200) 000-2847
(100) 000-2848,(200) 000-2848
(100) 000-2849,(200) 000-2849
(100) 000-2850,(200) 000-2850
(100) 000-2851,(200) 000-2851
(100) 000-2852,(200) 000-2852
(100) 000-2853,(200) 000-2853
(100) 000-2854,(200) 000-2854
(100) 000-2855,(200) 000-2855
(100) 000-2856,(200) 000-2856
(100) 000-2857,(200) 000-2857
(100) 000-2858,(200) 000-2858
(100) 000-2859,(200) 000-2859
(100) 000-2860,(200) 000-2860
(100) 000-2861,(200) 000-2861
(100) 000-2862,(200) 000-2862
(100) 000-2863,(200) 000-2863
(100) 000-2864,(200) 000-2864
(100) 000-2865,(200) 000-2865
(100) 000-2866,(200) 000-2866
(100) 000-2867,(200) 000-2867
(100) 000-2868,(200) 000-2868
(100) 000-2869,(200) 000-2869
(100) 000-2870,(200) 000-2870
(100) 000-2871,(200) 000-2871
(100) 000-2872,(200) 000-2872
(100) 000-2873,(200) 000-2873
(100) 000-2874,(200) 000-2874
(100) 000-2875,(200) 000-2875
(100) 000-2876,(200) 000-2876
(100) 000-2877,(200) 000-2877
(100) 000-2878,(200) 000-2878
(100) 000-2879,(200) 000-2879
(100) 000-2880,(200) 000-2880
(100) 000-2881,(200) 000-2881
(100) 000-2882,(200) 000-2882
(100) 000-2883,(200) 000-2883
(100) 000-2884,(200) 000-2884
(100) 000-2885,(200) 000-2885
(100) 000-2886,(200) 000-2886
(100) 000-2887,(200) 000-2887
(100) 000-2888,(200) 000-2888
(100) 000-2889,(200) 000-2889
(100) 000-2890,(200) 000-2890
(100) 000-2891,(200) 000-2891
(100) 000-2892,(200) 000-2892
(100) 000-2893,(200) 000-2893
(100) 000-2894,(200) 000-2894
(100) 000-2895,(200) 000-2895
(100) 000-2896,(200) 000-2896
(100) 000-2897,(200) 000-2897
(100) 000-2898,(200) 000-2898
(100) 000-2899,(200) 000-2899
(100) 000-2900,(200) 000-2900
(100) 000-2901,(200) 000-2901
(100) 000-2902,(200) 000-2902
(100) 000-2903,(200) 000-2903
(100) 000-2904,(200) 000-2904
(100) 000-2905,(200) 000-2905
(100) 000-2906,(200) 000-2906
(100) 000-2907,(200) 000-2907
(100) 000-2908,(200) 000-2908
(100) 000-2909,(200) 000-2909
(100) 000-2910,(200) 000-2910
(100) 000-2911,(200) 000-2911
(100) 000-2912,(200) 000-2912
(100) 000-2913,(200) 000-2913
(100) 000-2914,(200) 000-2914
(100) 000-2915,(200) 000-2915
(100) 000-2916,(200) 000-2916
(100) 000-2917,(200) 000-2917
(100) 000-2918,(200) 000-2918
(100) 000-2919,(200) 000-2919
(100) 000-2920,(200) 000-2920
(100) 000-2921,(200) 000-2921
(100) 000-2922,(200) 000-2922
(100) 000-2923,(200) 000-2923
(100) 000-2924,(200) 000-2924
(100) 000-2925,(200) 000-2925
(100) 000-2926,(200) 000-2926
(100) 000-2927,(200) 000-2927
(100) 000-2928,(200) 000-2928
(100) 000-2929,(200) 000-2929
(100) 000-2930,(200) 000-2930
(100) 000-2931,(200) 000-2931
(100) 000-2932,(200) 000-2932
(100) 000-2933,(200) 000-2933
(100) 000-2934,(200) 000-2934
(100) 000-2935,(200) 000-2935
(100) 000-2936,(200) 000-2936
(100) 000-2937,(200) 000-2937
(100) 000-2938,(200) 000-2938
(100) 000-2939,(200) 000-2939
(100) 000-2940,(200) 000-2940
(100) 000-2941,(200) 000-2941
(100) 000-2942,(200) 000-2942
(100) 000-2943,(200) 000-2943
(100) 000-2944,(200) 000-2944
(100) 000-2945,(200) 000-2945
(100) 000-2946,(200) 000-2946
(100) 000-2947,(200) 000-2947
(100) 000-2948,(200) 000-2948
(100) 000-2949,(200) 000-2949
(100) 000-2950,(200) 000-2950
(100) 000-2951,(200) 000-2951
(100) 000-2952,(200) 000-2952
(100) 000-2953,(200) 000-2953
(100) 000-2954,(200) 000-2954
(100) 000-2955,(200) 000-2955
(100) 000-2956,(200) 000-2956
(100) 000-2957,(200) 000-2957
(100) 000-2958,(200) 000-2958
(100) 000-2959,(200) 000-2959
(100) 000-2960,(200) 000-2960
(100) 000-2961,(200) 000-2961
(100) 000-2962,(200) 000-2962
(100) 000-2963,(200) 000-2963
(100) 000-2964,(200) 000-2964
(100) 000-2965,(200) 000-2965
(100) 000-2966,(200) 000-2966
(100) 000-2967,(200) 000-2967
(100) 000-2968,(200) 000-2968
(100) 000-2969,(200) 000-2969
(100) 000-2970,(200) 000-2970
(100) 000-2971,(200) 000-2971
(100) 000-2972,(200) 000-2972
(100) 000-2973,(200) 000-2973
(100) 000-2974,(200) 000-2974
(100) 000-2975,(200) 000-2975
(100) 000-2976,(200) 000-2976
(100) 000-2977,(200) 000-2977
(100) 000-2978,(200) 000-2978
(100) 000-2979,(200) 000-2979
(100) 000-2980,(200) 000-2980
(100) 000-2981,(200) 000-2981
(100) 000-2982,(200) 000-2982
(100) 000-2983,(200) 000-2983
(100) 000-2984,(200) 000-2984
(100) 000-2985,(200) 000-2985
(100) 000-2986,(200) 000-2986
(100) 000-2987,(200) 000-2987
(100) 000-2988,(200) 000-2988
(100) 000-2989,(200) 000-2989
(100) 000-2990,(200) 000-2990
(100) 000-2991,(200) 000-2991
(100) 000-2992,(200) 000-2992
(100) 000-2993,(200) 000-2993
(100) 000-2994,(200) 000-2994
(100) 000-2995,(200) 000-2995
(100) 000-2996,(200) 000-2996
(100) 000-2997,(200) 000-2997
(100) 000-2998,(200) 000-2998
(100) 000-2999,(200) 000-2999
(100) 000-3000,(200) 000-3000
(100) 000-3001,(200) 000-3001
(100) 000-3002,(200) 000-3002
(100) 000-3003,(200) 000-3003
(100) 000-3004,(200) 000-3004
(100) 000-3005,(200) 000-3005
(100) 000-3006,(200) 000-3006
(100) 000-3007,(200) 000-3007
(100) 000-3008,(200) 000-3008
(100) 000-3009,(200) 000-3009
(100) 000-3010,(200) 000-3010
(100) 000-3011,(200) 000-3011
(100) 000-3012,(200) 000-3012
(100) 000-3013,(200) 000-3013
(100) 000-3014,(200) 000-3014
(100) 000-3015,(200) 000-3015
(100) 000-3016,(200) 000-3016
(100) 000-3017,(200) 000-3017
(100) 000-3018,(200) 000-3018
(100) 000-3019,(200) 000-3019
(100) 000-3020,(200) 000-3020
(100) 000-3021,(200) 000-3021
(100) 000-3022,(200) 000-3022
(100) 000-3023,(200) 000-3023
(100) 000-3024,(200) 000-3024
(100) 000-3025,(200) 000-3025
(100) 000-3026,(200) 000-3026
(100) 000-3027,(200) 000-3027
(100) 000-3028,(200) 000-3028
(100) 000-3029,(200) 000-3029
(100) 000-3030,(200) 000-3030
(100) 000-3031,(200) 000-3031
(100) 000-3032,(200) 000-3032
(100) 000-3033,(200) 000-3033
(100) 000-3034,(200) 000-3034
(100) 000-3035,(200) 000-3035
(100) 000-3036,(200) 000-3036
(100) 000-3037,(200) 000-3037
(100) 000-3038,(200) 000-3038
(100) 000-3039,(200) 000-3039
(100) 000-3040,(200) 000-3040
(100) 000-3041,(200) 000-3041
(100) 000-3042,(200) 000-3042
(100) 000-3043,(200) 000-3043
(100) 000-3044,(200) 000-3044
(100) 000-3045,(200) 000-3045
(100) 000-3046,(200) 000-3046
(100) 000-3047,(200) 000-3047
(100) 000-3048,(200) 000-3048
(100) 000-3049,(200) 000-3049
(100) 000-3050,(200) 000-3050
(100) 000-3051,(200) 000-3051
(100) 000-3052,(200) 000-3052
(100) 000-3053,(200) 000-3053
(100) 000-3054,(200) 000-3054
(100) 000-3055,(200) 000-3055
(100) 000-3056,(200) 000-3056
(100) 000-3057,(200) 000-3057
(100) 000-3058,(200) 000-3058
(100) 000-3059,(200) 000-3059
(100) 000-3060,(200) 000-3060
(100) 000-3061,(200) 000-3061
(100) 000-3062,(200) 000-3062
(100) 000-3063,(200) 000-3063
(100) 000-3064,(200) 000-3064
(100) 000-3065,(200) 000-3065
(100) 000-3066,(200) 000-3066
(100) 000-3067,(200) 000-3067
(100) 000-3068,(200) 000-3068
(100) 000-3069,(200) 000-3069
(100) 000-3070,(200) 000-3070
(100) 000-3071,(200) 000-3071
(100) 000-3072,(200) 000-3072
(100) 000-3073,(200) 000-3073
(100) 000-3074,(200) 000-3074
(100) 000-3075,(200) 000-3075
(100) 000-3076,(200) 000-3076
(100) 000-3077,(200) 000-3077
(100) 000-3078,(200) 000-3078
(100) 000-3079,(200) 000-3079
(100) 000-3080,(200) 000-3080
(100) 000-3081,(200) 000-3081
(100) 000-3082,(200) 000-3082
(100) 000-3083,(200) 000-3083
(100) 000-3084,(200) 000-3084
(100) 000-3085,(200) 000-3085
(100) 000-3086,(200) 000-3086
(100) 000-3087,(200) 000-3087
(100) 000-3088,(200) 000-3088
(100) 000-3089,(200) 000-3089
(100) 000-3090,(200) 000-3090
(100) 000-3091,(200) 000-3091
(100) 000-3092,(200) 000-3092
(100) 000-3093,(200) 000-3093
(100) 000-3094,(200) 000-3094
(100) 000-3095,(200) 000-3095
(100) 000-3096,(200) 000-3096
(100) 000-3097,(200) 000-3097
(100) 000-3098,(200) 000-3098
(100) 000-3099,(200) 000-3099
(100) 000-3100,(200) 000-3100
(100) 000-3101,(200) 000-3101
(100) 000-3102,(200) 000-3102
(100) 000-3103,(200) 000-3103
(100) 000-3104,(200) 000-3104
(100) 000-3105,(200) 000-3105
(100) 000-3106,(200) 000-3106
(100) 000-3107,(200) 000-3107
(100) 000-3108,(200) 000-3108
(100) 000-3109,(200) 000-3109
(100) 000-3110,(200) 000-3110
(100) 000-3111,(200) 000-3111
(100) 000-3112,(200) 000-3112
(100) 000-3113,(200) 000-3113
(100) 000-3114,(200) 000-3114
(100) 000-3115,(200) 000-3115
(100) 000-3116,(200) 000-3116
(100) 000-3117,(200) 000-3117
(100) 000-3118,(200) 000-3118
(100) 000-3119,(200) 000-3119
(100) 000-3120,(200) 000-3120
(100) 000-3121,(200) 000-3121
(100) 000-3122,(200) 000-3122
(100) 000-3123,(200) 000-3123
(100) 000-3124,(200) 000-3124
(100) 000-3125,(200) 000-3125
(100) 000-3126,(200) 000-3126
(100) 000-3127,(200) 000-3127
(100) 000-3128,(200) 000-3128
(100) 000-3129,(200) 000-3129
(100) 000-3130,(200) 000-3130
(100) 000-3131,(200) 000-3131
(100) 000-3132,(200) 000-3132
(100) 000-3133,(200) 000-3133
(100) 000-3134,(200) 000-3134
(100) 000-3135,(200) 000-3135
(100) 000-3136,(200) 000-3136
(100) 000-3137,(200) 000-3137
(100) 000-3138,(200) 000-3138
(100) 000-3139,(200) 000-3139
(100) 000-3140,(200) 000-3140
(100) 000-3141,(200) 000-3141
(100) 000-3142,(200) 000-3142
(100) 000-3143,(200) 000-3143
(100) 000-3144,(200) 000-3144
(100) 000-3145,(200) 000-3145
(100) 000-3146,(200) 000-3146
(100) 000-3147,(200) 000-3147
(100) 000-3148,(200) 000-3148
(100) 000-3149,(200) 000-3149
(100) 000-3150,(200) 000-3150
(100) 000-3151,(200) 000-3151
(100) 000-3152,(200) 000-3152
(100) 000-3153,(200) 000-3153
(100) 000-3154,(200) 000-3154
(100) 000-3155,(200) 000-3155
(100) 000-3156,(200) 000-3156
(100) 000-3157,(200) 000-3157
(100) 000-3158,(200) 000-3158
(100) 000-3159,(200) 000-3159
(100) 000-3160,(200) 000-3160
(100) 000-3161,(200) 000-3161
(100) 000-3162,(200) 000-3162
(100) 000-3163,(200) 000-3163
(100) 000-3164,(200) 000-3164
(100) 000-3165,(200) 000-3165
(100) 000-3166,(200) 000-3166
(100) 000-3167,(200) 000-3167
(100) 000-3168,(200) 000-3168
(100) 000-3169,(200) 000-3169
(100) 000-3170,(200) 000-3170
(100) 000-3171,(200) 000-3171
(100) 000-3172,(200) 000-3172
(100) 000-3173,(200) 000-3173
(100) 000-3174,(200) 000-3174
(100) 000-3175,(200) 000-3175
(100) 000-3176,(200) 000-3176
(100) 000-3177,(200) 000-3177
(100) 000-3178,(200) 000-3178
(100) 000-3179,(200) 000-3179
(100) 000-3180,(200) 000-3180
(100) 000-3181,(200) 000-3181
(100) 000-3182,(200) 000-3182
(100) 000-3183,(200) 000-3183
(100) 000-3184,(200) 000-3184
(100) 000-3185,(200) 000-3185
(100) 000-3186,(200) 000-3186
(100) 000-3187,(200) 000-3187
(100) 000-3188,(200) 000-3188
(100) 000-3189,(200) 000-3189
(100) 000-3190,(200) 000-3190
(100) 000-3191,(200) 000-3191
(100) 000-3192,(200) 000-3192
(100) 000-3193,(200) 000-3193
(100) 000-3194,(200) 000-3194
(100) 000-3195,(200) 000-3195
(100) 000-3196,(200) 000-3196
(100) 000-3197,(200) 000-3197
(100) 000-3198,(200) 000-3198
(100) 000-3199,(200) 000-3199
(100) 000-3200,(200) 000-3200
(100) 000-3201,(200) 000-3201
(100) 000-3202,(200) 000-3202
(100) 000-3203,(200) 000-3203
(100) 000-3204,(200) 000-3204
(100) 000-3205,(200) 000-3205
(100) 000-3206,(200) 000-3206
(100) 000-3207,(200) 000-3207
(100) 000-3208,(200) 000-3208
(100) 000-3209,(200) 000-3209
(100) 000-3210,(200) 000-3210
(100) 000-3211,(200) 000-3211
(100) 000-3212,(200) 000-3212
(100) 000-3213,(200) 000-3213
(100) 000-3214,(200) 000-3214
(100) 000-3215,(200) 000-3215
(100) 000-3216,(200) 000-3216
(100) 000-3217,(200) 000-3217
(100) 000-3218,(200) 000-3218
(100) 000-3219,(200) 000-3219
(100) 000-3220,(200) 000-3220
(100) 000-3221,(200) 000-3221
(100) 000-3222,(200) 000-3222
(100) 000-3223,(200) 000-3223
(100) 000-3224,(200) 000-3224
(100) 000-3225,(200) 000-3225
(100) 000-3226,(200) 000-3226
(100) 000-3227,(200) 000-3227
(100) 000-3228,(200) 000-3228
(100) 000-3229,(200) 000-3229
(100) 000-3230,(200) 000-3230
(100) 000-3231,(200) 000-3231
(100) 000-3232,(200) 000-3232
(100) 000-3233,(200) 000-3233
(100) 000-3234,(200) 000-3234
(100) 000-3235,(200) 000-3235
(100) 000-3236,(200) 000-3236
(100) 000-3237,(200) 000-3237
(100) 000-3238,(200) 000-3238
(100) 000-3239,(200) 000-3239
(100) 000-3240,(200) 000-3240
(100) 000-3241,(200) 000-3241
(100) 000-3242,(200) 000-3242
(100) 000-3243,(200) 000-3243
(100) 000-3244,(200) 000-3244
(100) 000-3245,(200) 000-3245
(100) 000-3246,(200) 000-3246
(100) 000-3247,(200) 000-3247
(100) 000-3248,(200) 000-3248
(100) 000-3249,(200) 000-3249
(100) 000-3250,(200) 000-3250
(100) 000-3251,(200) 000-3251
(100) 000-3252,(200) 000-3252
(100) 000-3253,(200) 000-3253
(100) 000-3254,(200) 000-3254
(100) 000-3255,(200) 000-3255
(100) 000-3256,(200) 000-3256
(100) 000-3257,(200) 000-3257
(100) 000-3258,(200) 000-3258
(100) 000-3259,(200) 000-3259
(100) 000-3260,(200) 000-3260
(100) 000-3261,(200) 000-3261
(100) 000-3262,(200) 000-3262
(100) 000-3263,(200) 000-3263
(100) 000-3264,(200) 000-3264
(100) 000-3265,(200) 000-3265
(100) 000-3266,(200) 000-3266
(100) 000-3267,(200) 000-3267
(100) 000-3268,(200) 000-3268
(100) 000-3269,(200) 000-3269
(100) 000-3270,(200) 000-3270
(100) 000-3271,(200) 000-3271
(100) 000-3272,(200) 000-3272
(100) 000-3273,(200) 000-3273
(100) 000-3274,(200) 000-3274
(100) 000-3275,(200) 000-3275
(100) 000-3276,(200) 000-3276
(100) 000-3277,(200) 000-3277
(100) 000-3278,(200) 000-3278
(100) 000-3279,(200) 000-3279
(100) 000-3280,(200) 000-3280
(100) 000-3281,(200) 000-3281
(100) 000-3282,(200) 000-3282
(100) 000-3283,(200) 000-3283
(100) 000-3284,(200) 000-3284
(100) 000-3285,(200) 000-3285
(100) 000-3286,(200) 000-3286
(100) 000-3287,(200) 000-3287
(100) 000-3288,(200) 000-3288
(100) 000-3289,(200) 000-3289
(100) 000-3290,(200) 000-3290
(100) 000-3291,(200) 000-3291
(100) 000-3292,(200) 000-3292
(100) 000-3293,(200) 000-3293
(100) 000-3294,(200) 000-3294
(100) 000-3295,(200) 000-3295
(100) 000-3296,(200) 000-3296
(100) 000-3297,(200) 000-3297
(100) 000-3298,(200) 000-3298
(100) 000-3299,(200) 000-3299
(100) 000-3300,(200) 000-3300
(100) 000-3301,(200) 000-3301
(100) 000-3302,(200) 000-3302
(100) 000-3303,(200) 000-3303
(100) 000-3304,(200) 000-3304
(100) 000-3305,(200) 000-3305
(100) 000-3306,(200) 000-3306
(100) 000-3307,(200) 000-3307
(100) 000-3308,(200) 000-3308
(100) 000-3309,(200) 000-3309
(100) 000-3310,(200) 000-3310
(100) 000-3311,(200) 000-3311
(100) 000-3312,(200) 000-3312
(100) 000-3313,(200) 000-3313
(100) 000-3314,(200) 000-3314
(100) 000-3315,(200) 000-3315
(100) 000-3316,(200) 000-3316
(100) 000-3317,(200) 000-3317
(100) 000-3318,(200) 000-3318
(100) 000-3319,(200) 000-3319
(100) 000-3320,(200) 000-3320
(100) 000-3321,(200) 000-3321
(100) 000-3322,(200) 000-3322
(100) 000-3323,(200) 000-3323
(100) 000-3324,(200) 000-3324
(100) 000-3325,(200) 000-3325
(100) 000-3326,(200) 000-3326
(100) 000-3327,(200) 000-3327
(100) 000-3328,(200) 000-3328
(100) 000-3329,(200) 000-3329
(100) 000-3330,(200) 000-3330
(100) 000-3331,(200) 000-3331
(100) 000-3332,(200) 000-3332
(100) 000-3333,(200) 000-3333
(100) 000-3334,(200) 000-3334
(100) 000-3335,(200) 000-3335
(100) 000-3336,(200) 000-3336
(100) 000-3337,(200) 000-3337
(100) 000-3338,(200) 000-3338
(100) 000-3339,(200) 000-3339
(100) 000-3340,(200) 000-3340
(100) 000-3341,(200) 000-3341
(100) 000-3342,(200) 000-3342
(100) 000-3343,(200) 000-3343
(100) 000-3344,(200) 000-3344
(100) 000-3345,(200) 000-3345
(100) 000-3346,(200) 000-3346
(100) 000-3347,(200) 000-3347
(100) 000-3348,(200) 000-3348
(100) 000-3349,(200) 000-3349
(100) 000-3350,(200) 000-3350
(100) 000-3351,(200) 000-3351
(100) 000-3352,(200) 000-3352
(100) 000-3353,(200) 000-3353
(100) 000-3354,(200) 000-3354
(100) 000-3355,(200) 000-3355
(100) 000-3356,(200) 000-3356
(100) 000-3357,(200) 000-3357
(100) 000-3358,(200) 000-3358
(100) 000-3359,(200) 000-3359
(100) 000-3360,(200) 000-3360
(100) 000-3361,(200) 000-3361
(100) 000-3362,(200) 000-3362
(100) 000-3363,(200) 000-3363
(100) 000-3364,(200) 000-3364
(100) 000-3365,(200) 000-3365
(100) 000-3366,(200) 000-3366
(100) 000-3367,(200) 000-3367
(100) 000-3368,(200) 000-3368
(100) 000-3369,(200) 000-3369
(100) 000-3370,(200) 000-3370
(100) 000-3371,(200) 000-3371
(100) 000-3372,(200) 000-3372
(100) 000-3373,(200) 000-3373
(100) 000-3374,(200) 000-3374
(100) 000-3375,(200) 000-3375
(100) 000-3376,(200) 000-3376
(100) 000-3377,(200) 000-3377
(100) 000-3378,(200) 000-3378
(100) 000-3379,(200) 000-3379
(100) 000-3380,(200) 000-3380
(100) 000-3381,(200) 000-3381
(100) 000-3382,(200) 000-3382
(100) 000-3383,(200) 000-3383
(100) 000-3384,(200) 000-3384
(100) 000-3385,(200) 000-3385
(100) 000-3386,(200) 000-3386
(100) 000-3387,(200) 000-3387
(100) 000-3388,(200) 000-3388
(100) 000-3389,(200) 000-3389
(100) 000-3390,(200) 000-3390
(100) 000-3391,(200) 000-3391
(100) 000-3392,(200) 000-3392
(100) 000-3393,(200) 000-3393
(100) 000-3394,(200) 000-3394
(100) 000-3395,(200) 000-3395
(100) 000-3396,(200) 000-3396
(100) 000-3397,(200) 000-3397
(100) 000-3398,(200) 000-3398
(100) 000-3399,(200) 000-3399
(100) 000-3400,(200) 000-3400
(100) 000-3401,(200) 000-3401
(100) 000-3402,(200) 000-3402
(100) 000-3403,(200) 000-3403
(100) 000-3404,(200) 000-3404
(100) 000-3405,(200) 000-3405
(100) 000-3406,(200) 000-3406
(100) 000-3407,(200) 000-3407
(100) 000-3408,(200) 000-3408
(100) 000-3409,(200) 000-3409
(100) 000-3410,(200) 000-3410
(100) 000-3411,(200) 000-3411
(100) 000-3412,(200) 000-3412
(100) 000-3413,(200) 000-3413
(100) 000-3414,(200) 000-3414
(100) 000-3415,(200) 000-3415
(100) 000-3416,(200) 000-3416
(100) 000-3417,(200) 000-3417
(100) 000-3418,(200) 000-3418
(100) 000-3419,(200) 000-3419
(100) 000-3420,(200) 000-3420
(100) 000-3421,(200) 000-3421
(100) 000-3422,(200) 000-3422
(100) 000-3423,(200) 000-3423
(100) 000-3424,(200) 000-3424
(100) 000-3425,(200) 000-3425
(100) 000-3426,(200) 000-3426
(100) 000-3427,(200) 000-3427
(100) 000-3428,(200) 000-3428
(100) 000-3429,(200) 000-3429
(100) 000-3430,(200) 000-3430
(100) 000-3431,(200) 000-3431
(100) 000-3432,(200) 000-3432
(100) 000-3433,(200) 000-3433
(100) 000-3434,(200) 000-3434
(100) 000-3435,(200) 000-3435
(100) 000-3436,(200) 000-3436
(100) 000-3437,(200) 000-3437
(100) 000-3438,(200) 000-3438
(100) 000-3439,(200) 000-3439
(100) 000-3440,(200) 000-3440
(100) 000-3441,(200) 000-3441
(100) 000-3442,(200) 000-3442
(100) 000-3443,(200) 000-3443
(100) 000-3444,(200) 000-3444
(100) 000-3445,(200) 000-3445
(100) 000-3446,(200) 000-3446
(100) 000-3447,(200) 000-3447
(100) 000-3448,(200) 000-3448
(100) 000-3449,(200) 000-3449
(100) 000-3450,(200) 000-3450
(100) 000-3451,(200) 000-3451
(100) 000-3452,(200) 000-3452
(100) 000-3453,(200) 000-3453
(100) 000-3454,(200) 000-3454
(100) 000-3455,(200) 000-3455
(100) 000-3456,(200) 000-3456
(100) 000-3457,(200) 000-3457
(100) 000-3458,(200) 000-3458
(100) 000-3459,(200) 000-3459
(100) 000-3460,(200) 000-3460
(100) 000-3461,(200) 000-3461
(100) 000-3462,(200) 000-3462
(100) 000-3463,(200) 000-3463
(100) 000-3464,(200) 000-3464
(100) 000-3465,(200) 000-3465
(100) 000-3466,(200) 000-3466
(100) 000-3467,(200) 000-3467
(100) 000-3468,(200) 000-3468
(100) 000-3469,(200) 000-3469
(100) 000-3470,(200) 000-3470
(100) 000-3471,(200) 000-3471
(100) 000-3472,(200) 000-3472
(100) 000-3473,(200) 000-3473
(100) 000-3474,(200) 000-3474
(100) 000-3475,(200) 000-3475
(100) 000-3476,(200) 000-3476
(100) 000-3477,(200) 000-3477
(100) 000-3478,(200) 000-3478
(100) 000-3479,(200) 000-3479
(100) 000-3480,(200) 000-3480
(100) 000-3481,(200) 000-3481
(100) 000-3482,(200) 000-3482
(100) 000-3483,(200) 000-3483
(100) 000-3484,(200) 000-3484
(100) 000-3485,(200) 000-3485
(100) 000-3486,(200) 000-3486
(100) 000-3487,(200) 000-3487
(100) 000-3488,(200) 000-3488
(100) 000-3489,(200) 000-3489
(100) 000-3490,(200) 000-3490
(100) 000-3491,(200) 000-3491
(100) 000-3492,(200) 000-3492
(100) 000-3493,(200) 000-3493
(100) 000-3494,(200) 000-3494
(100) 000-3495,(200) 000-3495
(100) 000-3496,(200) 000-3496
(100) 000-3497,(200) 000-3497
(100) 000-3498,(200) 000-3498
(100) 000-3499,(200) 000-3499
(100) 000-3500,(200) 000-3500
(100) 000-3501,(200) 000-3501
(100) 000-3502,(200) 000-3502
(100) 000-3503,(200) 000-3503
(100) 000-3504,(200) 000-3504
(100) 000-3505,(200) 000-3505
(100) 000-3506,(200) 000-3506
(100) 000-3507,(200) 000-3507
(100) 000-3508,(200) 000-3508
(100) 000-3509,(200) 000-3509
(100) 000-3510,(200) 000-3510
(100) 000-3511,(200) 000-3511
(100) 000-3512,(200) 000-3512
(100) 000-3513,(200) 000-3513
(100) 000-3514,(200) 000-3514
(100) 000-3515,(200) 000-3515
(100) 000-3516,(200) 000-3516
(100) 000-3517,(200) 000-3517
(100) 000-3518,(200) 000-3518
(100) 000-3519,(200) 000-3519
(100) 000-3520,(200) 000-3520
(100) 000-3521,(200) 000-3521
(100) 000-3522,(200) 000-3522
(100) 000-3523,(200) 000-3523
(100) 000-3524,(200) 000-3524
(100) 000-3525,(200) 000-3525
(100) 000-3526,(200) 000-3526
(100) 000-3527,(200) 000-3527
(100) 000-3528,(200) 000-3528
(100) 000-3529,(200) 000-3529
(100) 000-3530,(200) 000-3530
(100) 000-3531,(200) 000-3531
(100) 000-3532,(200) 000-3532
(100) 000-3533,(200) 000-3533
(100) 000-3534,(200) 000-3534
(100) 000-3535,(200) 000-3535
(100) 000-3536,(200) 000-3536
(100) 000-3537,(200) 000-3537
(100) 000-3538,(200) 000-3538
(100) 000-3539,(200) 000-3539
(100) 000-3540,(200) 000-3540
(100) 000-3541,(200) 000-3541
(100) 000-3542,(200) 000-3542
(100) 000-3543,(200) 000-3543
(100) 000-3544,(200) 000-3544
(100) 000-3545,(200) 000-3545
(100) 000-3546,(200) 000-3546
(100) 000-3547,(200) 000-3547
(100) 000-3548,(200) 000-3548
(100) 000-3549,(200) 000-3549
(100) 000-3550,(200) 000-3550
(100) 000-3551,(200) 000-3551
(100) 000-3552,(200) 000-3552
(100) 000-3553,(200) 000-3553
(100) 000-3554,(200) 000-3554
(100) 000-3555,(200) 000-3555
(100) 000-3556,(200) 000-3556
(100) 000-3557,(200) 000-3557
(100) 000-3558,(200) 000-3558
(100) 000-3559,(200) 000-3559
(100) 000-3560,(200) 000-3560
(100) 000-3561,(200) 000-3561
(100) 000-3562,(200) 000-3562
(100) 000-3563,(200) 000-3563
(100) 000-3564,(200) 000-3564
(100) 000-3565,(200) 000-3565
(100) 000-3566,(200) 000-3566
(100) 000-3567,(200) 000-3567
(100) 000-3568,(200) 000-3568
(100) 000-3569,(200) 000-3569
(100) 000-3570,(200) 000-3570
(100) 000-3571,(200) 000-3571
(100) 000-3572,(200) 000-3572
(100) 000-3573,(200) 000-3573
(100) 000-3574,(200) 000-3574
(100) 000-3575,(200) 000-3575
(100) 000-3576,(200) 000-3576
(100) 000-3577,(200) 000-3577
(100) 000-3578,(200) 000-3578
(100) 000-3579,(200) 000-3579
(100) 000-3580,(200) 000-3580
(100) 000-3581,(200) 000-3581
(100) 000-3582,(200) 000-3582
(100) 000-3583,(200) 000-3583
(100) 000-3584,(200) 000-3584
(100) 000-3585,(200) 000-3585
(100) 000-3586,(200) 000-3586
(100) 000-3587,(200) 000-3587
(100) 000-3588,(200) 000-3588
(100) 000-3589,(200) 000-3589
(100) 000-3590,(200) 000-3590
(100) 000-3591,(200) 000-3591
(100) 000-3592,(200) 000-3592
(100) 000-3593,(200) 000-3593
(100) 000-3594,(200) 000-3594
(100) 000-3595,(200) 000-3595
(100) 000-3596,(200) 000-3596
(100) 000-3597,(200) 000-3597
(100) 000-3598,(200) 000-3598
(100) 000-3599,(200) 000-3599
(100) 000-3600,(200) 000-3600
(100) 000-3601,(200) 000-3601
(100) 000-3602,(200) 000-3602
(100) 000-3603,(200) 000-3603
(100) 000-3604,(200) 000-3604
(100) 000-3605,(200) 000-3605
(100) 000-3606,(200) 000-3606
(100) 000-3607,(200) 000-3607
(100) 000-3608,(200) 000-3608
(100) 000-3609,(200) 000-3609
(100) 000-3610,(200) 000-3610
(100) 000-3611,(200) 000-3611
(100) 000-3612,(200) 000-3612
(100) 000-3613,(200) 000-3613
(100) 000-3614,(200) 000-3614
(100) 000-3615,(200) 000-3615
(100) 000-3616,(200) 000-3616
(100) 000-3617,(200) 000-3617
(100) 000-3618,(200) 000-3618
(100) 000-3619,(200) 000-3619
(100) 000-3620,(200) 000-3620
(100) 000-3621,(200) 000-3621
(100) 000-3622,(200) 000-3622
(100) 000-3623,(200) 000-3623
(100) 000-3624,(200) 000-3624
(100) 000-3625,(200) 000-3625
(100) 000-3626,(200) 000-3626
(100) 000-3627,(200) 000-3627
(100) 000-3628,(200) 000-3628
(100) 000-3629,(200) 000-3629
(100) 000-3630,(200) 000-3630
(100) 000-3631,(200) 000-3631
(100) 000-3632,(200) 000-3632
(100) 000-3633,(200) 000-3633
(100) 000-3634,(200) 000-3634
(100) 000-3635,(200) 000-3635
(100) 000-3636,(200) 000-3636
(100) 000-3637,(200) 000-3637
(100) 000-3638,(200) 000-3638
(100) 000-3639,(200) 000-3639
(100) 000-3640,(200) 000-3640
(100) 000-3641,(200) 000-3641
(100) 000-3642,(200) 000-3642
(100) 000-3643,(200) 000-3643
(100) 000-3644,(200) 000-3644
(100) 000-3645,(200) 000-3645
(100) 000-3646,(200) 000-3646
(100) 000-3647,(200) 000-3647
(100) 000-3648,(200) 000-3648
(100) 000-3649,(200) 000-3649
(100) 000-3650,(200) 000-3650
(100) 000-3651,(200) 000-3651
(100) 000-3652,(200) 000-3652
(100) 000-3653,(200) 000-3653
(100) 000-3654,(200) 000-3654
(100) 000-3655,(200) 000-3655
(100) 000-3656,(200) 000-3656
(100) 000-3657,(200) 000-3657
(100) 000-3658,(200) 000-3658
(100) 000-3659,(200) 000-3659
(100) 000-3660,(200) 000-3660
(100) 000-3661,(200) 000-3661
(100) 000-3662,(200) 000-3662
(100) 000-3663,(200) 000-3663
(100) 000-3664,(200) 000-3664
(100) 000-3665,(200) 000-3665
(100) 000-3666,(200) 000-3666
(100) 000-3667,(200) 000-3667
(100) 000-3668,(200) 000-3668
(100) 000-3669,(200) 000-3669
(100) 000-3670,(200) 000-3670
(100) 000-3671,(200) 000-3671
(100) 000-3672,(200) 000-3672
(100) 000-3673,(200) 000-3673
(100) 000-3674,(200) 000-3674
(100) 000-3675,(200) 000-3675
(100) 000-3676,(200) 000-3676
(100) 000-3677,(200) 000-3677
(100) 000-3678,(200) 000-3678
(100) 000-3679,(200) 000-3679
(100) 000-3680,(200) 000-3680
(100) 000-3681,(200) 000-3681
(100) 000-3682,(200) 000-3682
(100) 000-3683,(200) 000-3683
(100) 000-3684,(200) 000-3684
(100) 000-3685,(200) 000-3685
(100) 000-3686,(200) 000-3686
(100) 000-3687,(200) 000-3687
(100) 000-3688,(200) 000-3688
(100) 000-3689,(200) 000-3689
(100) 000-3690,(200) 000-3690
(100) 000-3691,(200) 000-3691
(100) 000-3692,(200) 000-3692
(100) 000-3693,(200) 000-3693
(100) 000-3694,(200) 000-3694
(100) 000-3695,(200) 000-3695
(100) 000-3696,(200) 000-3696
(100) 000-3697,(200) 000-3697
(100) 000-3698,(200) 000-3698
(100) 000-3699,(200) 000-3699
(100) 000-3700,(200) 000-3700
(100) 000-3701,(200) 000-3701
(100) 000-3702,(200) 000-3702
(100) 000-3703,(200) 000-3703
(100) 000-3704,(200) 000-3704
(100) 000-3705,(200) 000-3705
(100) 000-3706,(200) 000-3706
(100) 000-3707,(200) 000-3707
(100) 000-3708,(200) 000-3708
(100) 000-3709,(200) 000-3709
(100) 000-3710,(200) 000-3710
(100) 000-3711,(200) 000-3711
(100) 000-3712,(200) 000-3712
(100) 000-3713,(200) 000-3713
(100) 000-3714,(200) 000-3714
(100) 000-3715,(200) 000-3715
(100) 000-3716,(200) 000-3716
(100) 000-3717,(200) 000-3717
(100) 000-3718,(200) 000-3718
(100) 000-3719,(200) 000-3719
(100) 000-3720,(200) 000-3720
(100) 000-3721,(200) 000-3721
(100) 000-3722,(200) 000-3722
(100) 000-3723,(200) 000-3723
(100) 000-3724,(200) 000-3724
(100) 000-3725,(200) 000-3725
(100) 000-3726,(200) 000-3726
(100) 000-3727,(200) 000-3727
(100) 000-3728,(200) 000-3728
(100) 000-3729,(200) 000-3729
(100) 000-3730,(200) 000-3730
(100) 000-3731,(200) 000-3731
(100) 000-3732,(200) 000-3732
(100) 000-3733,(200) 000-3733
(100) 000-3734,(200) 000-3734
(100) 000-3735,(200) 000-3735
(100) 000-3736,(200) 000-3736
(100) 000-3737,(200) 000-3737
(100) 000-3738,(200) 000-3738
(100) 000-3739,(200) 000-3739
(100) 000-3740,(200) 000-3740
(100) 000-3741,(200) 000-3741
(100) 000-3742,(200) 000-3742
(100) 000-3743,(200) 000-3743
(100) 000-3744,(200) 000-3744
(100) 000-3745,(200) 000-3745
(100) 000-3746,(200) 000-3746
(100) 000-3747,(200) 000-3747
(100) 000-3748,(200) 000-3748
(100) 000-3749,(200) 000-3749
(100) 000-3750,(200) 000-3750
(100) 000-3751,(200) 000-3751
(100) 000-3752,(200) 000-3752
(100) 000-3753,(200) 000-3753
(100) 000-3754,(200) 000-3754
(100) 000-3755,(200) 000-3755
(100) 000-3756,(200) 000-3756
(100) 000-3757,(200) 000-3757
(100) 000-3758,(200) 000-3758
(100) 000-3759,(200) 000-3759
(100) 000-3760,(200) 000-3760
(100) 000-3761,(200) 000-3761
(100) 000-3762,(200) 000-3762
(100) 000-3763,(200) 000-3763
(100) 000-3764,(200) 000-3764
(100) 000-3765,(200) 000-3765
(100) 000-3766,(200) 000-3766
(100) 000-3767,(200) 000-3767
(100) 000-3768,(200) 000-3768
(100) 000-3769,(200) 000-3769
(100) 000-3770,(200) 000-3770
(100) 000-3771,(200) 000-3771
(100) 000-3772,(200) 000-3772
(100) 000-3773,(200) 000-3773
(100) 000-3774,(200) 000-3774
(100) 000-3775,(200) 000-3775
(100) 000-3776,(200) 000-3776
(100) 000-3777,(200) 000-3777
(100) 000-3778,(200) 000-3778
(100) 000-3779,(200) 000-3779
(100) 000-3780,(200) 000-3780
(100) 000-3781,(200) 000-3781
(100) 000-3782,(200) 000-3782
(100) 000-3783,(200) 000-3783
(100) 000-3784,(200) 000-3784
(100) 000-3785,(200) 000-3785
(100) 000-3786,(200) 000-3786
(100) 000-3787,(200) 000-3787
(100) 000-3788,(200) 000-3788
(100) 000-3789,(200) 000-3789
(100) 000-3790,(200) 000-3790
(100) 000-3791,(200) 000-3791
(100) 000-3792,(200) 000-3792
(100) 000-3793,(200) 000-3793
(100) 000-3794,(200) 000-3794
(100) 000-3795,(200) 000-3795
(100) 000-3796,(200) 000-3796
(100) 000-3797,(200) 000-3797
(100) 000-3798,(200) 000-3798
(100) 000-3799,(200) 000-3799
(100) 000-3800,(200) 000-3800
(100) 000-3801,(200) 000-3801
(100) 000-3802,(200) 000-3802
(100) 000-3803,(200) 000-3803
(100) 000-3804,(200) 000-3804
(100) 000-3805,(200) 000-3805
(100) 000-3806,(200) 000-3806
(100) 000-3807,(200) 000-3807
(100) 000-3808,(200) 000-3808
(100) 000-3809,(200) 000-3809
(100) 000-3810,(200) 000-3810
(100) 000-3811,(200) 000-3811
(100) 000-3812,(200) 000-3812
(100) 000-3813,(200) 000-3813
(100) 000-3814,(200) 000-3814
(100) 000-3815,(200) 000-3815
(100) 000-3816,(200) 000-3816
(100) 000-3817,(200) 000-3817
(100) 000-3818,(200) 000-3818
(100) 000-3819,(200) 000-3819
(100) 000-3820,(200) 000-3820
(100) 000-3821,(200) 000-3821
(100) 000-3822,(200) 000-3822
(100) 000-3823,(200) 000-3823
(100) 000-3824,(200) 000-3824
(100) 000-3825,(200) 000-3825
(100) 000-3826,(200) 000-3826
(100) 000-3827,(200) 000-3827
(100) 000-3828,(200) 000-3828
(100) 000-3829,(200) 000-3829
(100) 000-3830,(200) 000-3830
(100) 000-3831,(200) 000-3831
(100) 000-3832,(200) 000-3832
(100) 000-3833,(200) 000-3833
(100) 000-3834,(200) 000-3834
(100) 000-3835,(200) 000-3835
(100) 000-3836,(200) 000-3836
(100) 000-3837,(200) 000-3837
(100) 000-3838,(200) 000-3838
(100) 000-3839,(200) 000-3839
(100) 000-3840,(200) 000-3840
(100) 000-3841,(200) 000-3841
(100) 000-3842,(200) 000-3842
(100) 000-3843,(200) 000-3843
(100) 000-3844,(200) 000-3844
(100) 000-3845,(200) 000-3845
(100) 000-3846,(200) 000-3846
(100) 000-3847,(200) 000-3847
(100) 000-3848,(200) 000-3848
(100) 000-3849,(200) 000-3849
(100) 000-3850,(200) 000-3850
(100) 000-3851,(200) 000-3851
(100) 000-3852,(200) 000-3852
(100) 000-3853,(200) 000-3853
(100) 000-3854,(200) 000-3854
(100) 000-3855,(200) 000-3855
(100) 000-3856,(200) 000-3856
(100) 000-3857,(200) 000-3857
(100) 000-3858,(200) 000-3858
(100) 000-3859,(200) 000-3859
(100) 000-3860,(200) 000-3860
(100) 000-3861,(200) 000-3861
(100) 000-3862,(200) 000-3862
(100) 000-3863,(200) 000-3863
(100) 000-3864,(200) 000-3864
(100) 000-3865,(200) 000-3865
(100) 000-3866,(200) 000-3866
(100) 000-3867,(200) 000-3867
(100) 000-3868,(200) 000-3868
(100) 000-3869,(200) 000-3869
(100) 000-3870,(200) 000-3870
(100) 000-3871,(200) 000-3871
(100) 000-3872,(200) 000-3872
(100) 000-3873,(200) 000-3873
(100) 000-3874,(200) 000-3874
(100) 000-3875,(200) 000-3875
(100) 000-3876,(200) 000-3876
(100) 000-3877,(200) 000-3877
(100) 000-3878,(200) 000-3878
(100) 000-3879,(200) 000-3879
(100) 000-3880,(200) 000-3880
(100) 000-3881,(200) 000-3881
(100) 000-3882,(200) 000-3882
(100) 000-3883,(200) 000-3883
(100) 000-3884,(200) 000-3884
(100) 000-3885,(200) 000-3885
(100) 000-3886,(200) 000-3886
(100) 000-3887,(200) 000-3887
(100) 000-3888,(200) 000-3888
(100) 000-3889,(200) 000-3889
(100) 000-3890,(200) 000-3890
(100) 000-3891,(200) 000-3891
(100) 000-3892,(200) 000-3892
(100) 000-3893,(200) 000-3893
(100) 000-3894,(200) 000-3894
(100) 000-3895,(200) 000-3895
(100) 000-3896,(200) 000-3896
(100) 000-3897,(200) 000-3897
(100) 000-3898,(200) 000-3898
(100) 000-3899,(200) 000-3899
(100) 000-3900,(200) 000-3900
(100) 000-3901,(200) 000-3901
(100) 000-3902,(200) 000-3902
(100) 000-3903,(200) 000-3903
(100) 000-3904,(200) 000-3904
(100) 000-3905,(200) 000-3905
(100) 000-3906,(200) 000-3906
(100) 000-3907,(200) 000-3907
(100) 000-3908,(200) 000-3908
(100) 000-3909,(200) 000-3909
(100) 000-3910,(200) 000-3910
(100) 000-3911,(200) 000-3911
(100) 000-3912,(200) 000-3912
(100) 000-3913,(200) 000-3913
(100) 000-3914,(200) 000-3914
(100) 000-3915,(200) 000-3915
(100) 000-3916,(200) 000-3916
(100) 000-3917,(200) 000-3917
(100) 000-3918,(200) 000-3918
(100) 000-3919,(200) 000-3919
(100) 000-3920,(200) 000-3920
(100) 000-3921,(200) 000-3921
(100) 000-3922,(200) 000-3922
(100) 000-3923,(200) 000-3923
(100) 000-3924,(200) 000-3924
(100) 000-3925,(200) 000-3925
(100) 000-3926,(200) 000-3926
(100) 000-3927,(200) 000-3927
(100) 000-3928,(200) 000-3928
(100) 000-3929,(200) 000-3929
(100) 000-3930,(200) 000-3930
(100) 000-3931,(200) 000-3931
(100) 000-3932,(200) 000-3932
(100) 000-3933,(200) 000-3933
(100) 000-3934,(200) 000-3934
(100) 000-3935,(200) 000-3935
(100) 000-3936,(200) 000-3936
(100) 000-3937,(200) 000-3937
(100) 000-3938,(200) 000-3938
(100) 000-3939,(200) 000-3939
(100) 000-3940,(200) 000-3940
(100) 000-3941,(200) 000-3941
(100) 000-3942,(200) 000-3942
(100) 000-3943,(200) 000-3943
(100) 000-3944,(200) 000-3944
(100) 000-3945,(200) 000-3945
(100) 000-3946,(200) 000-3946
(100) 000-3947,(200) 000-3947
(100) 000-3948,(200) 000-3948
(100) 000-3949,(200) 000-3949
(100) 000-3950,(200) 000-3950
(100) 000-3951,(200) 000-3951
(100) 000-3952,(200) 000-3952
(100) 000-3953,(200) 000-3953
(100) 000-3954,(200) 000-3954
(100) 000-3955,(200) 000-3955
(100) 000-3956,(200) 000-3956
(100) 000-3957,(200) 000-3957
(100) 000-3958,(200) 000-3958
(100) 000-3959,(200) 000-3959
(100) 000-3960,(200) 000-3960
(100) 000-3961,(200) 000-3961
(100) 000-3962,(200) 000-3962
(100) 000-3963,(200) 000-3963
(100) 000-3964,(200) 000-3964
(100) 000-3965,(200) 000-3965
(100) 000-3966,(200) 000-3966
(100) 000-3967,(200) 000-3967
(100) 000-3968,(200) 000-3968
(100) 000-3969,(200) 000-3969
(100) 000-3970,(200) 000-3970
(100) 000-3971,(200) 000-3971
(100) 000-3972,(200) 000-3972
(100) 000-3973,(200) 000-3973
(100) 000-3974,(200) 000-3974
(100) 000-3975,(200) 000-3975
(100) 000-3976,(200) 000-3976
(100) 000-3977,(200) 000-3977
(100) 000-3978,(200) 000-3978
(100) 000-3979,(200) 000-3979
(100) 000-3980,(200) 000-3980
(100) 000-3981,(200) 000-3981
(100) 000-3982,(200) 000-3982
(100) 000-3983,(200) 000-3983
(100) 000-3984,(200) 000-3984
(100) 000-3985,(200) 000-3985
(100) 000-3986,(200) 000-3986
(100) 000-3987,(200) 000-3987
(100) 000-3988,(200) 000-3988
(100) 000-3989,(200) 000-3989
(100) 000-3990,(200) 000-3990
(100) 000-3991,(200) 000-3991
(100) 000-3992,(200) 000-3992
(100) 000-3993,(200) 000-3993
(100) 000-3994,(200) 000-3994
(100) 000-3995,(200) 000-3995
(100) 000-3996,(200) 000-3996
(100) 000-3997,(200) 000-3997
(100) 000-3998,(200) 000-3998
(100) 000-3999,(200) 000-3999
(100) 000-4000,(200) 000-4000
(100) 000-4001,(200) 000-4001
(100) 000-4002,(200) 000-4002
(100) 000-4003,(200) 000-4003
(100) 000-4004,(200) 000-4004
(100) 000-4005,(200) 000-4005
(100) 000-4006,(200) 000-4006
(100) 000-4007,(200) 000-4007
(100) 000-4008,(200) 000-4008
(100) 000-4009,(200) 000-4009
(100) 000-4010,(200) 000-4010
(100) 000-4011,(200) 000-4011
(100) 000-4012,(200) 000-4012
(100) 000-4013,(200) 000-4013
(100) 000-4014,(200) 000-4014
(100) 000-4015,(200) 000-4015
(100) 000-4016,(200) 000-4016
(100) 000-4017,(200) 000-4017
(100) 000-4018,(200) 000-4018
(100) 000-4019,(200) 000-4019
(100) 000-4020,(200) 000-4020
(100) 000-4021,(200) 000-4021
(100) 000-4022,(200) 000-4022
(100) 000-4023,(200) 000-4023
(100) 000-4024,(200) 000-4024
(100) 000-4025,(200) 000-4025
(100) 000-4026,(200) 000-4026
(100) 000-4027,(200) 000-4027
(100) 000-4028,(200) 000-4028
(100) 000-4029,(200) 000-4029
(100) 000-4030,(200) 000-4030
(100) 000-4031,(200) 000-4031
(100) 000-4032,(200) 000-4032
(100) 000-4033,(200) 000-4033
(100) 000-4034,(200) 000-4034
(100) 000-4035,(200) 000-4035
(100) 000-4036,(200) 000-4036
(100) 000-4037,(200) 000-4037
(100) 000-4038,(200) 000-4038
(100) 000-4039,(200) 000-4039
(100) 000-4040,(200) 000-4040
(100) 000-4041,(200) 000-4041
(100) 000-4042,(200) 000-4042
(100) 000-4043,(200) 000-4043
(100) 000-4044,(200) 000-4044
(100) 000-4045,(200) 000-4045
(100) 000-4046,(200) 000-4046
(100) 000-4047,(200) 000-4047
(100) 000-4048,(200) 000-4048
(100) 000-4049,(200) 000-4049
(100) 000-4050,(200) 000-4050
(100) 000-4051,(200) 000-4051
(100) 000-4052,(200) 000-4052
(100) 000-4053,(200) 000-4053
(100) 000-4054,(200) 000-4054
(100) 000-4055,(200) 000-4055
(100) 000-4056,(200) 000-4056
(100) 000-4057,(200) 000-4057
(100) 000-4058,(200) 000-4058
(100) 000-4059,(200) 000-4059
(100) 000-4060,(200) 000-4060
(100) 000-4061,(200) 000-4061
(100) 000-4062,(200) 000-4062
(100) 000-4063,(200) 000-4063
(100) 000-4064,(200) 000-4064
(100) 000-4065,(200) 000-4065
(100) 000-4066,(200) 000-4066
(100) 000-4067,(200) 000-4067
(100) 000-4068,(200) 000-4068
(100) 000-4069,(200) 000-4069
(100) 000-4070,(200) 000-4070
(100) 000-4071,(200) 000-4071
(100) 000-4072,(200) 000-4072
(100) 000-4073,(200) 000-4073
(100) 000-4074,(200) 000-4074
(100) 000-4075,(200) 000-4075
(100) 000-4076,(200) 000-4076
(100) 000-4077,(200) 000-4077
(100) 000-4078,(200) 000-4078
(100) 000-4079,(200) 000-4079
(100) 000-4080,(200) 000-4080
(100) 000-4081,(200) 000-4081
(100) 000-4082,(200) 000-4082
(100) 000-4083,(200) 000-4083
(100) 000-4084,(200) 000-4084
(100) 000-4085,(200) 000-4085
(100) 000-4086,(200) 000-4086
(100) 000-4087,(200) 000-4087
(100) 000-4088,(200) 000-4088
(100) 000-4089,(200) 000-4089
(100) 000-4090,(200) 000-4090
(100) 000-4091,(200) 000-4091
(100) 000-4092,(200) 000-4092
(100) 000-4093,(200) 000-4093
(100) 000-4094,(200) 000-4094
(100) 000-4095,(200) 000-4095
(100) 000-4096,(200) 000-4096
(100) 000-4097,(200) 000-4097
(100) 000-4098,(200) 000-4098
(100) 000-4099,(200) 000-4099
(100) 000-4100,(200) 000-4100
(100) 000-4101,(200) 000-4101
(100) 000-4102,(200) 000-4102
(100) 000-4103,(200) 000-4103
(100) 000-4104,(200) 000-4104
(100) 000-4105,(200) 000-4105
(100) 000-4106,(200) 000-4106
(100) 000-4107,(200) 000-4107
(100) 000-4108,(200) 000-4108
(100) 000-4109,(200) 000-4109
(100) 000-4110,(200) 000-4110
(100) 000-4111,(200) 000-4111
(100) 000-4112,(200) 000-4112
(100) 000-4113,(200) 000-4113
(100) 000-4114,(200) 000-4114
(100) 000-4115,(200) 000-4115
(100) 000-4116,(200) 000-4116
(100) 000-4117,(200) 000-4117
(100) 000-4118,(200) 000-4118
(100) 000-4119,(200) 000-4119
(100) 000-4120,(200) 000-4120
(100) 000-4121,(200) 000-4121
(100) 000-4122,(200) 000-4122
(100) 000-4123,(200) 000-4123
(100) 000-4124,(200) 000-4124
(100) 000-4125,(200) 000-4125
(100) 000-4126,(200) 000-4126
(100) 000-4127,(200) 000-4127
(100) 000-4128,(200) 000-4128
(100) 000-4129,(200) 000-4129
(100) 000-4130,(200) 000-4130
(100) 000-4131,(200) 000-4131
(100) 000-4132,(200) 000-4132
(100) 000-4133,(200) 000-4133
(100) 000-4134,(200) 000-4134
(100) 000-4135,(200) 000-4135
(100) 000-4136,(200) 000-4136
(100) 000-4137,(200) 000-4137
(100) 000-4138,(200) 000-4138
(100) 000-4139,(200) 000-4139
(100) 000-4140,(200) 000-4140
(100) 000-4141,(200) 000-4141
(100) 000-4142,(200) 000-4142
(100) 000-4143,(200) 000-4143
(100) 000-4144,(200) 000-4144
(100) 000-4145,(200) 000-4145
(100) 000-4146,(200) 000-4146
(100) 000-4147,(200) 000-4147
(100) 000-4148,(200) 000-4148
(100) 000-4149,(200) 000-4149
(100) 000-4150,(200) 000-4150
(100) 000-4151,(200) 000-4151
(100) 000-4152,(200) 000-4152
(100) 000-4153,(200) 000-4153
(100) 000-4154,(200) 000-4154
(100) 000-4155,(200) 000-4155
(100) 000-4156,(200) 000-4156
(100) 000-4157,(200) 000-4157
(100) 000-4158,(200) 000-4158
(100) 000-4159,(200) 000-4159
(100) 000-4160,(200) 000-4160
(100) 000-4161,(200) 000-4161
(100) 000-4162,(200) 000-4162
(100) 000-4163,(200) 000-4163
(100) 000-4164,(200) 000-4164
(100) 000-4165,(200) 000-4165
(100) 000-4166,(200) 000-4166
(100) 000-4167,(200) 000-4167
(100) 000-4168,(200) 000-4168
(100) 000-4169,(200) 000-4169
(100) 000-4170,(200) 000-4170
(100) 000-4171,(200) 000-4171
(100) 000-4172,(200) 000-4172
(100) 000-4173,(200) 000-4173
(100) 000-4174,(200) 000-4174
(100) 000-4175,(200) 000-4175
(100) 000-4176,(200) 000-4176
(100) 000-4177,(200) 000-4177
(100) 000-4178,(200) 000-4178
(100) 000-4179,(200) 000-4179
(100) 000-4180,(200) 000-4180
(100) 000-4181,(200) 000-4181
(100) 000-4182,(200) 000-4182
(100) 000-4183,(200) 000-4183
(100) 000-4184,(200) 000-4184
(100) 000-4185,(200) 000-4185
(100) 000-4186,(200) 000-4186
(100) 000-4187,(200) 000-4187
(100) 000-4188,(200) 000-4188
(100) 000-4189,(200) 000-4189
(100) 000-4190,(200) 000-4190
(100) 000-4191,(200) 000-4191
(100) 000-4192,(200) 000-4192
(100) 000-4193,(200) 000-4193
(100) 000-4194,(200) 000-4194
(100) 000-4195,(200) 000-4195
(100) 000-4196,(200) 000-4196
(100) 000-4197,(200) 000-4197
(100) 000-4198,(200) 000-4198
(100) 000-4199,(200) 000-4199
(100) 000-4200,(200) 000-4200
(100) 000-4201,(200) 000-4201
(100) 000-4202,(200) 000-4202
(100) 000-4203,(200) 000-4203
(100) 000-4204,(200) 000-4204
(100) 000-4205,(200) 000-4205
(100) 000-4206,(200) 000-4206
(100) 000-4207,(200) 000-4207
(100) 000-4208,(200) 000-4208
(100) 000-4209,(200) 000-4209
(100) 000-4210,(200) 000-4210
(100) 000-4211,(200) 000-4211
(100) 000-4212,(200) 000-4212
(100) 000-4213,(200) 000-4213
(100) 000-4214,(200) 000-4214
(100) 000-4215,(200) 000-4215
(100) 000-4216,(200) 000-4216
(100) 000-4217,(200) 000-4217
(100) 000-4218,(200) 000-4218
(100) 000-4219,(200) 000-4219
(100) 000-4220,(200) 000-4220
(100) 000-4221,(200) 000-4221
(100) 000-4222,(200) 000-4222
(100) 000-4223,(200) 000-4223
(100) 000-4224,(200) 000-4224
(100) 000-4225,(200) 000-4225
(100) 000-4226,(200) 000-4226
(100) 000-4227,(200) 000-4227
(100) 000-4228,(200) 000-4228
(100) 000-4229,(200) 000-4229
(100) 000-4230,(200) 000-4230
(100) 000-4231,(200) 000-4231
(100) 000-4232,(200) 000-4232
(100) 000-4233,(200) 000-4233
(100) 000-4234,(200) 000-4234
(100) 000-4235,(200) 000-4235
(100) 000-4236,(200) 000-4236
(100) 000-4237,(200) 000-4237
(100) 000-4238,(200) 000-4238
(100) 000-4239,(200) 000-4239
(100) 000-4240,(200) 000-4240
(100) 000-4241,(200) 000-4241
(100) 000-4242,(200) 000-4242
(100) 000-4243,(200) 000-4243
(100) 000-4244,(200) 000-4244
(100) 000-4245,(200) 000-4245
(100) 000-4246,(200) 000-4246
(100) 000-4247,(200) 000-4247
(100) 000-4248,(200) 000-4248
(100) 000-4249,(200) 000-4249
(100) 000-4250,(200) 000-4250
(100) 000-4251,(200) 000-4251
(100) 000-4252,(200) 000-4252
(100) 000-4253,(200) 000-4253
(100) 000-4254,(200) 000-4254
(100) 000-4255,(200) 000-4255
(100) 000-4256,(200) 000-4256
(100) 000-4257,(200) 000-4257
(100) 000-4258,(200) 000-4258
(100) 000-4259,(200) 000-4259
(100) 000-4260,(200) 000-4260
(100) 000-4261,(200) 000-4261
(100) 000-4262,(200) 000-4262
(100) 000-4263,(200) 000-4263
(100) 000-4264,(200) 000-4264
(100) 000-4265,(200) 000-4265
(100) 000-4266,(200) 000-4266
(100) 000-4267,(200) 000-4267
(100) 000-4268,(200) 000-4268
(100) 000-4269,(200) 000-4269
(100) 000-4270,(200) 000-4270
(100) 000-4271,(200) 000-4271
(100) 000-4272,(200) 000-4272
(100) 000-4273,(200) 000-4273
(100) 000-4274,(200) 000-4274
(100) 000-4275,(200) 000-4275
(100) 000-4276,(200) 000-4276
(100) 000-4277,(200) 000-4277
(100) 000-4278,(200) 000-4278
(100) 000-4279,(200) 000-4279
(100) 000-4280,(200) 000-4280
(100) 000-4281,(200) 000-4281
(100) 000-4282,(200) 000-4282
(100) 000-4283,(200) 000-4283
(100) 000-4284,(200) 000-4284
(100) 000-4285,(200) 000-4285
(100) 000-4286,(200) 000-4286
(100) 000-4287,(200) 000-4287
(100) 000-4288,(200) 000-4288
(100) 000-4289,(200) 000-4289
(100) 000-4290,(200) 000-4290
(100) 000-4291,(200) 000-4291
(100) 000-4292,(200) 000-4292
(100) 000-4293,(200) 000-4293
(100) 000-4294,(200) 000-4294
(100) 000-4295,(200) 000-4295
(100) 000-4296,(200) 000-4296
(100) 000-4297,(200) 000-4297
(100) 000-4298,(200) 000-4298
(100) 000-4299,(200) 000-4299
(100) 000-4300,(200) 000-4300
(100) 000-4301,(200) 000-4301
(100) 000-4302,(200) 000-4302
(100) 000-4303,(200) 000-4303
(100) 000-4304,(200) 000-4304
(100) 000-4305,(200) 000-4305
(100) 000-4306,(200) 000-4306
(100) 000-4307,(200) 000-4307
(100) 000-4308,(200) 000-4308
(100) 000-4309,(200) 000-4309
(100) 000-4310,(200) 000-4310
(100) 000-4311,(200) 000-4311
(100) 000-4312,(200) 000-4312
(100) 000-4313,(200) 000-4313
(100) 000-4314,(200) 000-4314
(100) 000-4315,(200) 000-4315
(100) 000-4316,(200) 000-4316
(100) 000-4317,(200) 000-4317
(100) 000-4318,(200) 000-4318
(100) 000-4319,(200) 000-4319
(100) 000-4320,(200) 000-4320
(100) 000-4321,(200) 000-4321
(100) 000-4322,(200) 000-4322
(100) 000-4323,(200) 000-4323
(100) 000-4324,(200) 000-4324
(100) 000-4325,(200) 000-4325
(100) 000-4326,(200) 000-4326
(100) 000-4327,(200) 000-4327
(100) 000-4328,(200) 000-4328
(100) 000-4329,(200) 000-4329
(100) 000-4330,(200) 000-4330
(100) 000-4331,(200) 000-4331
(100) 000-4332,(200) 000-4332
(100) 000-4333,(200) 000-4333
(100) 000-4334,(200) 000-4334
(100) 000-4335,(200) 000-4335
(100) 000-4336,(200) 000-4336
(100) 000-4337,(200) 000-4337
(100) 000-4338,(200) 000-4338
(100) 000-4339,(200) 000-4339
(100) 000-4340,(200) 000-4340
(100) 000-4341,(200) 000-4341
(100) 000-4342,(200) 000-4342
(100) 000-4343,(200) 000-4343
(100) 000-4344,(200) 000-4344
(100) 000-4345,(200) 000-4345
(100) 000-4346,(200) 000-4346
(100) 000-4347,(200) 000-4347
(100) 000-4348,(200) 000-4348
(100) 000-4349,(200) 000-4349
(100) 000-4350,(200) 000-4350
(100) 000-4351,(200) 000-4351
(100) 000-4352,(200) 000-4352
(100) 000-4353,(200) 000-4353
(100) 000-4354,(200) 000-4354
(100) 000-4355,(200) 000-4355
(100) 000-4356,(200) 000-4356
(100) 000-4357,(200) 000-4357
(100) 000-4358,(200) 000-4358
(100) 000-4359,(200) 000-4359
(100) 000-4360,(200) 000-4360
(100) 000-4361,(200) 000-4361
(100) 000-4362,(200) 000-4362
(100) 000-4363,(200) 000-4363
(100) 000-4364,(200) 000-4364
(100) 000-4365,(200) 000-4365
(100) 000-4366,(200) 000-4366
(100) 000-4367,(200) 000-4367
(100) 000-4368,(200) 000-4368
(100) 000-4369,(200) 000-4369
(100) 000-4370,(200) 000-4370
(100) 000-4371,(200) 000-4371
(100) 000-4372,(200) 000-4372
(100) 000-4373,(200) 000-4373
(100) 000-4374,(200) 000-4374
(100) 000-4375,(200) 000-4375
(100) 000-4376,(200) 000-4376
(100) 000-4377,(200) 000-4377
(100) 000-4378,(200) 000-4378
(100) 000-4379,(200) 000-4379
(100) 000-4380,(200) 000-4380
(100) 000-4381,(200) 000-4381
(100) 000-4382,(200) 000-4382
(100) 000-4383,(200) 000-4383
(100) 000-4384,(200) 000-4384
(100) 000-4385,(200) 000-4385
(100) 000-4386,(200) 000-4386
(100) 000-4387,(200) 000-4387
(100) 000-4388,(200) 000-4388
(100) 000-4389,(200) 000-4389
(100) 000-4390,(200) 000-4390
(100) 000-4391,(200) 000-4391
(100) 000-4392,(200) 000-4392
(100) 000-4393,(200) 000-4393
(100) 000-4394,(200) 000-4394
(100) 000-4395,(200) 000-4395
(100) 000-4396,(200) 000-4396
(100) 000-4397,(200) 000-4397
(100) 000-4398,(200) 000-4398
(100) 000-4399,(200) 000-4399
(100) 000-4400,(200) 000-4400
(100) 000-4401,(200) 000-4401
(100) 000-4402,(200) 000-4402
(100) 000-4403,(200) 000-4403
(100) 000-4404,(200) 000-4404
(100) 000-4405,(200) 000-4405
(100) 000-4406,(200) 000-4406
(100) 000-4407,(200) 000-4407
(100) 000-4408,(200) 000-4408
(100) 000-4409,(200) 000-4409
(100) 000-4410,(200) 000-4410
(100) 000-4411,(200) 000-4411
(100) 000-4412,(200) 000-4412
(100) 000-4413,(200) 000-4413
(100) 000-4414,(200) 000-4414
(100) 000-4415,(200) 000-4415
(100) 000-4416,(200) 000-4416
(100) 000-4417,(200) 000-4417
(100) 000-4418,(200) 000-4418
(100) 000-4419,(200) 000-4419
(100) 000-4420,(200) 000-4420
(100) 000-4421,(200) 000-4421
(100) 000-4422,(200) 000-4422
(100) 000-4423,(200) 000-4423
(100) 000-4424,(200) 000-4424
(100) 000-4425,(200) 000-4425
(100) 000-4426,(200) 000-4426
(100) 000-4427,(200) 000-4427
(100) 000-4428,(200) 000-4428
(100) 000-4429,(200) 000-4429
(100) 000-4430,(200) 000-4430
(100) 000-4431,(200) 000-4431
(100) 000-4432,(200) 000-4432
(100) 000-4433,(200) 000-4433
(100) 000-4434,(200) 000-4434
(100) 000-4435,(200) 000-4435
(100) 000-4436,(200) 000-4436
(100) 000-4437,(200) 000-4437
(100) 000-4438,(200) 000-4438
(100) 000-4439,(200) 000-4439
(100) 000-4440,(200) 000-4440
(100) 000-4441,(200) 000-4441
(100) 000-4442,(200) 000-4442
(100) 000-4443,(200) 000-4443
(100) 000-4444,(200) 000-4444
(100) 000-4445,(200) 000-4445
(100) 000-4446,(200) 000-4446
(100) 000-4447,(200) 000-4447
(100) 000-4448,(200) 000-4448
(100) 000-4449,(200) 000-4449
(100) 000-4450,(200) 000-4450
(100) 000-4451,(200) 000-4451
(100) 000-4452,(200) 000-4452
(100) 000-4453,(200) 000-4453
(100) 000-4454,(200) 000-4454
(100) 000-4455,(200) 000-4455
(100) 000-4456,(200) 000-4456
(100) 000-4457,(200) 000-4457
(100) 000-4458,(200) 000-4458
(100) 000-4459,(200) 000-4459
(100) 000-4460,(200) 000-4460
(100) 000-4461,(200) 000-4461
(100) 000-4462,(200) 000-4462
(100) 000-4463,(200) 000-4463
(100) 000-4464,(200) 000-4464
(100) 000-4465,(200) 000-4465
(100) 000-4466,(200) 000-4466
(100) 000-4467,(200) 000-4467
(100) 000-4468,(200) 000-4468
(100) 000-4469,(200) 000-4469
(100) 000-4470,(200) 000-4470
(100) 000-4471,(200) 000-4471
(100) 000-4472,(200) 000-4472
(100) 000-4473,(200) 000-4473
(100) 000-4474,(200) 000-4474
(100) 000-4475,(200) 000-4475
(100) 000-4476,(200) 000-4476
(100) 000-4477,(200) 000-4477
(100) 000-4478,(200) 000-4478
(100) 000-4479,(200) 000-4479
(100) 000-4480,(200) 000-4480
(100) 000-4481,(200) 000-4481
(100) 000-4482,(200) 000-4482
(100) 000-4483,(200) 000-4483
(100) 000-4484,(200) 000-4484
(100) 000-4485,(200) 000-4485
(100) 000-4486,(200) 000-4486
(100) 000-4487,(200) 000-4487
(100) 000-4488,(200) 000-4488
(100) 000-4489,(200) 000-4489
(100) 000-4490,(200) 000-4490
(100) 000-4491,(200) 000-4491
(100) 000-4492,(200) 000-4492
(100) 000-4493,(200) 000-4493
(100) 000-4494,(200) 000-4494
(100) 000-4495,(200) 000-4495
(100) 000-4496,(200) 000-4496
(100) 000-4497,(200) 000-4497
(100) 000-4498,(200) 000-4498
(100) 000-4499,(200) 000-4499
(100) 000-4500,(200) 000-4500
(100) 000-4501,(200) 000-4501
(100) 000-4502,(200) 000-4502
(100) 000-4503,(200) 000-4503
(100) 000-4504,(200) 000-4504
(100) 000-4505,(200) 000-4505
(100) 000-4506,(200) 000-4506
(100) 000-4507,(200) 000-4507
(100) 000-4508,(200) 000-4508
(100) 000-4509,(200) 000-4509
(100) 000-4510,(200) 000-4510
(100) 000-4511,(200) 000-4511
(100) 000-4512,(200) 000-4512
(100) 000-4513,(200) 000-4513
(100) 000-4514,(200) 000-4514
(100) 000-4515,(200) 000-4515
(100) 000-4516,(200) 000-4516
(100) 000-4517,(200) 000-4517
(100) 000-4518,(200) 000-4518
(100) 000-4519,(200) 000-4519
(100) 000-4520,(200) 000-4520
(100) 000-4521,(200) 000-4521
(100) 000-4522,(200) 000-4522
(100) 000-4523,(200) 000-4523
(100) 000-4524,(200) 000-4524
(100) 000-4525,(200) 000-4525
(100) 000-4526,(200) 000-4526
(100) 000-4527,(200) 000-4527
(100) 000-4528,(200) 000-4528
(100) 000-4529,(200) 000-4529
(100) 000-4530,(200) 000-4530
(100) 000-4531,(200) 000-4531
(100) 000-4532,(200) 000-4532
(100) 000-4533,(200) 000-4533
(100) 000-4534,(200) 000-4534
(100) 000-4535,(200) 000-4535
(100) 000-4536,(200) 000-4536
(100) 000-4537,(200) 000-4537
(100) 000-4538,(200) 000-4538
(100) 000-4539,(200) 000-4539
(100) 000-4540,(200) 000-4540
(100) 000-4541,(200) 000-4541
(100) 000-4542,(200) 000-4542
(100) 000-4543,(200) 000-4543
(100) 000-4544,(200) 000-4544
(100) 000-4545,(200) 000-4545
(100) 000-4546,(200) 000-4546
(100) 000-4547,(200) 000-4547
(100) 000-4548,(200) 000-4548
(100) 000-4549,(200) 000-4549
(100) 000-4550,(200) 000-4550
(100) 000-4551,(200) 000-4551
(100) 000-4552,(200) 000-4552
(100) 000-4553,(200) 000-4553
(100) 000-4554,(200) 000-4554
(100) 000-4555,(200) 000-4555
(100) 000-4556,(200) 000-4556
(100) 000-4557,(200) 000-4557
(100) 000-4558,(200) 000-4558
(100) 000-4559,(200) 000-4559
(100) 000-4560,(200) 000-4560
(100) 000-4561,(200) 000-4561
(100) 000-4562,(200) 000-4562
(100) 000-4563,(200) 000-4563
(100) 000-4564,(200) 000-4564
(100) 000-4565,(200) 000-4565
(100) 000-4566,(200) 000-4566
(100) 000-4567,(200) 000-4567
(100) 000-4568,(200) 000-4568
(100) 000-4569,(200) 000-4569
(100) 000-4570,(200) 000-4570
(100) 000-4571,(200) 000-4571
(100) 000-4572,(200) 000-4572
(100) 000-4573,(200) 000-4573
(100) 000-4574,(200) 000-4574
(100) 000-4575,(200) 000-4575
(100) 000-4576,(200) 000-4576
(100) 000-4577,(200) 000-4577
(100) 000-4578,(200) 000-4578
(100) 000-4579,(200) 000-4579
(100) 000-4580,(200) 000-4580
(100) 000-4581,(200) 000-4581
(100) 000-4582,(200) 000-4582
(100) 000-4583,(200) 000-4583
(100) 000-4584,(200) 000-4584
(100) 000-4585,(200) 000-4585
(100) 000-4586,(200) 000-4586
(100) 000-4587,(200) 000-4587
(100) 000-4588,(200) 000-4588
(100) 000-4589,(200) 000-4589
(100) 000-4590,(200) 000-4590
(100) 000-4591,(200) 000-4591
(100) 000-4592,(200) 000-4592
(100) 000-4593,(200) 000-4593
(100) 000-4594,(200) 000-4594
(100) 000-4595,(200) 000-4595
(100) 000-4596,(200) 000-4596
(100) 000-4597,(200) 000-4597
(100) 000-4598,(200) 000-4598
(100) 000-4599,(200) 000-4599
(100) 000-4600,(200) 000-4600
(100) 000-4601,(200) 000-4601
(100) 000-4602,(200) 000-4602
(100) 000-4603,(200) 000-4603
(100) 000-4604,(200) 000-4604
(100) 000-4605,(200) 000-4605
(100) 000-4606,(200) 000-4606
(100) 000-4607,(200) 000-4607
(100) 000-4608,(200) 000-4608
(100) 000-4609,(200) 000-4609
(100) 000-4610,(200) 000-4610
(100) 000-4611,(200) 000-4611
(100) 000-4612,(200) 000-4612
(100) 000-4613,(200) 000-4613
(100) 000-4614,(200) 000-4614
(100) 000-4615,(200) 000-4615
(100) 000-4616,(200) 000-4616
(100) 000-4617,(200) 000-4617
(100) 000-4618,(200) 000-4618
(100) 000-4619,(200) 000-4619
(100) 000-4620,(200) 000-4620
(100) 000-4621,(200) 000-4621
(100) 000-4622,(200) 000-4622
(100) 000-4623,(200) 000-4623
(100) 000-4624,(200) 000-4624
(100) 000-4625,(200) 000-4625
(100) 000-4626,(200) 000-4626
(100) 000-4627,(200) 000-4627
(100) 000-4628,(200) 000-4628
(100) 000-4629,(200) 000-4629
(100) 000-4630,(200) 000-4630
(100) 000-4631,(200) 000-4631
(100) 000-4632,(200) 000-4632
(100) 000-4633,(200) 000-4633
(100) 000-4634,(200) 000-4634
(100) 000-4635,(200) 000-4635
(100) 000-4636,(200) 000-4636
(100) 000-4637,(200) 000-4637
(100) 000-4638,(200) 000-4638
(100) 000-4639,(200) 000-4639
(100) 000-4640,(200) 000-4640
(100) 000-4641,(200) 000-4641
(100) 000-4642,(200) 000-4642
(100) 000-4643,(200) 000-4643
(100) 000-4644,(200) 000-4644
(100) 000-4645,(200) 000-4645
(100) 000-4646,(200) 000-4646
(100) 000-4647,(200) 000-4647
(100) 000-4648,(200) 000-4648
(100) 000-4649,(200) 000-4649
(100) 000-4650,(200) 000-4650
(100) 000-4651,(200) 000-4651
(100) 000-4652,(200) 000-4652
(100) 000-4653,(200) 000-4653
(100) 000-4654,(200) 000-4654
(100) 000-4655,(200) 000-4655
(100) 000-4656,(200) 000-4656
(100) 000-4657,(200) 000-4657
(100) 000-4658,(200) 000-4658
(100) 000-4659,(200) 000-4659
(100) 000-4660,(200) 000-4660
(100) 000-4661,(200) 000-4661
(100) 000-4662,(200) 000-4662
(100) 000-4663,(200) 000-4663
(100) 000-4664,(200) 000-4664
(100) 000-4665,(200) 000-4665
(100) 000-4666,(200) 000-4666
(100) 000-4667,(200) 000-4667
(100) 000-4668,(200) 000-4668
(100) 000-4669,(200) 000-4669
(100) 000-4670,(200) 000-4670
(100) 000-4671,(200) 000-4671
(100) 000-4672,(200) 000-4672
(100) 000-4673,(200) 000-4673
(100) 000-4674,(200) 000-4674
(100) 000-4675,(200) 000-4675
(100) 000-4676,(200) 000-4676
(100) 000-4677,(200) 000-4677
(100) 000-4678,(200) 000-4678
(100) 000-4679,(200) 000-4679
(100) 000-4680,(200) 000-4680
(100) 000-4681,(200) 000-4681
(100) 000-4682,(200) 000-4682
(100) 000-4683,(200) 000-4683
(100) 000-4684,(200) 000-4684
(100) 000-4685,(200) 000-4685
(100) 000-4686,(200) 000-4686
(100) 000-4687,(200) 000-4687
(100) 000-4688,(200) 000-4688
(100) 000-4689,(200) 000-4689
(100) 000-4690,(200) 000-4690
(100) 000-4691,(200) 000-4691
(100) 000-4692,(200) 000-4692
(100) 000-4693,(200) 000-4693
(100) 000-4694,(200) 000-4694
(100) 000-4695,(200) 000-4695
(100) 000-4696,(200) 000-4696
(100) 000-4697,(200) 000-4697
(100) 000-4698,(200) 000-4698
(100) 000-4699,(200) 000-4699
(100) 000-4700,(200) 000-4700
(100) 000-4701,(200) 000-4701
(100) 000-4702,(200) 000-4702
(100) 000-4703,(200) 000-4703
(100) 000-4704,(200) 000-4704
(100) 000-4705,(200) 000-4705
(100) 000-4706,(200) 000-4706
(100) 000-4707,(200) 000-4707
(100) 000-4708,(200) 000-4708
(100) 000-4709,(200) 000-4709
(100) 000-4710,(200) 000-4710
(100) 000-4711,(200) 000-4711
(100) 000-4712,(200) 000-4712
(100) 000-4713,(200) 000-4713
(100) 000-4714,(200) 000-4714
(100) 000-4715,(200) 000-4715
(100) 000-4716,(200) 000-4716
(100) 000-4717,(200) 000-4717
(100) 000-4718,(200) 000-4718
(100) 000-4719,(200) 000-4719
(100) 000-4720,(200) 000-4720
(100) 000-4721,(200) 000-4721
(100) 000-4722,(200) 000-4722
(100) 000-4723,(200) 000-4723
(100) 000-4724,(200) 000-4724
(100) 000-4725,(200) 000-4725
(100) 000-4726,(200) 000-4726
(100) 000-4727,(200) 000-4727
(100) 000-4728,(200) 000-4728
(100) 000-4729,(200) 000-4729
(100) 000-4730,(200) 000-4730
(100) 000-4731,(200) 000-4731
(100) 000-4732,(200) 000-4732
(100) 000-4733,(200) 000-4733
(100) 000-4734,(200) 000-4734
(100) 000-4735,(200) 000-4735
(100) 000-4736,(200) 000-4736
(100) 000-4737,(200) 000-4737
(100) 000-4738,(200) 000-4738
(100) 000-4739,(200) 000-4739
(100) 000-4740,(200) 000-4740
(100) 000-4741,(200) 000-4741
(100) 000-4742,(200) 000-4742
(100) 000-4743,(200) 000-4743
(100) 000-4744,(200) 000-4744
(100) 000-4745,(200) 000-4745
(100) 000-4746,(200) 000-4746
(100) 000-4747,(200) 000-4747
(100) 000-4748,(200) 000-4748
(100) 000-4749,(200) 000-4749
(100) 000-4750,(200) 000-4750
(100) 000-4751,(200) 000-4751
(100) 000-4752,(200) 000-4752
(100) 000-4753,(200) 000-4753
(100) 000-4754,(200) 000-4754
(100) 000-4755,(200) 000-4755
(100) 000-4756,(200) 000-4756
(100) 000-4757,(200) 000-4757
(100) 000-4758,(200) 000-4758
(100) 000-4759,(200) 000-4759
(100) 000-4760,(200) 000-4760
(100) 000-4761,(200) 000-4761
(100) 000-4762,(200) 000-4762
(100) 000-4763,(200) 000-4763
(100) 000-4764,(200) 000-4764
(100) 000-4765,(200) 000-4765
(100) 000-4766,(200) 000-4766
(100) 000-4767,(200) 000-4767
(100) 000-4768,(200) 000-4768
(100) 000-4769,(200) 000-4769
(100) 000-4770,(200) 000-4770
(100) 000-4771,(200) 000-4771
(100) 000-4772,(200) 000-4772
(100) 000-4773,(200) 000-4773
(100) 000-4774,(200) 000-4774
(100) 000-4775,(200) 000-4775
(100) 000-4776,(200) 000-4776
(100) 000-4777,(200) 000-4777
(100) 000-4778,(200) 000-4778
(100) 000-4779,(200) 000-4779
(100) 000-4780,(200) 000-4780
(100) 000-4781,(200) 000-4781
(100) 000-4782,(200) 000-4782
(100) 000-4783,(200) 000-4783
(100) 000-4784,(200) 000-4784
(100) 000-4785,(200) 000-4785
(100) 000-4786,(200) 000-4786
(100) 000-4787,(200) 000-4787
(100) 000-4788,(200) 000-4788
(100) 000-4789,(200) 000-4789
(100) 000-4790,(200) 000-4790
(100) 000-4791,(200) 000-4791
(100) 000-4792,(200) 000-4792
(100) 000-4793,(200) 000-4793
(100) 000-4794,(200) 000-4794
(100) 000-4795,(200) 000-4795
(100) 000-4796,(200) 000-4796
(100) 000-4797,(200) 000-4797
(100) 000-4798,(200) 000-4798
(100) 000-4799,(200) 000-4799
(100) 000-4800,(200) 000-4800
(100) 000-4801,(200) 000-4801
(100) 000-4802,(200) 000-4802
(100) 000-4803,(200) 000-4803
(100) 000-4804,(200) 000-4804
(100) 000-4805,(200) 000-4805
(100) 000-4806,(200) 000-4806
(100) 000-4807,(200) 000-4807
(100) 000-4808,(200) 000-4808
(100) 000-4809,(200) 000-4809
(100) 000-4810,(200) 000-4810
(100) 000-4811,(200) 000-4811
(100) 000-4812,(200) 000-4812
(100) 000-4813,(200) 000-4813
(100) 000-4814,(200) 000-4814
(100) 000-4815,(200) 000-4815
(100) 000-4816,(200) 000-4816
(100) 000-4817,(200) 000-4817
(100) 000-4818,(200) 000-4818
(100) 000-4819,(200) 000-4819
(100) 000-4820,(200) 000-4820
(100) 000-4821,(200) 000-4821
(100) 000-4822,(200) 000-4822
(100) 000-4823,(200) 000-4823
(100) 000-4824,(200) 000-4824
(100) 000-4825,(200) 000-4825
(100) 000-4826,(200) 000-4826
(100) 000-4827,(200) 000-4827
(100) 000-4828,(200) 000-4828
(100) 000-4829,(200) 000-4829
(100) 000-4830,(200) 000-4830
(100) 000-4831,(200) 000-4831
(100) 000-4832,(200) 000-4832
(100) 000-4833,(200) 000-4833
(100) 000-4834,(200) 000-4834
(100) 000-4835,(200) 000-4835
(100) 000-4836,(200) 000-4836
(100) 000-4837,(200) 000-4837
(100) 000-4838,(200) 000-4838
(100) 000-4839,(200) 000-4839
(100) 000-4840,(200) 000-4840
(100) 000-4841,(200) 000-4841
(100) 000-4842,(200) 000-4842
(100) 000-4843,(200) 000-4843
(100) 000-4844,(200) 000-4844
(100) 000-4845,(200) 000-4845
(100) 000-4846,(200) 000-4846
(100) 000-4847,(200) 000-4847
(100) 000-4848,(200) 000-4848
(100) 000-4849,(200) 000-4849
(100) 000-4850,(200) 000-4850
(100) 000-4851,(200) 000-4851
(100) 000-4852,(200) 000-4852
(100) 000-4853,(200) 000-4853
(100) 000-4854,(200) 000-4854
(100) 000-4855,(200) 000-4855
(100) 000-4856,(200) 000-4856
(100) 000-4857,(200) 000-4857
(100) 000-4858,(200) 000-4858
(100) 000-4859,(200) 000-4859
(100) 000-4860,(200) 000-4860
(100) 000-4861,(200) 000-4861
(100) 000-4862,(200) 000-4862
(100) 000-4863,(200) 000-4863
(100) 000-4864,(200) 000-4864
(100) 000-4865,(200) 000-4865
(100) 000-4866,(200) 000-4866
(100) 000-4867,(200) 000-4867
(100) 000-4868,(200) 000-4868
(100) 000-4869,(200) 000-4869
(100) 000-4870,(200) 000-4870
(100) 000-4871,(200) 000-4871
(100) 000-4872,(200) 000-4872
(100) 000-4873,(200) 000-4873
(100) 000-4874,(200) 000-4874
(100) 000-4875,(200) 000-4875
(100) 000-4876,(200) 000-4876
(100) 000-4877,(200) 000-4877
(100) 000-4878,(200) 000-4878
(100) 000-4879,(200) 000-4879
(100) 000-4880,(200) 000-4880
(100) 000-4881,(200) 000-4881
(100) 000-4882,(200) 000-4882
(100) 000-4883,(200) 000-4883
(100) 000-4884,(200) 000-4884
(100) 000-4885,(200) 000-4885
(100) 000-4886,(200) 000-4886
(100) 000-4887,(200) 000-4887
(100) 000-4888,(200) 000-4888
(100) 000-4889,(200) 000-4889
(100) 000-4890,(200) 000-4890
(100) 000-4891,(200) 000-4891
(100) 000-4892,(200) 000-4892
(100) 000-4893,(200) 000-4893
(100) 000-4894,(200) 000-4894
(100) 000-4895,(200) 000-4895
(100) 000-4896,(200) 000-4896
(100) 000-4897,(200) 000-4897
(100) 000-4898,(200) 000-4898
(100) 000-4899,(200) 000-4899
(100) 000-4900,(200) 000-4900
(100) 000-4901,(200) 000-4901
(100) 000-4902,(200) 000-4902
(100) 000-4903,(200) 000-4903
(100) 000-4904,(200) 000-4904
(100) 000-4905,(200) 000-4905
(100) 000-4906,(200) 000-4906
(100) 000-4907,(200) 000-4907
(100) 000-4908,(200) 000-4908
(100) 000-4909,(200) 000-4909
(100) 000-4910,(200) 000-4910
(100) 000-4911,(200) 000-4911
(100) 000-4912,(200) 000-4912
(100) 000-4913,(200) 000-4913
(100) 000-4914,(200) 000-4914
(100) 000-4915,(200) 000-4915
(100) 000-4916,(200) 000-4916
(100) 000-4917,(200) 000-4917
(100) 000-4918,(200) 000-4918
(100) 000-4919,(200) 000-4919
(100) 000-4920,(200) 000-4920
(100) 000-4921,(200) 000-4921
(100) 000-4922,(200) 000-4922
(100) 000-4923,(200) 000-4923
(100) 000-4924,(200) 000-4924
(100) 000-4925,(200) 000-4925
(100) 000-4926,(200) 000-4926
(100) 000-4927,(200) 000-4927
(100) 000-4928,(200) 000-4928
(100) 000-4929,(200) 000-4929
(100) 000-4930,(200) 000-4930
(100) 000-4931,(200) 000-4931
(100) 000-4932,(200) 000-4932
(100) 000-4933,(200) 000-4933
(100) 000-4934,(200) 000-4934
(100) 000-4935,(200) 000-4935
(100) 000-4936,(200) 000-4936
(100) 000-4937,(200) 000-4937
(100) 000-4938,(200) 000-4938
(100) 000-4939,(200) 000-4939
(100) 000-4940,(200) 000-4940
(100) 000-4941,(200) 000-4941
(100) 000-4942,(200) 000-4942
(100) 000-4943,(200) 000-4943
(100) 000-4944,(200) 000-4944
(100) 000-4945,(200) 000-4945
(100) 000-4946,(200) 000-4946
(100) 000-4947,(200) 000-4947
(100) 000-4948,(200) 000-4948
(100) 000-4949,(200) 000-4949
(100) 000-4950,(200) 000-4950
(100) 000-4951,(200) 000-4951
(100) 000-4952,(200) 000-4952
(100) 000-4953,(200) 000-4953
(100) 000-4954,(200) 000-4954
(100) 000-4955,(200) 000-4955
(100) 000-4956,(200) 000-4956
(100) 000-4957,(200) 000-4957
(100) 000-4958,(200) 000-4958
(100) 000-4959,(200) 000-4959
(100) 000-4960,(200) 000-4960
(100) 000-4961,(200) 000-4961
(100) 000-4962,(200) 000-4962
(100) 000-4963,(200) 000-4963
(100) 000-4964,(200) 000-4964
(100) 000-4965,(200) 000-4965
(100) 000-4966,(200) 000-4966
(100) 000-4967,(200) 000-4967
(100) 000-4968,(200) 000-4968
(100) 000-4969,(200) 000-4969
(100) 000-4970,(200) 000-4970
(100) 000-4971,(200) 000-4971
(100) 000-4972,(200) 000-4972
(100) 000-4973,(200) 000-4973
(100) 000-4974,(200) 000-4974
(100) 000-4975,(200) 000-4975
(100) 000-4976,(200) 000-4976
(100) 000-4977,(200) 000-4977
(100) 000-4978,(200) 000-4978
(100) 000-4979,(200) 000-4979
(100) 000-4980,(200) 000-4980
(100) 000-4981,(200) 000-4981
(100) 000-4982,(200) 000-4982
(100) 000-4983,(200) 000-4983
(100) 000-4984,(200) 000-4984
(100) 000-4985,(200) 000-4985
(100) 000-4986,(200) 000-4986
(100) 000-4987,(200) 000-4987
(100) 000-4988,(200) 000-4988
(100) 000-4989,(200) 000-4989
(100) 000-4990,(200) 000-4990
(100) 000-4991,(200) 000-4991
(100) 000-4992,(200) 000-4992
(100) 000-4993,(200) 000-4993
(100) 000-4994,(200) 000-4994
(100) 000-4995,(200) 000-4995
(100) 000-4996,(200) 000-4996
(100) 000-4997,(200) 000-4997
(100) 000-4998,(200) 000-4998
(100) 000-4999,(200) 000-4999
(100) 000-5000,(200) 000-5000
(100) 000-5001,(200) 000-5001
(100) 000-5002,(200) 000-5002
(100) 000-5003,(200) 000-5003
(100) 000-5004,(200) 000-5004
(100) 000-5005,(200) 000-5005
(100) 000-5006,(200) 000-5006
(100) 000-5007,(200) 000-5007
(100) 000-5008,(200) 000-5008
(100) 000-5009,(200) 000-5009
(100) 000-5010,(200) 000-5010
(100) 000-5011,(200) 000-5011
(100) 000-5012,(200) 000-5012
(100) 000-5013,(200) 000-5013
(100) 000-5014,(200) 000-5014
(100) 000-5015,(200) 000-5015
(100) 000-5016,(200) 000-5016
(100) 000-5017,(200) 000-5017
(100) 000-5018,(200) 000-5018
(100) 000-5019,(200) 000-5019
(100) 000-5020,(200) 000-5020
(100) 000-5021,(200) 000-5021
(100) 000-5022,(200) 000-5022
(100) 000-5023,(200) 000-5023
(100) 000-5024,(200) 000-5024
(100) 000-5025,(200) 000-5025
(100) 000-5026,(200) 000-5026
(100) 000-5027,(200) 000-5027
(100) 000-5028,(200) 000-5028
(100) 000-5029,(200) 000-5029
(100) 000-5030,(200) 000-5030
(100) 000-5031,(200) 000-5031
(100) 000-5032,(200) 000-5032
(100) 000-5033,(200) 000-5033
(100) 000-5034,(200) 000-5034
(100) 000-5035,(200) 000-5035
(100) 000-5036,(200) 000-5036
(100) 000-5037,(200) 000-5037
(100) 000-5038,(200) 000-5038
(100) 000-5039,(200) 000-5039
(100) 000-5040,(200) 000-5040
(100) 000-5041,(200) 000-5041
(100) 000-5042,(200) 000-5042
(100) 000-5043,(200) 000-5043
(100) 000-5044,(200) 000-5044
(100) 000-5045,(200) 000-5045
(100) 000-5046,(200) 000-5046
(100) 000-5047,(200) 000-5047
(100) 000-5048,(200) 000-5048
(100) 000-5049,(200) 000-5049
(100) 000-5050,(200) 000-5050
(100) 000-5051,(200) 000-5051
(100) 000-5052,(200) 000-5052
(100) 000-5053,(200) 000-5053
(100) 000-5054,(200) 000-5054
(100) 000-5055,(200) 000-5055
(100) 000-5056,(200) 000-5056
(100) 000-5057,(200) 000-5057
(100) 000-5058,(200) 000-5058
(100) 000-5059,(200) 000-5059
(100) 000-5060,(200) 000-5060
(100) 000-5061,(200) 000-5061
(100) 000-5062,(200) 000-5062
(100) 000-5063,(200) 000-5063
(100) 000-5064,(200) 000-5064
(100) 000-5065,(200) 000-5065
(100) 000-5066,(200) 000-5066
(100) 000-5067,(200) 000-5067
(100) 000-5068,(200) 000-5068
(100) 000-5069,(200) 000-5069
(100) 000-5070,(200) 000-5070
(100) 000-5071,(200) 000-5071
(100) 000-5072,(200) 000-5072
(100) 000-5073,(200) 000-5073
(100) 000-5074,(200) 000-5074
(100) 000-5075,(200) 000-5075
(100) 000-5076,(200) 000-5076
(100) 000-5077,(200) 000-5077
(100) 000-5078,(200) 000-5078
(100) 000-5079,(200) 000-5079
(100) 000-5080,(200) 000-5080
(100) 000-5081,(200) 000-5081
(100) 000-5082,(200) 000-5082
(100) 000-5083,(200) 000-5083
(100) 000-5084,(200) 000-5084
(100) 000-5085,(200) 000-5085
(100) 000-5086,(200) 000-5086
(100) 000-5087,(200) 000-5087
(100) 000-5088,(200) 000-5088
(100) 000-5089,(200) 000-5089
(100) 000-5090,(200) 000-5090
(100) 000-5091,(200) 000-5091
(100) 000-5092,(200) 000-5092
(100) 000-5093,(200) 000-5093
(100) 000-5094,(200) 000-5094
(100) 000-5095,(200) 000-5095
(100) 000-5096,(200) 000-5096
(100) 000-5097,(200) 000-5097
(100) 000-5098,(200) 000-5098
(100) 000-5099,(200) 000-5099
(100) 000-5100,(200) 000-5100
(100) 000-5101,(200) 000-5101
(100) 000-5102,(200) 000-5102
(100) 000-5103,(200) 000-5103
(100) 000-5104,(200) 000-5104
(100) 000-5105,(200) 000-5105
(100) 000-5106,(200) 000-5106
(100) 000-5107,(200) 000-5107
(100) 000-5108,(200) 000-5108
(100) 000-5109,(200) 000-5109
(100) 000-5110,(200) 000-5110
(100) 000-5111,(200) 000-5111
(100) 000-5112,(200) 000-5112
(100) 000-5113,(200) 000-5113
(100) 000-5114,(200) 000-5114
(100) 000-5115,(200) 000-5115
(100) 000-5116,(200) 000-5116
(100) 000-5117,(200) 000-5117
(100) 000-5118,(200) 000-5118
(100) 000-5119,(200) 000-5119
(100) 000-5120,(200) 000-5120
(100) 000-5121,(200) 000-5121
(100) 000-5122,(200) 000-5122
(100) 000-5123,(200) 000-5123
(100) 000-5124,(200) 000-5124
(100) 000-5125,(200) 000-5125
(100) 000-5126,(200) 000-5126
(100) 000-5127,(200) 000-5127
(100) 000-5128,(200) 000-5128
(100) 000-5129,(200) 000-5129
(100) 000-5130,(200) 000-5130
(100) 000-5131,(200) 000-5131
(100) 000-5132,(200) 000-5132
(100) 000-5133,(200) 000-5133
(100) 000-5134,(200) 000-5134
(100) 000-5135,(200) 000-5135
(100) 000-5136,(200) 000-5136
(100) 000-5137,(200) 000-5137
(100) 000-5138,(200) 000-5138
(100) 000-5139,(200) 000-5139
(100) 000-5140,(200) 000-5140
(100) 000-5141,(200) 000-5141
(100) 000-5142,(200) 000-5142
(100) 000-5143,(200) 000-5143
(100) 000-5144,(200) 000-5144
(100) 000-5145,(200) 000-5145
(100) 000-5146,(200) 000-5146
(100) 000-5147,(200) 000-5147
(100) 000-5148,(200) 000-5148
(100) 000-5149,(200) 000-5149
(100) 000-5150,(200) 000-5150
(100) 000-5151,(200) 000-5151
(100) 000-5152,(200) 000-5152
(100) 000-5153,(200) 000-5153
(100) 000-5154,(200) 000-5154
(100) 000-5155,(200) 000-5155
(100) 000-5156,(200) 000-5156
(100) 000-5157,(200) 000-5157
(100) 000-5158,(200) 000-5158
(100) 000-5159,(200) 000-5159
(100) 000-5160,(200) 000-5160
(100) 000-5161,(200) 000-5161
(100) 000-5162,(200) 000-5162
(100) 000-5163,(200) 000-5163
(100) 000-5164,(200) 000-5164
(100) 000-5165,(200) 000-5165
(100) 000-5166,(200) 000-5166
(100) 000-5167,(200) 000-5167
(100) 000-5168,(200) 000-5168
(100) 000-5169,(200) 000-5169
(100) 000-5170,(200) 000-5170
(100) 000-5171,(200) 000-5171
(100) 000-5172,(200) 000-5172
(100) 000-5173,(200) 000-5173
(100) 000-5174,(200) 000-5174
(100) 000-5175,(200) 000-5175
(100) 000-5176,(200) 000-5176
(100) 000-5177,(200) 000-5177
(100) 000-5178,(200) 000-5178
(100) 000-5179,(200) 000-5179
(100) 000-5180,(200) 000-5180
(100) 000-5181,(200) 000-5181
(100) 000-5182,(200) 000-5182
(100) 000-5183,(200) 000-5183
(100) 000-5184,(200) 000-5184
(100) 000-5185,(200) 000-5185
(100) 000-5186,(200) 000-5186
(100) 000-5187,(200) 000-5187
(100) 000-5188,(200) 000-5188
(100) 000-5189,(200) 000-5189
(100) 000-5190,(200) 000-5190
(100) 000-5191,(200) 000-5191
(100) 000-5192,(200) 000-5192
(100) 000-5193,(200) 000-5193
(100) 000-5194,(200) 000-5194
(100) 000-5195,(200) 000-5195
(100) 000-5196,(200) 000-5196
(100) 000-5197,(200) 000-5197
(100) 000-5198,(200) 000-5198
(100) 000-5199,(200) 000-5199
(100) 000-5200,(200) 000-5200
(100) 000-5201,(200) 000-5201
(100) 000-5202,(200) 000-5202
(100) 000-5203,(200) 000-5203
(100) 000-5204,(200) 000-5204
(100) 000-5205,(200) 000-5205
(100) 000-5206,(200) 000-5206
(100) 000-5207,(200) 000-5207
(100) 000-5208,(200) 000-5208
(100) 000-5209,(200) 000-5209
(100) 000-5210,(200) 000-5210
(100) 000-5211,(200) 000-5211
(100) 000-5212,(200) 000-5212
(100) 000-5213,(200) 000-5213
(100) 000-5214,(200) 000-5214
(100) 000-5215,(200) 000-5215
(100) 000-5216,(200) 000-5216
(100) 000-5217,(200) 000-5217
(100) 000-5218,(200) 000-5218
(100) 000-5219,(200) 000-5219
(100) 000-5220,(200) 000-5220
(100) 000-5221,(200) 000-5221
(100) 000-5222,(200) 000-5222
(100) 000-5223,(200) 000-5223
(100) 000-5224,(200) 000-5224
(100) 000-5225,(200) 000-5225
(100) 000-5226,(200) 000-5226
(100) 000-5227,(200) 000-5227
(100) 000-5228,(200) 000-5228
(100) 000-5229,(200) 000-5229
(100) 000-5230,(200) 000-5230
(100) 000-5231,(200) 000-5231
(100) 000-5232,(200) 000-5232
(100) 000-5233,(200) 000-5233
(100) 000-5234,(200) 000-5234
(100) 000-5235,(200) 000-5235
(100) 000-5236,(200) 000-5236
(100) 000-5237,(200) 000-5237
(100) 000-5238,(200) 000-5238
(100) 000-5239,(200) 000-5239
(100) 000-5240,(200) 000-5240
(100) 000-5241,(200) 000-5241
(100) 000-5242,(200) 000-5242
(100) 000-5243,(200) 000-5243
(100) 000-5244,(200) 000-5244
(100) 000-5245,(200) 000-5245
(100) 000-5246,(200) 000-5246
(100) 000-5247,(200) 000-5247
(100) 000-5248,(200) 000-5248
(100) 000-5249,(200) 000-5249
(100) 000-5250,(200) 000-5250
(100) 000-5251,(200) 000-5251
(100) 000-5252,(200) 000-5252
(100) 000-5253,(200) 000-5253
(100) 000-5254,(200) 000-5254
(100) 000-5255,(200) 000-5255
(100) 000-5256,(200) 000-5256
(100) 000-5257,(200) 000-5257
(100) 000-5258,(200) 000-5258
(100) 000-5259,(200) 000-5259
(100) 000-5260,(200) 000-5260
(100) 000-5261,(200) 000-5261
(100) 000-5262,(200) 000-5262
(100) 000-5263,(200) 000-5263
(100) 000-5264,(200) 000-5264
(100) 000-5265,(200) 000-5265
(100) 000-5266,(200) 000-5266
(100) 000-5267,(200) 000-5267
(100) 000-5268,(200) 000-5268
(100) 000-5269,(200) 000-5269
(100) 000-5270,(200) 000-5270
(100) 000-5271,(200) 000-5271
(100) 000-5272,(200) 000-5272
(100) 000-5273,(200) 000-5273
(100) 000-5274,(200) 000-5274
(100) 000-5275,(200) 000-5275
(100) 000-5276,(200) 000-5276
(100) 000-5277,(200) 000-5277
(100) 000-5278,(200) 000-5278
(100) 000-5279,(200) 000-5279
(100) 000-5280,(200) 000-5280
(100) 000-5281,(200) 000-5281
(100) 000-5282,(200) 000-5282
(100) 000-5283,(200) 000-5283
(100) 000-5284,(200) 000-5284
(100) 000-5285,(200) 000-5285
(100) 000-5286,(200) 000-5286
(100) 000-5287,(200) 000-5287
(100) 000-5288,(200) 000-5288
(100) 000-5289,(200) 000-5289
(100) 000-5290,(200) 000-5290
(100) 000-5291,(200) 000-5291
(100) 000-5292,(200) 000-5292
(100) 000-5293,(200) 000-5293
(100) 000-5294,(200) 000-5294
(100) 000-5295,(200) 000-5295
(100) 000-5296,(200) 000-5296
(100) 000-5297,(200) 000-5297
(100) 000-5298,(200) 000-5298
(100) 000-5299,(200) 000-5299
(100) 000-5300,(200) 000-5300
(100) 000-5301,(200) 000-5301
(100) 000-5302,(200) 000-5302
(100) 000-5303,(200) 000-5303
(100) 000-5304,(200) 000-5304
(100) 000-5305,(200) 000-5305
(100) 000-5306,(200) 000-5306
(100) 000-5307,(200) 000-5307
(100) 000-5308,(200) 000-5308
(100) 000-5309,(200) 000-5309
(100) 000-5310,(200) 000-5310
(100) 000-5311,(200) 000-5311
(100) 000-5312,(200) 000-5312
(100) 000-5313,(200) 000-5313
(100) 000-5314,(200) 000-5314
(100) 000-5315,(200) 000-5315
(100) 000-5316,(200) 000-5316
(100) 000-5317,(200) 000-5317
(100) 000-5318,(200) 000-5318
(100) 000-5319,(200) 000-5319
(100) 000-5320,(200) 000-5320
(100) 000-5321,(200) 000-5321
(100) 000-5322,(200) 000-5322
(100) 000-5323,(200) 000-5323
(100) 000-5324,(200) 000-5324
(100) 000-5325,(200) 000-5325
(100) 000-5326,(200) 000-5326
(100) 000-5327,(200) 000-5327
(100) 000-5328,(200) 000-5328
(100) 000-5329,(200) 000-5329
(100) 000-5330,(200) 000-5330
(100) 000-5331,(200) 000-5331
(100) 000-5332,(200) 000-5332
(100) 000-5333,(200) 000-5333
(100) 000-5334,(200) 000-5334
(100) 000-5335,(200) 000-5335
(100) 000-5336,(200) 000-5336
(100) 000-5337,(200) 000-5337
(100) 000-5338,(200) 000-5338
(100) 000-5339,(200) 000-5339
(100) 000-5340,(200) 000-5340
(100) 000-5341,(200) 000-5341
(100) 000-5342,(200) 000-5342
(100) 000-5343,(200) 000-5343
(100) 000-5344,(200) 000-5344
(100) 000-5345,(200) 000-5345
(100) 000-5346,(200) 000-5346
(100) 000-5347,(200) 000-5347
(100) 000-5348,(200) 000-5348
(100) 000-5349,(200) 000-5349
(100) 000-5350,(200) 000-5350
(100) 000-5351,(200) 000-5351
(100) 000-5352,(200) 000-5352
(100) 000-5353,(200) 000-5353
(100) 000-5354,(200) 000-5354
(100) 000-5355,(200) 000-5355
(100) 000-5356,(200) 000-5356
(100) 000-5357,(200) 000-5357
(100) 000-5358,(200) 000-5358
(100) 000-5359,(200) 000-5359
(100) 000-5360,(200) 000-5360
(100) 000-5361,(200) 000-5361
(100) 000-5362,(200) 000-5362
(100) 000-5363,(200) 000-5363
(100) 000-5364,(200) 000-5364
(100) 000-5365,(200) 000-5365
(100) 000-5366,(200) 000-5366
(100) 000-5367,(200) 000-5367
(100) 000-5368,(200) 000-5368
(100) 000-5369,(200) 000-5369
(100) 000-5370,(200) 000-5370
(100) 000-5371,(200) 000-5371
(100) 000-5372,(200) 000-5372
(100) 000-5373,(200) 000-5373
(100) 000-5374,(200) 000-5374
(100) 000-5375,(200) 000-5375
(100) 000-5376,(200) 000-5376
(100) 000-5377,(200) 000-5377
(100) 000-5378,(200) 000-5378
(100) 000-5379,(200) 000-5379
(100) 000-5380,(200) 000-5380
(100) 000-5381,(200) 000-5381
(100) 000-5382,(200) 000-5382
(100) 000-5383,(200) 000-5383
(100) 000-5384,(200) 000-5384
(100) 000-5385,(200) 000-5385
(100) 000-5386,(200) 000-5386
(100) 000-5387,(200) 000-5387
(100) 000-5388,(200) 000-5388
(100) 000-5389,(200) 000-5389
(100) 000-5390,(200) 000-5390
(100) 000-5391,(200) 000-5391
(100) 000-5392,(200) 000-5392
(100) 000-5393,(200) 000-5393
(100) 000-5394,(200) 000-5394
(100) 000-5395,(200) 000-5395
(100) 000-5396,(200) 000-5396
(100) 000-5397,(200) 000-5397
(100) 000-5398,(200) 000-5398
(100) 000-5399,(200) 000-5399
(100) 000-5400,(200) 000-5400
(100) 000-5401,(200) 000-5401
(100) 000-5402,(200) 000-5402
(100) 000-5403,(200) 000-5403
(100) 000-5404,(200) 000-5404
(100) 000-5405,(200) 000-5405
(100) 000-5406,(200) 000-5406
(100) 000-5407,(200) 000-5407
(100) 000-5408,(200) 000-5408
(100) 000-5409,(200) 000-5409
(100) 000-5410,(200) 000-5410
(100) 000-5411,(200) 000-5411
(100) 000-5412,(200) 000-5412
(100) 000-5413,(200) 000-5413
(100) 000-5414,(200) 000-5414
(100) 000-5415,(200) 000-5415
(100) 000-5416,(200) 000-5416
(100) 000-5417,(200) 000-5417
(100) 000-5418,(200) 000-5418
(100) 000-5419,(200) 000-5419
(100) 000-5420,(200) 000-5420
(100) 000-5421,(200) 000-5421
(100) 000-5422,(200) 000-5422
(100) 000-5423,(200) 000-5423
(100) 000-5424,(200) 000-5424
(100) 000-5425,(200) 000-5425
(100) 000-5426,(200) 000-5426
(100) 000-5427,(200) 000-5427
(100) 000-5428,(200) 000-5428
(100) 000-5429,(200) 000-5429
(100) 000-5430,(200) 000-5430
(100) 000-5431,(200) 000-5431
(100) 000-5432,(200) 000-5432
(100) 000-5433,(200) 000-5433
(100) 000-5434,(200) 000-5434
(100) 000-5435,(200) 000-5435
(100) 000-5436,(200) 000-5436
(100) 000-5437,(200) 000-5437
(100) 000-5438,(200) 000-5438
(100) 000-5439,(200) 000-5439
(100) 000-5440,(200) 000-5440
(100) 000-5441,(200) 000-5441
(100) 000-5442,(200) 000-5442
(100) 000-5443,(200) 000-5443
(100) 000-5444,(200) 000-5444
(100) 000-5445,(200) 000-5445
(100) 000-5446,(200) 000-5446
(100) 000-5447,(200) 000-5447
(100) 000-5448,(200) 000-5448
(100) 000-5449,(200) 000-5449
(100) 000-5450,(200) 000-5450
(100) 000-5451,(200) 000-5451
(100) 000-5452,(200) 000-5452
(100) 000-5453,(200) 000-5453
(100) 000-5454,(200) 000-5454
(100) 000-5455,(200) 000-5455
(100) 000-5456,(200) 000-5456
(100) 000-5457,(200) 000-5457
(100) 000-5458,(200) 000-5458
(100) 000-5459,(200) 000-5459
(100) 000-5460,(200) 000-5460
(100) 000-5461,(200) 000-5461
(100) 000-5462,(200) 000-5462
(100) 000-5463,(200) 000-5463
(100) 000-5464,(200) 000-5464
(100) 000-5465,(200) 000-5465
(100) 000-5466,(200) 000-5466
(100) 000-5467,(200) 000-5467
(100) 000-5468,(200) 000-5468
(100) 000-5469,(200) 000-5469
(100) 000-5470,(200) 000-5470
(100) 000-5471,(200) 000-5471
(100) 000-5472,(200) 000-5472
(100) 000-5473,(200) 000-5473
(100) 000-5474,(200) 000-5474
(100) 000-5475,(200) 000-5475
(100) 000-5476,(200) 000-5476
(100) 000-5477,(200) 000-5477
(100) 000-5478,(200) 000-5478
(100) 000-5479,(200) 000-5479
(100) 000-5480,(200) 000-5480
(100) 000-5481,(200) 000-5481
(100) 000-5482,(200) 000-5482
(100) 000-5483,(200) 000-5483
(100) 000-5484,(200) 000-5484
(100) 000-5485,(200) 000-5485
(100) 000-5486,(200) 000-5486
(100) 000-5487,(200) 000-5487
(100) 000-5488,(200) 000-5488
(100) 000-5489,(200) 000-5489
(100) 000-5490,(200) 000-5490
(100) 000-5491,(200) 000-5491
(100) 000-5492,(200) 000-5492
(100) 000-5493,(200) 000-5493
(100) 000-5494,(200) 000-5494
(100) 000-5495,(200) 000-5495
(100) 000-5496,(200) 000-5496
(100) 000-5497,(200) 000-5497
(100) 000-5498,(200) 000-5498
(100) 000-5499,(200) 000-5499
(100) 000-5500,(200) 000-5500
(100) 000-5501,(200) 000-5501
(100) 000-5502,(200) 000-5502
(100) 000-5503,(200) 000-5503
(100) 000-5504,(200) 000-5504
(100) 000-5505,(200) 000-5505
(100) 000-5506,(200) 000-5506
(100) 000-5507,(200) 000-5507
(100) 000-5508,(200) 000-5508
(100) 000-5509,(200) 000-5509
(100) 000-5510,(200) 000-5510
(100) 000-5511,(200) 000-5511
(100) 000-5512,(200) 000-5512
(100) 000-5513,(200) 000-5513
(100) 000-5514,(200) 000-5514
(100) 000-5515,(200) 000-5515
(100) 000-5516,(200) 000-5516
(100) 000-5517,(200) 000-5517
(100) 000-5518,(200) 000-5518
(100) 000-5519,(200) 000-5519
(100) 000-5520,(200) 000-5520
(100) 000-5521,(200) 000-5521
(100) 000-5522,(200) 000-5522
(100) 000-5523,(200) 000-5523
(100) 000-5524,(200) 000-5524
(100) 000-5525,(200) 000-5525
(100) 000-5526,(200) 000-5526
(100) 000-5527,(200) 000-5527
(100) 000-5528,(200) 000-5528
(100) 000-5529,(200) 000-5529
(100) 000-5530,(200) 000-5530
(100) 000-5531,(200) 000-5531
(100) 000-5532,(200) 000-5532
(100) 000-5533,(200) 000-5533
(100) 000-5534,(200) 000-5534
(100) 000-5535,(200) 000-5535
(100) 000-5536,(200) 000-5536
(100) 000-5537,(200) 000-5537
(100) 000-5538,(200) 000-5538
(100) 000-5539,(200) 000-5539
(100) 000-5540,(200) 000-5540
(100) 000-5541,(200) 000-5541
(100) 000-5542,(200) 000-5542
(100) 000-5543,(200) 000-5543
(100) 000-5544,(200) 000-5544
(100) 000-5545,(200) 000-5545
(100) 000-5546,(200) 000-5546
(100) 000-5547,(200) 000-5547
(100) 000-5548,(200) 000-5548
(100) 000-5549,(200) 000-5549
(100) 000-5550,(200) 000-5550
(100) 000-5551,(200) 000-5551
(100) 000-5552,(200) 000-5552
(100) 000-5553,(200) 000-5553
(100) 000-5554,(200) 000-5554
(100) 000-5555,(200) 000-5555
(100) 000-5556,(200) 000-5556
(100) 000-5557,(200) 000-5557
(100) 000-5558,(200) 000-5558
(100) 000-5559,(200) 000-5559
(100) 000-5560,(200) 000-5560
(100) 000-5561,(200) 000-5561
(100) 000-5562,(200) 000-5562
(100) 000-5563,(200) 000-5563
(100) 000-5564,(200) 000-5564
(100) 000-5565,(200) 000-5565
(100) 000-5566,(200) 000-5566
(100) 000-5567,(200) 000-5567
(100) 000-5568,(200) 000-5568
(100) 000-5569,(200) 000-5569
(100) 000-5570,(200) 000-5570
(100) 000-5571,(200) 000-5571
(100) 000-5572,(200) 000-5572
(100) 000-5573,(200) 000-5573
(100) 000-5574,(200) 000-5574
(100) 000-5575,(200) 000-5575
(100) 000-5576,(200) 000-5576
(100) 000-5577,(200) 000-5577
(100) 000-5578,(200) 000-5578
(100) 000-5579,(200) 000-5579
(100) 000-5580,(200) 000-5580
(100) 000-5581,(200) 000-5581
(100) 000-5582,(200) 000-5582
(100) 000-5583,(200) 000-5583
(100) 000-5584,(200) 000-5584
(100) 000-5585,(200) 000-5585
(100) 000-5586,(200) 000-5586
(100) 000-5587,(200) 000-5587
(100) 000-5588,(200) 000-5588
(100) 000-5589,(200) 000-5589
(100) 000-5590,(200) 000-5590
(100) 000-5591,(200) 000-5591
(100) 000-5592,(200) 000-5592
(100) 000-5593,(200) 000-5593
(100) 000-5594,(200) 000-5594
(100) 000-5595,(200) 000-5595
(100) 000-5596,(200) 000-5596
(100) 000-5597,(200) 000-5597
(100) 000-5598,(200) 000-5598
(100) 000-5599,(200) 000-5599
(100) 000-5600,(200) 000-5600
(100) 000-5601,(200) 000-5601
(100) 000-5602,(200) 000-5602
(100) 000-5603,(200) 000-5603
(100) 000-5604,(200) 000-5604
(100) 000-5605,(200) 000-5605
(100) 000-5606,(200) 000-5606
(100) 000-5607,(200) 000-5607
(100) 000-5608,(200) 000-5608
(100) 000-5609,(200) 000-5609
(100) 000-5610,(200) 000-5610
(100) 000-5611,(200) 000-5611
(100) 000-5612,(200) 000-5612
(100) 000-5613,(200) 000-5613
(100) 000-5614,(200) 000-5614
(100) 000-5615,(200) 000-5615
(100) 000-5616,(200) 000-5616
(100) 000-5617,(200) 000-5617
(100) 000-5618,(200) 000-5618
(100) 000-5619,(200) 000-5619
(100) 000-5620,(200) 000-5620
(100) 000-5621,(200) 000-5621
(100) 000-5622,(200) 000-5622
(100) 000-5623,(200) 000-5623
(100) 000-5624,(200) 000-5624
(100) 000-5625,(200) 000-5625
(100) 000-5626,(200) 000-5626
(100) 000-5627,(200) 000-5627
(100) 000-5628,(200) 000-5628
(100) 000-5629,(200) 000-5629
(100) 000-5630,(200) 000-5630
(100) 000-5631,(200) 000-5631
(100) 000-5632,(200) 000-5632
(100) 000-5633,(200) 000-5633
(100) 000-5634,(200) 000-5634
(100) 000-5635,(200) 000-5635
(100) 000-5636,(200) 000-5636
(100) 000-5637,(200) 000-5637
(100) 000-5638,(200) 000-5638
(100) 000-5639,(200) 000-5639
(100) 000-5640,(200) 000-5640
(100) 000-5641,(200) 000-5641
(100) 000-5642,(200) 000-5642
(100) 000-5643,(200) 000-5643
(100) 000-5644,(200) 000-5644
(100) 000-5645,(200) 000-5645
(100) 000-5646,(200) 000-5646
(100) 000-5647,(200) 000-5647
(100) 000-5648,(200) 000-5648
(100) 000-5649,(200) 000-5649
(100) 000-5650,(200) 000-5650
(100) 000-5651,(200) 000-5651
(100) 000-5652,(200) 000-5652
(100) 000-5653,(200) 000-5653
(100) 000-5654,(200) 000-5654
(100) 000-5655,(200) 000-5655
(100) 000-5656,(200) 000-5656
(100) 000-5657,(200) 000-5657
(100) 000-5658,(200) 000-5658
(100) 000-5659,(200) 000-5659
(100) 000-5660,(200) 000-5660
(100) 000-5661,(200) 000-5661
(100) 000-5662,(200) 000-5662
(100) 000-5663,(200) 000-5663
(100) 000-5664,(200) 000-5664
(100) 000-5665,(200) 000-5665
(100) 000-5666,(200) 000-5666
(100) 000-5667,(200) 000-5667
(100) 000-5668,(200) 000-5668
(100) 000-5669,(200) 000-5669
(100) 000-5670,(200) 000-5670
(100) 000-5671,(200) 000-5671
(100) 000-5672,(200) 000-5672
(100) 000-5673,(200) 000-5673
(100) 000-5674,(200) 000-5674
(100) 000-5675,(200) 000-5675
(100) 000-5676,(200) 000-5676
(100) 000-5677,(200) 000-5677
(100) 000-5678,(200) 000-5678
(100) 000-5679,(200) 000-5679
(100) 000-5680,(200) 000-5680
(100) 000-5681,(200) 000-5681
(100) 000-5682,(200) 000-5682
(100) 000-5683,(200) 000-5683
(100) 000-5684,(200) 000-5684
(100) 000-5685,(200) 000-5685
(100) 000-5686,(200) 000-5686
(100) 000-5687,(200) 000-5687
(100) 000-5688,(200) 000-5688
(100) 000-5689,(200) 000-5689
(100) 000-5690,(200) 000-5690
(100) 000-5691,(200) 000-5691
(100) 000-5692,(200) 000-5692
(100) 000-5693,(200) 000-5693
(100) 000-5694,(200) 000-5694
(100) 000-5695,(200) 000-5695
(100) 000-5696,(200) 000-5696
(100) 000-5697,(200) 000-5697
(100) 000-5698,(200) 000-5698
(100) 000-5699,(200) 000-5699
(100) 000-5700,(200) 000-5700
(100) 000-5701,(200) 000-5701
(100) 000-5702,(200) 000-5702
(100) 000-5703,(200) 000-5703
(100) 000-5704,(200) 000-5704
(100) 000-5705,(200) 000-5705
(100) 000-5706,(200) 000-5706
(100) 000-5707,(200) 000-5707
(100) 000-5708,(200) 000-5708
(100) 000-5709,(200) 000-5709
(100) 000-5710,(200) 000-5710
(100) 000-5711,(200) 000-5711
(100) 000-5712,(200) 000-5712
(100) 000-5713,(200) 000-5713
(100) 000-5714,(200) 000-5714
(100) 000-5715,(200) 000-5715
(100) 000-5716,(200) 000-5716
(100) 000-5717,(200) 000-5717
(100) 000-5718,(200) 000-5718
(100) 000-5719,(200) 000-5719
(100) 000-5720,(200) 000-5720
(100) 000-5721,(200) 000-5721
(100) 000-5722,(200) 000-5722
(100) 000-5723,(200) 000-5723
(100) 000-5724,(200) 000-5724
(100) 000-5725,(200) 000-5725
(100) 000-5726,(200) 000-5726
(100) 000-5727,(200) 000-5727
(100) 000-5728,(200) 000-5728
(100) 000-5729,(200) 000-5729
(100) 000-5730,(200) 000-5730
(100) 000-5731,(200) 000-5731
(100) 000-5732,(200) 000-5732
(100) 000-5733,(200) 000-5733
(100) 000-5734,(200) 000-5734
(100) 000-5735,(200) 000-5735
(100) 000-5736,(200) 000-5736
(100) 000-5737,(200) 000-5737
(100) 000-5738,(200) 000-5738
(100) 000-5739,(200) 000-5739
(100) 000-5740,(200) 000-5740
(100) 000-5741,(200) 000-5741
(100) 000-5742,(200) 000-5742
(100) 000-5743,(200) 000-5743
(100) 000-5744,(200) 000-5744
(100) 000-5745,(200) 000-5745
(100) 000-5746,(200) 000-5746
(100) 000-5747,(200) 000-5747
(100) 000-5748,(200) 000-5748
(100) 000-5749,(200) 000-5749
(100) 000-5750,(200) 000-5750
(100) 000-5751,(200) 000-5751
(100) 000-5752,(200) 000-5752
(100) 000-5753,(200) 000-5753
(100) 000-5754,(200) 000-5754
(100) 000-5755,(200) 000-5755
(100) 000-5756,(200) 000-5756
(100) 000-5757,(200) 000-5757
(100) 000-5758,(200) 000-5758
(100) 000-5759,(200) 000-5759
(100) 000-5760,(200) 000-5760
(100) 000-5761,(200) 000-5761
(100) 000-5762,(200) 000-5762
(100) 000-5763,(200) 000-5763
(100) 000-5764,(200) 000-5764
(100) 000-5765,(200) 000-5765
(100) 000-5766,(200) 000-5766
(100) 000-5767,(200) 000-5767
(100) 000-5768,(200) 000-5768
(100) 000-5769,(200) 000-5769
(100) 000-5770,(200) 000-5770
(100) 000-5771,(200) 000-5771
(100) 000-5772,(200) 000-5772
(100) 000-5773,(200) 000-5773
(100) 000-5774,(200) 000-5774
(100) 000-5775,(200) 000-5775
(100) 000-5776,(200) 000-5776
(100) 000-5777,(200) 000-5777
(100) 000-5778,(200) 000-5778
(100) 000-5779,(200) 000-5779
(100) 000-5780,(200) 000-5780
(100) 000-5781,(200) 000-5781
(100) 000-5782,(200) 000-5782
(100) 000-5783,(200) 000-5783
(100) 000-5784,(200) 000-5784
(100) 000-5785,(200) 000-5785
(100) 000-5786,(200) 000-5786
(100) 000-5787,(200) 000-5787
(100) 000-5788,(200) 000-5788
(100) 000-5789,(200) 000-5789
(100) 000-5790,(200) 000-5790
(100) 000-5791,(200) 000-5791
(100) 000-5792,(200) 000-5792
(100) 000-5793,(200) 000-5793
(100) 000-5794,(200) 000-5794
(100) 000-5795,(200) 000-5795
(100) 000-5796,(200) 000-5796
(100) 000-5797,(200) 000-5797
(100) 000-5798,(200) 000-5798
(100) 000-5799,(200) 000-5799
(100) 000-5800,(200) 000-5800
(100) 000-5801,(200) 000-5801
(100) 000-5802,(200) 000-5802
(100) 000-5803,(200) 000-5803
(100) 000-5804,(200) 000-5804
(100) 000-5805,(200) 000-5805
(100) 000-5806,(200) 000-5806
(100) 000-5807,(200) 000-5807
(100) 000-5808,(200) 000-5808
(100) 000-5809,(200) 000-5809
(100) 000-5810,(200) 000-5810
(100) 000-5811,(200) 000-5811
(100) 000-5812,(200) 000-5812
(100) 000-5813,(200) 000-5813
(100) 000-5814,(200) 000-5814
(100) 000-5815,(200) 000-5815
(100) 000-5816,(200) 000-5816
(100) 000-5817,(200) 000-5817
(100) 000-5818,(200) 000-5818
(100) 000-5819,(200) 000-5819
(100) 000-5820,(200) 000-5820
(100) 000-5821,(200) 000-5821
(100) 000-5822,(200) 000-5822
(100) 000-5823,(200) 000-5823
(100) 000-5824,(200) 000-5824
(100) 000-5825,(200) 000-5825
(100) 000-5826,(200) 000-5826
(100) 000-5827,(200) 000-5827
(100) 000-5828,(200) 000-5828
(100) 000-5829,(200) 000-5829
(100) 000-5830,(200) 000-5830
(100) 000-5831,(200) 000-5831
(100) 000-5832,(200) 000-5832
(100) 000-5833,(200) 000-5833
(100) 000-5834,(200) 000-5834
(100) 000-5835,(200) 000-5835
(100) 000-5836,(200) 000-5836
(100) 000-5837,(200) 000-5837
(100) 000-5838,(200) 000-5838
(100) 000-5839,(200) 000-5839
(100) 000-5840,(200) 000-5840
(100) 000-5841,(200) 000-5841
(100) 000-5842,(200) 000-5842
(100) 000-5843,(200) 000-5843
(100) 000-5844,(200) 000-5844
(100) 000-5845,(200) 000-5845
(100) 000-5846,(200) 000-5846
(100) 000-5847,(200) 000-5847
(100) 000-5848,(200) 000-5848
(100) 000-5849,(200) 000-5849
(100) 000-5850,(200) 000-5850
(100) 000-5851,(200) 000-5851
(100) 000-5852,(200) 000-5852
(100) 000-5853,(200) 000-5853
(100) 000-5854,(200) 000-5854
(100) 000-5855,(200) 000-5855
(100) 000-5856,(200) 000-5856
(100) 000-5857,(200) 000-5857
(100) 000-5858,(200) 000-5858
(100) 000-5859,(200) 000-5859
(100) 000-5860,(200) 000-5860
(100) 000-5861,(200) 000-5861
(100) 000-5862,(200) 000-5862
(100) 000-5863,(200) 000-5863
(100) 000-5864,(200) 000-5864
(100) 000-5865,(200) 000-5865
(100) 000-5866,(200) 000-5866
(100) 000-5867,(200) 000-5867
(100) 000-5868,(200) 000-5868
(100) 000-5869,(200) 000-5869
(100) 000-5870,(200) 000-5870
(100) 000-5871,(200) 000-5871
(100) 000-5872,(200) 000-5872
(100) 000-5873,(200) 000-5873
(100) 000-5874,(200) 000-5874
(100) 000-5875,(200) 000-5875
(100) 000-5876,(200) 000-5876
(100) 000-5877,(200) 000-5877
(100) 000-5878,(200) 000-5878
(100) 000-5879,(200) 000-5879
(100) 000-5880,(200) 000-5880
(100) 000-5881,(200) 000-5881
(100) 000-5882,(200) 000-5882
(100) 000-5883,(200) 000-5883
(100) 000-5884,(200) 000-5884
(100) 000-5885,(200) 000-5885
(100) 000-5886,(200) 000-5886
(100) 000-5887,(200) 000-5887
(100) 000-5888,(200) 000-5888
(100) 000-5889,(200) 000-5889
(100) 000-5890,(200) 000-5890
(100) 000-5891,(200) 000-5891
(100) 000-5892,(200) 000-5892
(100) 000-5893,(200) 000-5893
(100) 000-5894,(200) 000-5894
(100) 000-5895,(200) 000-5895
(100) 000-5896,(200) 000-5896
(100) 000-5897,(200) 000-5897
(100) 000-5898,(200) 000-5898
(100) 000-5899,(200) 000-5899
(100) 000-5900,(200) 000-5900
(100) 000-5901,(200) 000-5901
(100) 000-5902,(200) 000-5902
(100) 000-5903,(200) 000-5903
(100) 000-5904,(200) 000-5904
(100) 000-5905,(200) 000-5905
(100) 000-5906,(200) 000-5906
(100) 000-5907,(200) 000-5907
(100) 000-5908,(200) 000-5908
(100) 000-5909,(200) 000-5909
(100) 000-5910,(200) 000-5910
(100) 000-5911,(200) 000-5911
(100) 000-5912,(200) 000-5912
(100) 000-5913,(200) 000-5913
(100) 000-5914,(200) 000-5914
(100) 000-5915,(200) 000-5915
(100) 000-5916,(200) 000-5916
(100) 000-5917,(200) 000-5917
(100) 000-5918,(200) 000-5918
(100) 000-5919,(200) 000-5919
(100) 000-5920,(200) 000-5920
(100) 000-5921,(200) 000-5921
(100) 000-5922,(200) 000-5922
(100) 000-5923,(200) 000-5923
(100) 000-5924,(200) 000-5924
(100) 000-5925,(200) 000-5925
(100) 000-5926,(200) 000-5926
(100) 000-5927,(200) 000-5927
(100) 000-5928,(200) 000-5928
(100) 000-5929,(200) 000-5929
(100) 000-5930,(200) 000-5930
(100) 000-5931,(200) 000-5931
(100) 000-5932,(200) 000-5932
(100) 000-5933,(200) 000-5933
(100) 000-5934,(200) 000-5934
(100) 000-5935,(200) 000-5935
(100) 000-5936,(200) 000-5936
(100) 000-5937,(200) 000-5937
(100) 000-5938,(200) 000-5938
(100) 000-5939,(200) 000-5939
(100) 000-5940,(200) 000-5940
(100) 000-5941,(200) 000-5941
(100) 000-5942,(200) 000-5942
(100) 000-5943,(200) 000-5943
(100) 000-5944,(200) 000-5944
(100) 000-5945,(200) 000-5945
(100) 000-5946,(200) 000-5946
(100) 000-5947,(200) 000-5947
(100) 000-5948,(200) 000-5948
(100) 000-5949,(200) 000-5949
(100) 000-5950,(200) 000-5950
(100) 000-5951,(200) 000-5951
(100) 000-5952,(200) 000-5952
(100) 000-5953,(200) 000-5953
(100) 000-5954,(200) 000-5954
(100) 000-5955,(200) 000-5955
(100) 000-5956,(200) 000-5956
(100) 000-5957,(200) 000-5957
(100) 000-5958,(200) 000-5958
(100) 000-5959,(200) 000-5959
(100) 000-5960,(200) 000-5960
(100) 000-5961,(200) 000-5961
(100) 000-5962,(200) 000-5962
(100) 000-5963,(200) 000-5963
(100) 000-5964,(200) 000-5964
(100) 000-5965,(200) 000-5965
(100) 000-5966,(200) 000-5966
(100) 000-5967,(200) 000-5967
(100) 000-5968,(200) 000-5968
(100) 000-5969,(200) 000-5969
(100) 000-5970,(200) 000-5970
(100) 000-5971,(200) 000-5971
(100) 000-5972,(200) 000-5972
(100) 000-5973,(200) 000-5973
(100) 000-5974,(200) 000-5974
(100) 000-5975,(200) 000-5975
(100) 000-5976,(200) 000-5976
(100) 000-5977,(200) 000-5977
(100) 000-5978,(200) 000-5978
(100) 000-5979,(200) 000-5979
(100) 000-5980,(200) 000-5980
(100) 000-5981,(200) 000-5981
(100) 000-5982,(200) 000-5982
(100) 000-5983,(200) 000-5983
(100) 000-5984,(200) 000-5984
(100) 000-5985,(200) 000-5985
(100) 000-5986,(200) 000-5986
(100) 000-5987,(200) 000-5987
(100) 000-5988,(200) 000-5988
(100) 000-5989,(200) 000-5989
(100) 000-5990,(200) 000-5990
(100) 000-5991,(200) 000-5991
(100) 000-5992,(200) 000-5992
(100) 000-5993,(200) 000-5993
(100) 000-5994,(200) 000-5994
(100) 000-5995,(200) 000-5995
(100) 000-5996,(200) 000-5996
(100) 000-5997,(200) 000-5997
(100) 000-5998,(200) 000-5998
(100) 000-5999,(200) 000-5999
(100) 000-6000,(200) 000-6000
(100) 000-6001,(200) 000-6001
(100) 000-6002,(200) 000-6002
(100) 000-6003,(200) 000-6003
(100) 000-6004,(200) 000-6004
(100) 000-6005,(200) 000-6005
(100) 000-6006,(200) 000-6006
(100) 000-6007,(200) 000-6007
(100) 000-6008,(200) 000-6008
(100) 000-6009,(200) 000-6009
(100) 000-6010,(200) 000-6010
(100) 000-6011,(200) 000-6011
(100) 000-6012,(200) 000-6012
(100) 000-6013,(200) 000-6013
(100) 000-6014,(200) 000-6014
(100) 000-6015,(200) 000-6015
(100) 000-6016,(200) 000-6016
(100) 000-6017,(200) 000-6017
(100) 000-6018,(200) 000-6018
(100) 000-6019,(200) 000-6019
(100) 000-6020,(200) 000-6020
(100) 000-6021,(200) 000-6021
(100) 000-6022,(200) 000-6022
(100) 000-6023,(200) 000-6023
(100) 000-6024,(200) 000-6024
(100) 000-6025,(200) 000-6025
(100) 000-6026,(200) 000-6026
(100) 000-6027,(200) 000-6027
(100) 000-6028,(200) 000-6028
(100) 000-6029,(200) 000-6029
(100) 000-6030,(200) 000-6030
(100) 000-6031,(200) 000-6031
(100) 000-6032,(200) 000-6032
(100) 000-6033,(200) 000-6033
(100) 000-6034,(200) 000-6034
(100) 000-6035,(200) 000-6035
(100) 000-6036,(200) 000-6036
(100) 000-6037,(200) 000-6037
(100) 000-6038,(200) 000-6038
(100) 000-6039,(200) 000-6039
(100) 000-6040,(200) 000-6040
(100) 000-6041,(200) 000-6041
(100) 000-6042,(200) 000-6042
(100) 000-6043,(200) 000-6043
(100) 000-6044,(200) 000-6044
(100) 000-6045,(200) 000-6045
(100) 000-6046,(200) 000-6046
(100) 000-6047,(200) 000-6047
(100) 000-6048,(200) 000-6048
(100) 000-6049,(200) 000-6049
(100) 000-6050,(200) 000-6050
(100) 000-6051,(200) 000-6051
(100) 000-6052,(200) 000-6052
(100) 000-6053,(200) 000-6053
(100) 000-6054,(200) 000-6054
(100) 000-6055,(200) 000-6055
(100) 000-6056,(200) 000-6056
(100) 000-6057,(200) 000-6057
(100) 000-6058,(200) 000-6058
(100) 000-6059,(200) 000-6059
(100) 000-6060,(200) 000-6060
(100) 000-6061,(200) 000-6061
(100) 000-6062,(200) 000-6062
(100) 000-6063,(200) 000-6063
(100) 000-6064,(200) 000-6064
(100) 000-6065,(200) 000-6065
(100) 000-6066,(200) 000-6066
(100) 000-6067,(200) 000-6067
(100) 000-6068,(200) 000-6068
(100) 000-6069,(200) 000-6069
(100) 000-6070,(200) 000-6070
(100) 000-6071,(200) 000-6071
(100) 000-6072,(200) 000-6072
(100) 000-6073,(200) 000-6073
(100) 000-6074,(200) 000-6074
(100) 000-6075,(200) 000-6075
(100) 000-6076,(200) 000-6076
(100) 000-6077,(200) 000-6077
(100) 000-6078,(200) 000-6078
(100) 000-6079,(200) 000-6079
(100) 000-6080,(200) 000-6080
(100) 000-6081,(200) 000-6081
(100) 000-6082,(200) 000-6082
(100) 000-6083,(200) 000-6083
(100) 000-6084,(200) 000-6084
(100) 000-6085,(200) 000-6085
(100) 000-6086,(200) 000-6086
(100) 000-6087,(200) 000-6087
(100) 000-6088,(200) 000-6088
(100) 000-6089,(200) 000-6089
(100) 000-6090,(200) 000-6090
(100) 000-6091,(200) 000-6091
(100) 000-6092,(200) 000-6092
(100) 000-6093,(200) 000-6093
(100) 000-6094,(200) 000-6094
(100) 000-6095,(200) 000-6095
(100) 000-6096,(200) 000-6096
(100) 000-6097,(200) 000-6097
(100) 000-6098,(200) 000-6098
(100) 000-6099,(200) 000-6099
(100) 000-6100,(200) 000-6100
(100) 000-6101,(200) 000-6101
(100) 000-6102,(200) 000-6102
(100) 000-6103,(200) 000-6103
(100) 000-6104,(200) 000-6104
(100) 000-6105,(200) 000-6105
(100) 000-6106,(200) 000-6106
(100) 000-6107,(200) 000-6107
(100) 000-6108,(200) 000-6108
(100) 000-6109,(200) 000-6109
(100) 000-6110,(200) 000-6110
(100) 000-6111,(200) 000-6111
(100) 000-6112,(200) 000-6112
(100) 000-6113,(200) 000-6113
(100) 000-6114,(200) 000-6114
(100) 000-6115,(200) 000-6115
(100) 000-6116,(200) 000-6116
(100) 000-6117,(200) 000-6117
(100) 000-6118,(200) 000-6118
(100) 000-6119,(200) 000-6119
(100) 000-6120,(200) 000-6120
(100) 000-6121,(200) 000-6121
(100) 000-6122,(200) 000-6122
(100) 000-6123,(200) 000-6123
(100) 000-6124,(200) 000-6124
(100) 000-6125,(200) 000-6125
(100) 000-6126,(200) 000-6126
(100) 000-6127,(200) 000-6127
(100) 000-6128,(200) 000-6128
(100) 000-6129,(200) 000-6129
(100) 000-6130,(200) 000-6130
(100) 000-6131,(200) 000-6131
(100) 000-6132,(200) 000-6132
(100) 000-6133,(200) 000-6133
(100) 000-6134,(200) 000-6134
(100) 000-6135,(200) 000-6135
(100) 000-6136,(200) 000-6136
(100) 000-6137,(200) 000-6137
(100) 000-6138,(200) 000-6138
(100) 000-6139,(200) 000-6139
(100) 000-6140,(200) 000-6140
(100) 000-6141,(200) 000-6141
(100) 000-6142,(200) 000-6142
(100) 000-6143,(200) 000-6143
(100) 000-6144,(200) 000-6144
(100) 000-6145,(200) 000-6145
(100) 000-6146,(200) 000-6146
(100) 000-6147,(200) 000-6147
(100) 000-6148,(200) 000-6148
(100) 000-6149,(200) 000-6149
(100) 000-6150,(200) 000-6150
(100) 000-6151,(200) 000-6151
(100) 000-6152,(200) 000-6152
(100) 000-6153,(200) 000-6153
(100) 000-6154,(200) 000-6154
(100) 000-6155,(200) 000-6155
(100) 000-6156,(200) 000-6156
(100) 000-6157,(200) 000-6157
(100) 000-6158,(200) 000-6158
(100) 000-6159,(200) 000-6159
(100) 000-6160,(200) 000-6160
(100) 000-6161,(200) 000-6161
(100) 000-6162,(200) 000-6162
(100) 000-6163,(200) 000-6163
(100) 000-6164,(200) 000-6164
(100) 000-6165,(200) 000-6165
(100) 000-6166,(200) 000-6166
(100) 000-6167,(200) 000-6167
(100) 000-6168,(200) 000-6168
(100) 000-6169,(200) 000-6169
(100) 000-6170,(200) 000-6170
(100) 000-6171,(200) 000-6171
(100) 000-6172,(200) 000-6172
(100) 000-6173,(200) 000-6173
(100) 000-6174,(200) 000-6174
(100) 000-6175,(200) 000-6175
(100) 000-6176,(200) 000-6176
(100) 000-6177,(200) 000-6177
(100) 000-6178,(200) 000-6178
(100) 000-6179,(200) 000-6179
(100) 000-6180,(200) 000-6180
(100) 000-6181,(200) 000-6181
(100) 000-6182,(200) 000-6182
(100) 000-6183,(200) 000-6183
(100) 000-6184,(200) 000-6184
(100) 000-6185,(200) 000-6185
(100) 000-6186,(200) 000-6186
(100) 000-6187,(200) 000-6187
(100) 000-6188,(200) 000-6188
(100) 000-6189,(200) 000-6189
(100) 000-6190,(200) 000-6190
(100) 000-6191,(200) 000-6191
(100) 000-6192,(200) 000-6192
(100) 000-6193,(200) 000-6193
(100) 000-6194,(200) 000-6194
(100) 000-6195,(200) 000-6195
(100) 000-6196,(200) 000-6196
(100) 000-6197,(200) 000-6197
(100) 000-6198,(200) 000-6198
(100) 000-6199,(200) 000-6199
(100) 000-6200,(200) 000-6200
(100) 000-6201,(200) 000-6201
(100) 000-6202,(200) 000-6202
(100) 000-6203,(200) 000-6203
(100) 000-6204,(200) 000-6204
(100) 000-6205,(200) 000-6205
(100) 000-6206,(200) 000-6206
(100) 000-6207,(200) 000-6207
(100) 000-6208,(200) 000-6208
(100) 000-6209,(200) 000-6209
(100) 000-6210,(200) 000-6210
(100) 000-6211,(200) 000-6211
(100) 000-6212,(200) 000-6212
(100) 000-6213,(200) 000-6213
(100) 000-6214,(200) 000-6214
(100) 000-6215,(200) 000-6215
(100) 000-6216,(200) 000-6216
(100) 000-6217,(200) 000-6217
(100) 000-6218,(200) 000-6218
(100) 000-6219,(200) 000-6219
(100) 000-6220,(200) 000-6220
(100) 000-6221,(200) 000-6221
(100) 000-6222,(200) 000-6222
(100) 000-6223,(200) 000-6223
(100) 000-6224,(200) 000-6224
(100) 000-6225,(200) 000-6225
(100) 000-6226,(200) 000-6226
(100) 000-6227,(200) 000-6227
(100) 000-6228,(200) 000-6228
(100) 000-6229,(200) 000-6229
(100) 000-6230,(200) 000-6230
(100) 000-6231,(200) 000-6231
(100) 000-6232,(200) 000-6232
(100) 000-6233,(200) 000-6233
(100) 000-6234,(200) 000-6234
(100) 000-6235,(200) 000-6235
(100) 000-6236,(200) 000-6236
(100) 000-6237,(200) 000-6237
(100) 000-6238,(200) 000-6238
(100) 000-6239,(200) 000-6239
(100) 000-6240,(200) 000-6240
(100) 000-6241,(200) 000-6241
(100) 000-6242,(200) 000-6242
(100) 000-6243,(200) 000-6243
(100) 000-6244,(200) 000-6244
(100) 000-6245,(200) 000-6245
(100) 000-6246,(200) 000-6246
(100) 000-6247,(200) 000-6247
(100) 000-6248,(200) 000-6248
(100) 000-6249,(200) 000-6249
(100) 000-6250,(200) 000-6250
(100) 000-6251,(200) 000-6251
(100) 000-6252,(200) 000-6252
(100) 000-6253,(200) 000-6253
(100) 000-6254,(200) 000-6254
(100) 000-6255,(200) 000-6255
(100) 000-6256,(200) 000-6256
(100) 000-6257,(200) 000-6257
(100) 000-6258,(200) 000-6258
(100) 000-6259,(200) 000-6259
(100) 000-6260,(200) 000-6260
(100) 000-6261,(200) 000-6261
(100) 000-6262,(200) 000-6262
(100) 000-6263,(200) 000-6263
(100) 000-6264,(200) 000-6264
(100) 000-6265,(200) 000-6265
(100) 000-6266,(200) 000-6266
(100) 000-6267,(200) 000-6267
(100) 000-6268,(200) 000-6268
(100) 000-6269,(200) 000-6269
(100) 000-6270,(200) 000-6270
(100) 000-6271,(200) 000-6271
(100) 000-6272,(200) 000-6272
(100) 000-6273,(200) 000-6273
(100) 000-6274,(200) 000-6274
(100) 000-6275,(200) 000-6275
(100) 000-6276,(200) 000-6276
(100) 000-6277,(200) 000-6277
(100) 000-6278,(200) 000-6278
(100) 000-6279,(200) 000-6279
(100) 000-6280,(200) 000-6280
(100) 000-6281,(200) 000-6281
(100) 000-6282,(200) 000-6282
(100) 000-6283,(200) 000-6283
(100) 000-6284,(200) 000-6284
(100) 000-6285,(200) 000-6285
(100) 000-6286,(200) 000-6286
(100) 000-6287,(200) 000-6287
(100) 000-6288,(200) 000-6288
(100) 000-6289,(200) 000-6289
(100) 000-6290,(200) 000-6290
(100) 000-6291,(200) 000-6291
(100) 000-6292,(200) 000-6292
(100) 000-6293,(200) 000-6293
(100) 000-6294,(200) 000-6294
(100) 000-6295,(200) 000-6295
(100) 000-6296,(200) 000-6296
(100) 000-6297,(200) 000-6297
(100) 000-6298,(200) 000-6298
(100) 000-6299,(200) 000-6299
(100) 000-6300,(200) 000-6300
(100) 000-6301,(200) 000-6301
(100) 000-6302,(200) 000-6302
(100) 000-6303,(200) 000-6303
(100) 000-6304,(200) 000-6304
(100) 000-6305,(200) 000-6305
(100) 000-6306,(200) 000-6306
(100) 000-6307,(200) 000-6307
(100) 000-6308,(200) 000-6308
(100) 000-6309,(200) 000-6309
(100) 000-6310,(200) 000-6310
(100) 000-6311,(200) 000-6311
(100) 000-6312,(200) 000-6312
(100) 000-6313,(200) 000-6313
(100) 000-6314,(200) 000-6314
(100) 000-6315,(200) 000-6315
(100) 000-6316,(200) 000-6316
(100) 000-6317,(200) 000-6317
(100) 000-6318,(200) 000-6318
(100) 000-6319,(200) 000-6319
(100) 000-6320,(200) 000-6320
(100) 000-6321,(200) 000-6321
(100) 000-6322,(200) 000-6322
(100) 000-6323,(200) 000-6323
(100) 000-6324,(200) 000-6324
(100) 000-6325,(200) 000-6325
(100) 000-6326,(200) 000-6326
(100) 000-6327,(200) 000-6327
(100) 000-6328,(200) 000-6328
(100) 000-6329,(200) 000-6329
(100) 000-6330,(200) 000-6330
(100) 000-6331,(200) 000-6331
(100) 000-6332,(200) 000-6332
(100) 000-6333,(200) 000-6333
(100) 000-6334,(200) 000-6334
(100) 000-6335,(200) 000-6335
(100) 000-6336,(200) 000-6336
(100) 000-6337,(200) 000-6337
(100) 000-6338,(200) 000-6338
(100) 000-6339,(200) 000-6339
(100) 000-6340,(200) 000-6340
(100) 000-6341,(200) 000-6341
(100) 000-6342,(200) 000-6342
(100) 000-6343,(200) 000-6343
(100) 000-6344,(200) 000-6344
(100) 000-6345,(200) 000-6345
(100) 000-6346,(200) 000-6346
(100) 000-6347,(200) 000-6347
(100) 000-6348,(200) 000-6348
(100) 000-6349,(200) 000-6349
(100) 000-6350,(200) 000-6350
(100) 000-6351,(200) 000-6351
(100) 000-6352,(200) 000-6352
(100) 000-6353,(200) 000-6353
(100) 000-6354,(200) 000-6354
(100) 000-6355,(200) 000-6355
(100) 000-6356,(200) 000-6356
(100) 000-6357,(200) 000-6357
(100) 000-6358,(200) 000-6358
(100) 000-6359,(200) 000-6359
(100) 000-6360,(200) 000-6360
(100) 000-6361,(200) 000-6361
(100) 000-6362,(200) 000-6362
(100) 000-6363,(200) 000-6363
(100) 000-6364,(200) 000-6364
(100) 000-6365,(200) 000-6365
(100) 000-6366,(200) 000-6366
(100) 000-6367,(200) 000-6367
(100) 000-6368,(200) 000-6368
(100) 000-6369,(200) 000-6369
(100) 000-6370,(200) 000-6370
(100) 000-6371,(200) 000-6371
(100) 000-6372,(200) 000-6372
(100) 000-6373,(200) 000-6373
(100) 000-6374,(200) 000-6374
(100) 000-6375,(200) 000-6375
(100) 000-6376,(200) 000-6376
(100) 000-6377,(200) 000-6377
(100) 000-6378,(200) 000-6378
(100) 000-6379,(200) 000-6379
(100) 000-6380,(200) 000-6380
(100) 000-6381,(200) 000-6381
(100) 000-6382,(200) 000-6382
(100) 000-6383,(200) 000-6383
(100) 000-6384,(200) 000-6384
(100) 000-6385,(200) 000-6385
(100) 000-6386,(200) 000-6386
(100) 000-6387,(200) 000-6387
(100) 000-6388,(200) 000-6388
(100) 000-6389,(200) 000-6389
(100) 000-6390,(200) 000-6390
(100) 000-6391,(200) 000-6391
(100) 000-6392,(200) 000-6392
(100) 000-6393,(200) 000-6393
(100) 000-6394,(200) 000-6394
(100) 000-6395,(200) 000-6395
(100) 000-6396,(200) 000-6396
(100) 000-6397,(200) 000-6397
(100) 000-6398,(200) 000-6398
(100) 000-6399,(200) 000-6399
(100) 000-6400,(200) 000-6400
(100) 000-6401,(200) 000-6401
(100) 000-6402,(200) 000-6402
(100) 000-6403,(200) 000-6403
(100) 000-6404,(200) 000-6404
(100) 000-6405,(200) 000-6405
(100) 000-6406,(200) 000-6406
(100) 000-6407,(200) 000-6407
(100) 000-6408,(200) 000-6408
(100) 000-6409,(200) 000-6409
(100) 000-6410,(200) 000-6410
(100) 000-6411,(200) 000-6411
(100) 000-6412,(200) 000-6412
(100) 000-6413,(200) 000-6413
(100) 000-6414,(200) 000-6414
(100) 000-6415,(200) 000-6415
(100) 000-6416,(200) 000-6416
(100) 000-6417,(200) 000-6417
(100) 000-6418,(200) 000-6418
(100) 000-6419,(200) 000-6419
(100) 000-6420,(200) 000-6420
(100) 000-6421,(200) 000-6421
(100) 000-6422,(200) 000-6422
(100) 000-6423,(200) 000-6423
(100) 000-6424,(200) 000-6424
(100) 000-6425,(200) 000-6425
(100) 000-6426,(200) 000-6426
(100) 000-6427,(200) 000-6427
(100) 000-6428,(200) 000-6428
(100) 000-6429,(200) 000-6429
(100) 000-6430,(200) 000-6430
(100) 000-6431,(200) 000-6431
(100) 000-6432,(200) 000-6432
(100) 000-6433,(200) 000-6433
(100) 000-6434,(200) 000-6434
(100) 000-6435,(200) 000-6435
(100) 000-6436,(200) 000-6436
(100) 000-6437,(200) 000-6437
(100) 000-6438,(200) 000-6438
(100) 000-6439,(200) 000-6439
(100) 000-6440,(200) 000-6440
(100) 000-6441,(200) 000-6441
(100) 000-6442,(200) 000-6442
(100) 000-6443,(200) 000-6443
(100) 000-6444,(200) 000-6444
(100) 000-6445,(200) 000-6445
(100) 000-6446,(200) 000-6446
(100) 000-6447,(200) 000-6447
(100) 000-6448,(200) 000-6448
(100) 000-6449,(200) 000-6449
(100) 000-6450,(200) 000-6450
(100) 000-6451,(200) 000-6451
(100) 000-6452,(200) 000-6452
(100) 000-6453,(200) 000-6453
(100) 000-6454,(200) 000-6454
(100) 000-6455,(200) 000-6455
(100) 000-6456,(200) 000-6456
(100) 000-6457,(200) 000-6457
(100) 000-6458,(200) 000-6458
(100) 000-6459,(200) 000-6459
(100) 000-6460,(200) 000-6460
(100) 000-6461,(200) 000-6461
(100) 000-6462,(200) 000-6462
(100) 000-6463,(200) 000-6463
(100) 000-6464,(200) 000-6464
(100) 000-6465,(200) 000-6465
(100) 000-6466,(200) 000-6466
(100) 000-6467,(200) 000-6467
(100) 000-6468,(200) 000-6468
(100) 000-6469,(200) 000-6469
(100) 000-6470,(200) 000-6470
(100) 000-6471,(200) 000-6471
(100) 000-6472,(200) 000-6472
(100) 000-6473,(200) 000-6473
(100) 000-6474,(200) 000-6474
(100) 000-6475,(200) 000-6475
(100) 000-6476,(200) 000-6476
(100) 000-6477,(200) 000-6477
(100) 000-6478,(200) 000-6478
(100) 000-6479,(200) 000-6479
(100) 000-6480,(200) 000-6480
(100) 000-6481,(200) 000-6481
(100) 000-6482,(200) 000-6482
(100) 000-6483,(200) 000-6483
(100) 000-6484,(200) 000-6484
(100) 000-6485,(200) 000-6485
(100) 000-6486,(200) 000-6486
(100) 000-6487,(200) 000-6487
(100) 000-6488,(200) 000-6488
(100) 000-6489,(200) 000-6489
(100) 000-6490,(200) 000-6490
(100) 000-6491,(200) 000-6491
(100) 000-6492,(200) 000-6492
(100) 000-6493,(200) 000-6493
(100) 000-6494,(200) 000-6494
(100) 000-6495,(200) 000-6495
(100) 000-6496,(200) 000-6496
(100) 000-6497,(200) 000-6497
(100) 000-6498,(200) 000-6498
(100) 000-6499,(200) 000-6499
(100) 000-6500,(200) 000-6500
(100) 000-6501,(200) 000-6501
(100) 000-6502,(200) 000-6502
(100) 000-6503,(200) 000-6503
(100) 000-6504,(200) 000-6504
(100) 000-6505,(200) 000-6505
(100) 000-6506,(200) 000-6506
(100) 000-6507,(200) 000-6507
(100) 000-6508,(200) 000-6508
(100) 000-6509,(200) 000-6509
(100) 000-6510,(200) 000-6510
(100) 000-6511,(200) 000-6511
(100) 000-6512,(200) 000-6512
(100) 000-6513,(200) 000-6513
(100) 000-6514,(200) 000-6514
(100) 000-6515,(200) 000-6515
(100) 000-6516,(200) 000-6516
(100) 000-6517,(200) 000-6517
(100) 000-6518,(200) 000-6518
(100) 000-6519,(200) 000-6519
(100) 000-6520,(200) 000-6520
(100) 000-6521,(200) 000-6521
(100) 000-6522,(200) 000-6522
(100) 000-6523,(200) 000-6523
(100) 000-6524,(200) 000-6524
(100) 000-6525,(200) 000-6525
(100) 000-6526,(200) 000-6526
(100) 000-6527,(200) 000-6527
(100) 000-6528,(200) 000-6528
(100) 000-6529,(200) 000-6529
(100) 000-6530,(200) 000-6530
(100) 000-6531,(200) 000-6531
(100) 000-6532,(200) 000-6532
(100) 000-6533,(200) 000-6533
(100) 000-6534,(200) 000-6534
(100) 000-6535,(200) 000-6535
(100) 000-6536,(200) 000-6536
(100) 000-6537,(200) 000-6537
(100) 000-6538,(200) 000-6538
(100) 000-6539,(200) 000-6539
(100) 000-6540,(200) 000-6540
(100) 000-6541,(200) 000-6541
(100) 000-6542,(200) 000-6542
(100) 000-6543,(200) 000-6543
(100) 000-6544,(200) 000-6544
(100) 000-6545,(200) 000-6545
(100) 000-6546,(200) 000-6546
(100) 000-6547,(200) 000-6547
(100) 000-6548,(200) 000-6548
(100) 000-6549,(200) 000-6549
(100) 000-6550,(200) 000-6550
(100) 000-6551,(200) 000-6551
(100) 000-6552,(200) 000-6552
(100) 000-6553,(200) 000-6553
(100) 000-6554,(200) 000-6554
(100) 000-6555,(200) 000-6555
(100) 000-6556,(200) 000-6556
(100) 000-6557,(200) 000-6557
(100) 000-6558,(200) 000-6558
(100) 000-6559,(200) 000-6559
(100) 000-6560,(200) 000-6560
(100) 000-6561,(200) 000-6561
(100) 000-6562,(200) 000-6562
(100) 000-6563,(200) 000-6563
(100) 000-6564,(200) 000-6564
(100) 000-6565,(200) 000-6565
(100) 000-6566,(200) 000-6566
(100) 000-6567,(200) 000-6567
(100) 000-6568,(200) 000-6568
(100) 000-6569,(200) 000-6569
(100) 000-6570,(200) 000-6570
(100) 000-6571,(200) 000-6571
(100) 000-6572,(200) 000-6572
(100) 000-6573,(200) 000-6573
(100) 000-6574,(200) 000-6574
(100) 000-6575,(200) 000-6575
(100) 000-6576,(200) 000-6576
(100) 000-6577,(200) 000-6577
(100) 000-6578,(200) 000-6578
(100) 000-6579,(200) 000-6579
(100) 000-6580,(200) 000-6580
(100) 000-6581,(200) 000-6581
(100) 000-6582,(200) 000-6582
(100) 000-6583,(200) 000-6583
(100) 000-6584,(200) 000-6584
(100) 000-6585,(200) 000-6585
(100) 000-6586,(200) 000-6586
(100) 000-6587,(200) 000-6587
(100) 000-6588,(200) 000-6588
(100) 000-6589,(200) 000-6589
(100) 000-6590,(200) 000-6590
(100) 000-6591,(200) 000-6591
(100) 000-6592,(200) 000-6592
(100) 000-6593,(200) 000-6593
(100) 000-6594,(200) 000-6594
(100) 000-6595,(200) 000-6595
(100) 000-6596,(200) 000-6596
(100) 000-6597,(200) 000-6597
(100) 000-6598,(200) 000-6598
(100) 000-6599,(200) 000-6599
(100) 000-6600,(200) 000-6600
(100) 000-6601,(200) 000-6601
(100) 000-6602,(200) 000-6602
(100) 000-6603,(200) 000-6603
(100) 000-6604,(200) 000-6604
(100) 000-6605,(200) 000-6605
(100) 000-6606,(200) 000-6606
(100) 000-6607,(200) 000-6607
(100) 000-6608,(200) 000-6608
(100) 000-6609,(200) 000-6609
(100) 000-6610,(200) 000-6610
(100) 000-6611,(200) 000-6611
(100) 000-6612,(200) 000-6612
(100) 000-6613,(200) 000-6613
(100) 000-6614,(200) 000-6614
(100) 000-6615,(200) 000-6615
(100) 000-6616,(200) 000-6616
(100) 000-6617,(200) 000-6617
(100) 000-6618,(200) 000-6618
(100) 000-6619,(200) 000-6619
(100) 000-6620,(200) 000-6620
(100) 000-6621,(200) 000-6621
(100) 000-6622,(200) 000-6622
(100) 000-6623,(200) 000-6623
(100) 000-6624,(200) 000-6624
(100) 000-6625,(200) 000-6625
(100) 000-6626,(200) 000-6626
(100) 000-6627,(200) 000-6627
(100) 000-6628,(200) 000-6628
(100) 000-6629,(200) 000-6629
(100) 000-6630,(200) 000-6630
(100) 000-6631,(200) 000-6631
(100) 000-6632,(200) 000-6632
(100) 000-6633,(200) 000-6633
(100) 000-6634,(200) 000-6634
(100) 000-6635,(200) 000-6635
(100) 000-6636,(200) 000-6636
(100) 000-6637,(200) 000-6637
(100) 000-6638,(200) 000-6638
(100) 000-6639,(200) 000-6639
(100) 000-6640,(200) 000-6640
(100) 000-6641,(200) 000-6641
(100) 000-6642,(200) 000-6642
(100) 000-6643,(200) 000-6643
(100) 000-6644,(200) 000-6644
(100) 000-6645,(200) 000-6645
(100) 000-6646,(200) 000-6646
(100) 000-6647,(200) 000-6647
(100) 000-6648,(200) 000-6648
(100) 000-6649,(200) 000-6649
(100) 000-6650,(200) 000-6650
(100) 000-6651,(200) 000-6651
(100) 000-6652,(200) 000-6652
(100) 000-6653,(200) 000-6653
(100) 000-6654,(200) 000-6654
(100) 000-6655,(200) 000-6655
(100) 000-6656,(200) 000-6656
(100) 000-6657,(200) 000-6657
(100) 000-6658,(200) 000-6658
(100) 000-6659,(200) 000-6659
(100) 000-6660,(200) 000-6660
(100) 000-6661,(200) 000-6661
(100) 000-6662,(200) 000-6662
(100) 000-6663,(200) 000-6663
(100) 000-6664,(200) 000-6664
(100) 000-6665,(200) 000-6665
(100) 000-6666,(200) 000-6666
(100) 000-6667,(200) 000-6667
(100) 000-6668,(200) 000-6668
(100) 000-6669,(200) 000-6669
(100) 000-6670,(200) 000-6670
(100) 000-6671,(200) 000-6671
(100) 000-6672,(200) 000-6672
(100) 000-6673,(200) 000-6673
(100) 000-6674,(200) 000-6674
(100) 000-6675,(200) 000-6675
(100) 000-6676,(200) 000-6676
(100) 000-6677,(200) 000-6677
(100) 000-6678,(200) 000-6678
(100) 000-6679,(200) 000-6679
(100) 000-6680,(200) 000-6680
(100) 000-6681,(200) 000-6681
(100) 000-6682,(200) 000-6682
(100) 000-6683,(200) 000-6683
(100) 000-6684,(200) 000-6684
(100) 000-6685,(200) 000-6685
(100) 000-6686,(200) 000-6686
(100) 000-6687,(200) 000-6687
(100) 000-6688,(200) 000-6688
(100) 000-6689,(200) 000-6689
(100) 000-6690,(200) 000-6690
(100) 000-6691,(200) 000-6691
(100) 000-6692,(200) 000-6692
(100) 000-6693,(200) 000-6693
(100) 000-6694,(200) 000-6694
(100) 000-6695,(200) 000-6695
(100) 000-6696,(200) 000-6696
(100) 000-6697,(200) 000-6697
(100) 000-6698,(200) 000-6698
(100) 000-6699,(200) 000-6699
(100) 000-6700,(200) 000-6700
(100) 000-6701,(200) 000-6701
(100) 000-6702,(200) 000-6702
(100) 000-6703,(200) 000-6703
(100) 000-6704,(200) 000-6704
(100) 000-6705,(200) 000-6705
(100) 000-6706,(200) 000-6706
(100) 000-6707,(200) 000-6707
(100) 000-6708,(200) 000-6708
(100) 000-6709,(200) 000-6709
(100) 000-6710,(200) 000-6710
(100) 000-6711,(200) 000-6711
(100) 000-6712,(200) 000-6712
(100) 000-6713,(200) 000-6713
(100) 000-6714,(200) 000-6714
(100) 000-6715,(200) 000-6715
(100) 000-6716,(200) 000-6716
(100) 000-6717,(200) 000-6717
(100) 000-6718,(200) 000-6718
(100) 000-6719,(200) 000-6719
(100) 000-6720,(200) 000-6720
(100) 000-6721,(200) 000-6721
(100) 000-6722,(200) 000-6722
(100) 000-6723,(200) 000-6723
(100) 000-6724,(200) 000-6724
(100) 000-6725,(200) 000-6725
(100) 000-6726,(200) 000-6726
(100) 000-6727,(200) 000-6727
(100) 000-6728,(200) 000-6728
(100) 000-6729,(200) 000-6729
(100) 000-6730,(200) 000-6730
(100) 000-6731,(200) 000-6731
(100) 000-6732,(200) 000-6732
(100) 000-6733,(200) 000-6733
(100) 000-6734,(200) 000-6734
(100) 000-6735,(200) 000-6735
(100) 000-6736,(200) 000-6736
(100) 000-6737,(200) 000-6737
(100) 000-6738,(200) 000-6738
(100) 000-6739,(200) 000-6739
(100) 000-6740,(200) 000-6740
(100) 000-6741,(200) 000-6741
(100) 000-6742,(200) 000-6742
(100) 000-6743,(200) 000-6743
(100) 000-6744,(200) 000-6744
(100) 000-6745,(200) 000-6745
(100) 000-6746,(200) 000-6746
(100) 000-6747,(200) 000-6747
(100) 000-6748,(200) 000-6748
(100) 000-6749,(200) 000-6749
(100) 000-6750,(200) 000-6750
(100) 000-6751,(200) 000-6751
(100) 000-6752,(200) 000-6752
(100) 000-6753,(200) 000-6753
(100) 000-6754,(200) 000-6754
(100) 000-6755,(200) 000-6755
(100) 000-6756,(200) 000-6756
(100) 000-6757,(200) 000-6757
(100) 000-6758,(200) 000-6758
(100) 000-6759,(200) 000-6759
(100) 000-6760,(200) 000-6760
(100) 000-6761,(200) 000-6761
(100) 000-6762,(200) 000-6762
(100) 000-6763,(200) 000-6763
(100) 000-6764,(200) 000-6764
(100) 000-6765,(200) 000-6765
(100) 000-6766,(200) 000-6766
(100) 000-6767,(200) 000-6767
(100) 000-6768,(200) 000-6768
(100) 000-6769,(200) 000-6769
(100) 000-6770,(200) 000-6770
(100) 000-6771,(200) 000-6771
(100) 000-6772,(200) 000-6772
(100) 000-6773,(200) 000-6773
(100) 000-6774,(200) 000-6774
(100) 000-6775,(200) 000-6775
(100) 000-6776,(200) 000-6776
(100) 000-6777,(200) 000-6777
(100) 000-6778,(200) 000-6778
(100) 000-6779,(200) 000-6779
(100) 000-6780,(200) 000-6780
(100) 000-6781,(200) 000-6781
(100) 000-6782,(200) 000-6782
(100) 000-6783,(200) 000-6783
(100) 000-6784,(200) 000-6784
(100) 000-6785,(200) 000-6785
(100) 000-6786,(200) 000-6786
(100) 000-6787,(200) 000-6787
(100) 000-6788,(200) 000-6788
(100) 000-6789,(200) 000-6789
(100) 000-6790,(200) 000-6790
(100) 000-6791,(200) 000-6791
(100) 000-6792,(200) 000-6792
(100) 000-6793,(200) 000-6793
(100) 000-6794,(200) 000-6794
(100) 000-6795,(200) 000-6795
(100) 000-6796,(200) 000-6796
(100) 000-6797,(200) 000-6797
(100) 000-6798,(200) 000-6798
(100) 000-6799,(200) 000-6799
(100) 000-6800,(200) 000-6800
(100) 000-6801,(200) 000-6801
(100) 000-6802,(200) 000-6802
(100) 000-6803,(200) 000-6803
(100) 000-6804,(200) 000-6804
(100) 000-6805,(200) 000-6805
(100) 000-6806,(200) 000-6806
(100) 000-6807,(200) 000-6807
(100) 000-6808,(200) 000-6808
(100) 000-6809,(200) 000-6809
(100) 000-6810,(200) 000-6810
(100) 000-6811,(200) 000-6811
(100) 000-6812,(200) 000-6812
(100) 000-6813,(200) 000-6813
(100) 000-6814,(200) 000-6814
(100) 000-6815,(200) 000-6815
(100) 000-6816,(200) 000-6816
(100) 000-6817,(200) 000-6817
(100) 000-6818,(200) 000-6818
(100) 000-6819,(200) 000-6819
(100) 000-6820,(200) 000-6820
(100) 000-6821,(200) 000-6821
(100) 000-6822,(200) 000-6822
(100) 000-6823,(200) 000-6823
(100) 000-6824,(200) 000-6824
(100) 000-6825,(200) 000-6825
(100) 000-6826,(200) 000-6826
(100) 000-6827,(200) 000-6827
(100) 000-6828,(200) 000-6828
(100) 000-6829,(200) 000-6829
(100) 000-6830,(200) 000-6830
(100) 000-6831,(200) 000-6831
(100) 000-6832,(200) 000-6832
(100) 000-6833,(200) 000-6833
(100) 000-6834,(200) 000-6834
(100) 000-6835,(200) 000-6835
(100) 000-6836,(200) 000-6836
(100) 000-6837,(200) 000-6837
(100) 000-6838,(200) 000-6838
(100) 000-6839,(200) 000-6839
(100) 000-6840,(200) 000-6840
(100) 000-6841,(200) 000-6841
(100) 000-6842,(200) 000-6842
(100) 000-6843,(200) 000-6843
(100) 000-6844,(200) 000-6844
(100) 000-6845,(200) 000-6845
(100) 000-6846,(200) 000-6846
(100) 000-6847,(200) 000-6847
(100) 000-6848,(200) 000-6848
(100) 000-6849,(200) 000-6849
(100) 000-6850,(200) 000-6850
(100) 000-6851,(200) 000-6851
(100) 000-6852,(200) 000-6852
(100) 000-6853,(200) 000-6853
(100) 000-6854,(200) 000-6854
(100) 000-6855,(200) 000-6855
(100) 000-6856,(200) 000-6856
(100) 000-6857,(200) 000-6857
(100) 000-6858,(200) 000-6858
(100) 000-6859,(200) 000-6859
(100) 000-6860,(200) 000-6860
(100) 000-6861,(200) 000-6861
(100) 000-6862,(200) 000-6862
(100) 000-6863,(200) 000-6863
(100) 000-6864,(200) 000-6864
(100) 000-6865,(200) 000-6865
(100) 000-6866,(200) 000-6866
(100) 000-6867,(200) 000-6867
(100) 000-6868,(200) 000-6868
(100) 000-6869,(200) 000-6869
(100) 000-6870,(200) 000-6870
(100) 000-6871,(200) 000-6871
(100) 000-6872,(200) 000-6872
(100) 000-6873,(200) 000-6873
(100) 000-6874,(200) 000-6874
(100) 000-6875,(200) 000-6875
(100) 000-6876,(200) 000-6876
(100) 000-6877,(200) 000-6877
(100) 000-6878,(200) 000-6878
(100) 000-6879,(200) 000-6879
(100) 000-6880,(200) 000-6880
(100) 000-6881,(200) 000-6881
(100) 000-6882,(200) 000-6882
(100) 000-6883,(200) 000-6883
(100) 000-6884,(200) 000-6884
(100) 000-6885,(200) 000-6885
(100) 000-6886,(200) 000-6886
(100) 000-6887,(200) 000-6887
(100) 000-6888,(200) 000-6888
(100) 000-6889,(200) 000-6889
(100) 000-6890,(200) 000-6890
(100) 000-6891,(200) 000-6891
(100) 000-6892,(200) 000-6892
(100) 000-6893,(200) 000-6893
(100) 000-6894,(200) 000-6894
(100) 000-6895,(200) 000-6895
(100) 000-6896,(200) 000-6896
(100) 000-6897,(200) 000-6897
(100) 000-6898,(200) 000-6898
(100) 000-6899,(200) 000-6899
(100) 000-6900,(200) 000-6900
(100) 000-6901,(200) 000-6901
(100) 000-6902,(200) 000-6902
(100) 000-6903,(200) 000-6903
(100) 000-6904,(200) 000-6904
(100) 000-6905,(200) 000-6905
(100) 000-6906,(200) 000-6906
(100) 000-6907,(200) 000-6907
(100) 000-6908,(200) 000-6908
(100) 000-6909,(200) 000-6909
(100) 000-6910,(200) 000-6910
(100) 000-6911,(200) 000-6911
(100) 000-6912,(200) 000-6912
(100) 000-6913,(200) 000-6913
(100) 000-6914,(200) 000-6914
(100) 000-6915,(200) 000-6915
(100) 000-6916,(200) 000-6916
(100) 000-6917,(200) 000-6917
(100) 000-6918,(200) 000-6918
(100) 000-6919,(200) 000-6919
(100) 000-6920,(200) 000-6920
(100) 000-6921,(200) 000-6921
(100) 000-6922,(200) 000-6922
(100) 000-6923,(200) 000-6923
(100) 000-6924,(200) 000-6924
(100) 000-6925,(200) 000-6925
(100) 000-6926,(200) 000-6926
(100) 000-6927,(200) 000-6927
(100) 000-6928,(200) 000-6928
(100) 000-6929,(200) 000-6929
(100) 000-6930,(200) 000-6930
(100) 000-6931,(200) 000-6931
(100) 000-6932,(200) 000-6932
(100) 000-6933,(200) 000-6933
(100) 000-6934,(200) 000-6934
(100) 000-6935,(200) 000-6935
(100) 000-6936,(200) 000-6936
(100) 000-6937,(200) 000-6937
(100) 000-6938,(200) 000-6938
(100) 000-6939,(200) 000-6939
(100) 000-6940,(200) 000-6940
(100) 000-6941,(200) 000-6941
(100) 000-6942,(200) 000-6942
(100) 000-6943,(200) 000-6943
(100) 000-6944,(200) 000-6944
(100) 000-6945,(200) 000-6945
(100) 000-6946,(200) 000-6946
(100) 000-6947,(200) 000-6947
(100) 000-6948,(200) 000-6948
(100) 000-6949,(200) 000-6949
(100) 000-6950,(200) 000-6950
(100) 000-6951,(200) 000-6951
(100) 000-6952,(200) 000-6952
(100) 000-6953,(200) 000-6953
(100) 000-6954,(200) 000-6954
(100) 000-6955,(200) 000-6955
(100) 000-6956,(200) 000-6956
(100) 000-6957,(200) 000-6957
(100) 000-6958,(200) 000-6958
(100) 000-6959,(200) 000-6959
(100) 000-6960,(200) 000-6960
(100) 000-6961,(200) 000-6961
(100) 000-6962,(200) 000-6962
(100) 000-6963,(200) 000-6963
(100) 000-6964,(200) 000-6964
(100) 000-6965,(200) 000-6965
(100) 000-6966,(200) 000-6966
(100) 000-6967,(200) 000-6967
(100) 000-6968,(200) 000-6968
(100) 000-6969,(200) 000-6969
(100) 000-6970,(200) 000-6970
(100) 000-6971,(200) 000-6971
(100) 000-6972,(200) 000-6972
(100) 000-6973,(200) 000-6973
(100) 000-6974,(200) 000-6974
(100) 000-6975,(200) 000-6975
(100) 000-6976,(200) 000-6976
(100) 000-6977,(200) 000-6977
(100) 000-6978,(200) 000-6978
(100) 000-6979,(200) 000-6979
(100) 000-6980,(200) 000-6980
(100) 000-6981,(200) 000-6981
(100) 000-6982,(200) 000-6982
(100) 000-6983,(200) 000-6983
(100) 000-6984,(200) 000-6984
(100) 000-6985,(200) 000-6985
(100) 000-6986,(200) 000-6986
(100) 000-6987,(200) 000-6987
(100) 000-6988,(200) 000-6988
(100) 000-6989,(200) 000-6989
(100) 000-6990,(200) 000-6990
(100) 000-6991,(200) 000-6991
(100) 000-6992,(200) 000-6992
(100) 000-6993,(200) 000-6993
(100) 000-6994,(200) 000-6994
(100) 000-6995,(200) 000-6995
(100) 000-6996,(200) 000-6996
(100) 000-6997,(200) 000-6997
(100) 000-6998,(200) 000-6998
(100) 000-6999,(200) 000-6999
(100) 000-7000,(200) 000-7000
(100) 000-7001,(200) 000-7001
(100) 000-7002,(200) 000-7002
(100) 000-7003,(200) 000-7003
(100) 000-7004,(200) 000-7004
(100) 000-7005,(200) 000-7005
(100) 000-7006,(200) 000-7006
(100) 000-7007,(200) 000-7007
(100) 000-7008,(200) 000-7008
(100) 000-7009,(200) 000-7009
(100) 000-7010,(200) 000-7010
(100) 000-7011,(200) 000-7011
(100) 000-7012,(200) 000-7012
(100) 000-7013,(200) 000-7013
(100) 000-7014,(200) 000-7014
(100) 000-7015,(200) 000-7015
(100) 000-7016,(200) 000-7016
(100) 000-7017,(200) 000-7017
(100) 000-7018,(200) 000-7018
(100) 000-7019,(200) 000-7019
(100) 000-7020,(200) 000-7020
(100) 000-7021,(200) 000-7021
(100) 000-7022,(200) 000-7022
(100) 000-7023,(200) 000-7023
(100) 000-7024,(200) 000-7024
(100) 000-7025,(200) 000-7025
(100) 000-7026,(200) 000-7026
(100) 000-7027,(200) 000-7027
(100) 000-7028,(200) 000-7028
(100) 000-7029,(200) 000-7029
(100) 000-7030,(200) 000-7030
(100) 000-7031,(200) 000-7031
(100) 000-7032,(200) 000-7032
(100) 000-7033,(200) 000-7033
(100) 000-7034,(200) 000-7034
(100) 000-7035,(200) 000-7035
(100) 000-7036,(200) 000-7036
(100) 000-7037,(200) 000-7037
(100) 000-7038,(200) 000-7038
(100) 000-7039,(200) 000-7039
(100) 000-7040,(200) 000-7040
(100) 000-7041,(200) 000-7041
(100) 000-7042,(200) 000-7042
(100) 000-7043,(200) 000-7043
(100) 000-7044,(200) 000-7044
(100) 000-7045,(200) 000-7045
(100) 000-7046,(200) 000-7046
(100) 000-7047,(200) 000-7047
(100) 000-7048,(200) 000-7048
(100) 000-7049,(200) 000-7049
(100) 000-7050,(200) 000-7050
(100) 000-7051,(200) 000-7051
(100) 000-7052,(200) 000-7052
(100) 000-7053,(200) 000-7053
(100) 000-7054,(200) 000-7054
(100) 000-7055,(200) 000-7055
(100) 000-7056,(200) 000-7056
(100) 000-7057,(200) 000-7057
(100) 000-7058,(200) 000-7058
(100) 000-7059,(200) 000-7059
(100) 000-7060,(200) 000-7060
(100) 000-7061,(200) 000-7061
(100) 000-7062,(200) 000-7062
(100) 000-7063,(200) 000-7063
(100) 000-7064,(200) 000-7064
(100) 000-7065,(200) 000-7065
(100) 000-7066,(200) 000-7066
(100) 000-7067,(200) 000-7067
(100) 000-7068,(200) 000-7068
(100) 000-7069,(200) 000-7069
(100) 000-7070,(200) 000-7070
(100) 000-7071,(200) 000-7071
(100) 000-7072,(200) 000-7072
(100) 000-7073,(200) 000-7073
(100) 000-7074,(200) 000-7074
(100) 000-7075,(200) 000-7075
(100) 000-7076,(200) 000-7076
(100) 000-7077,(200) 000-7077
(100) 000-7078,(200) 000-7078
(100) 000-7079,(200) 000-7079
(100) 000-7080,(200) 000-7080
(100) 000-7081,(200) 000-7081
(100) 000-7082,(200) 000-7082
(100) 000-7083,(200) 000-7083
(100) 000-7084,(200) 000-7084
(100) 000-7085,(200) 000-7085
(100) 000-7086,(200) 000-7086
(100) 000-7087,(200) 000-7087
(100) 000-7088,(200) 000-7088
(100) 000-7089,(200) 000-7089
(100) 000-7090,(200) 000-7090
(100) 000-7091,(200) 000-7091
(100) 000-7092,(200) 000-7092
(100) 000-7093,(200) 000-7093
(100) 000-7094,(200) 000-7094
(100) 000-7095,(200) 000-7095
(100) 000-7096,(200) 000-7096
(100) 000-7097,(200) 000-7097
(100) 000-7098,(200) 000-7098
(100) 000-7099,(200) 000-7099
(100) 000-7100,(200) 000-7100
(100) 000-7101,(200) 000-7101
(100) 000-7102,(200) 000-7102
(100) 000-7103,(200) 000-7103
(100) 000-7104,(200) 000-7104
(100) 000-7105,(200) 000-7105
(100) 000-7106,(200) 000-7106
(100) 000-7107,(200) 000-7107
(100) 000-7108,(200) 000-7108
(100) 000-7109,(200) 000-7109
(100) 000-7110,(200) 000-7110
(100) 000-7111,(200) 000-7111
(100) 000-7112,(200) 000-7112
(100) 000-7113,(200) 000-7113
(100) 000-7114,(200) 000-7114
(100) 000-7115,(200) 000-7115
(100) 000-7116,(200) 000-7116
(100) 000-7117,(200) 000-7117
(100) 000-7118,(200) 000-7118
(100) 000-7119,(200) 000-7119
(100) 000-7120,(200) 000-7120
(100) 000-7121,(200) 000-7121
(100) 000-7122,(200) 000-7122
(100) 000-7123,(200) 000-7123
(100) 000-7124,(200) 000-7124
(100) 000-7125,(200) 000-7125
(100) 000-7126,(200) 000-7126
(100) 000-7127,(200) 000-7127
(100) 000-7128,(200) 000-7128
(100) 000-7129,(200) 000-7129
(100) 000-7130,(200) 000-7130
(100) 000-7131,(200) 000-7131
(100) 000-7132,(200) 000-7132
(100) 000-7133,(200) 000-7133
(100) 000-7134,(200) 000-7134
(100) 000-7135,(200) 000-7135
(100) 000-7136,(200) 000-7136
(100) 000-7137,(200) 000-7137
(100) 000-7138,(200) 000-7138
(100) 000-7139,(200) 000-7139
(100) 000-7140,(200) 000-7140
(100) 000-7141,(200) 000-7141
(100) 000-7142,(200) 000-7142
(100) 000-7143,(200) 000-7143
(100) 000-7144,(200) 000-7144
(100) 000-7145,(200) 000-7145
(100) 000-7146,(200) 000-7146
(100) 000-7147,(200) 000-7147
(100) 000-7148,(200) 000-7148
(100) 000-7149,(200) 000-7149
(100) 000-7150,(200) 000-7150
(100) 000-7151,(200) 000-7151
(100) 000-7152,(200) 000-7152
(100) 000-7153,(200) 000-7153
(100) 000-7154,(200) 000-7154
(100) 000-7155,(200) 000-7155
(100) 000-7156,(200) 000-7156
(100) 000-7157,(200) 000-7157
(100) 000-7158,(200) 000-7158
(100) 000-7159,(200) 000-7159
(100) 000-7160,(200) 000-7160
(100) 000-7161,(200) 000-7161
(100) 000-7162,(200) 000-7162
(100) 000-7163,(200) 000-7163
(100) 000-7164,(200) 000-7164
(100) 000-7165,(200) 000-7165
(100) 000-7166,(200) 000-7166
(100) 000-7167,(200) 000-7167
(100) 000-7168,(200) 000-7168
(100) 000-7169,(200) 000-7169
(100) 000-7170,(200) 000-7170
(100) 000-7171,(200) 000-7171
(100) 000-7172,(200) 000-7172
(100) 000-7173,(200) 000-7173
(100) 000-7174,(200) 000-7174
(100) 000-7175,(200) 000-7175
(100) 000-7176,(200) 000-7176
(100) 000-7177,(200) 000-7177
(100) 000-7178,(200) 000-7178
(100) 000-7179,(200) 000-7179
(100) 000-7180,(200) 000-7180
(100) 000-7181,(200) 000-7181
(100) 000-7182,(200) 000-7182
(100) 000-7183,(200) 000-7183
(100) 000-7184,(200) 000-7184
(100) 000-7185,(200) 000-7185
(100) 000-7186,(200) 000-7186
(100) 000-7187,(200) 000-7187
(100) 000-7188,(200) 000-7188
(100) 000-7189,(200) 000-7189
(100) 000-7190,(200) 000-7190
(100) 000-7191,(200) 000-7191
(100) 000-7192,(200) 000-7192
(100) 000-7193,(200) 000-7193
(100) 000-7194,(200) 000-7194
(100) 000-7195,(200) 000-7195
(100) 000-7196,(200) 000-7196
(100) 000-7197,(200) 000-7197
(100) 000-7198,(200) 000-7198
(100) 000-7199,(200) 000-7199
(100) 000-7200,(200) 000-7200
(100) 000-7201,(200) 000-7201
(100) 000-7202,(200) 000-7202
(100) 000-7203,(200) 000-7203
(100) 000-7204,(200) 000-7204
(100) 000-7205,(200) 000-7205
(100) 000-7206,(200) 000-7206
(100) 000-7207,(200) 000-7207
(100) 000-7208,(200) 000-7208
(100) 000-7209,(200) 000-7209
(100) 000-7210,(200) 000-7210
(100) 000-7211,(200) 000-7211
(100) 000-7212,(200) 000-7212
(100) 000-7213,(200) 000-7213
(100) 000-7214,(200) 000-7214
(100) 000-7215,(200) 000-7215
(100) 000-7216,(200) 000-7216
(100) 000-7217,(200) 000-7217
(100) 000-7218,(200) 000-7218
(100) 000-7219,(200) 000-7219
(100) 000-7220,(200) 000-7220
(100) 000-7221,(200) 000-7221
(100) 000-7222,(200) 000-7222
(100) 000-7223,(200) 000-7223
(100) 000-7224,(200) 000-7224
(100) 000-7225,(200) 000-7225
(100) 000-7226,(200) 000-7226
(100) 000-7227,(200) 000-7227
(100) 000-7228,(200) 000-7228
(100) 000-7229,(200) 000-7229
(100) 000-7230,(200) 000-7230
(100) 000-7231,(200) 000-7231
(100) 000-7232,(200) 000-7232
(100) 000-7233,(200) 000-7233
(100) 000-7234,(200) 000-7234
(100) 000-7235,(200) 000-7235
(100) 000-7236,(200) 000-7236
(100) 000-7237,(200) 000-7237
(100) 000-7238,(200) 000-7238
(100) 000-7239,(200) 000-7239
(100) 000-7240,(200) 000-7240
(100) 000-7241,(200) 000-7241
(100) 000-7242,(200) 000-7242
(100) 000-7243,(200) 000-7243
(100) 000-7244,(200) 000-7244
(100) 000-7245,(200) 000-7245
(100) 000-7246,(200) 000-7246
(100) 000-7247,(200) 000-7247
(100) 000-7248,(200) 000-7248
(100) 000-7249,(200) 000-7249
(100) 000-7250,(200) 000-7250
(100) 000-7251,(200) 000-7251
(100) 000-7252,(200) 000-7252
(100) 000-7253,(200) 000-7253
(100) 000-7254,(200) 000-7254
(100) 000-7255,(200) 000-7255
(100) 000-7256,(200) 000-7256
(100) 000-7257,(200) 000-7257
(100) 000-7258,(200) 000-7258
(100) 000-7259,(200) 000-7259
(100) 000-7260,(200) 000-7260
(100) 000-7261,(200) 000-7261
(100) 000-7262,(200) 000-7262
(100) 000-7263,(200) 000-7263
(100) 000-7264,(200) 000-7264
(100) 000-7265,(200) 000-7265
(100) 000-7266,(200) 000-7266
(100) 000-7267,(200) 000-7267
(100) 000-7268,(200) 000-7268
(100) 000-7269,(200) 000-7269
(100) 000-7270,(200) 000-7270
(100) 000-7271,(200) 000-7271
(100) 000-7272,(200) 000-7272
(100) 000-7273,(200) 000-7273
(100) 000-7274,(200) 000-7274
(100) 000-7275,(200) 000-7275
(100) 000-7276,(200) 000-7276
(100) 000-7277,(200) 000-7277
(100) 000-7278,(200) 000-7278
(100) 000-7279,(200) 000-7279
(100) 000-7280,(200) 000-7280
(100) 000-7281,(200) 000-7281
(100) 000-7282,(200) 000-7282
(100) 000-7283,(200) 000-7283
(100) 000-7284,(200) 000-7284
(100) 000-7285,(200) 000-7285
(100) 000-7286,(200) 000-7286
(100) 000-7287,(200) 000-7287
(100) 000-7288,(200) 000-7288
(100) 000-7289,(200) 000-7289
(100) 000-7290,(200) 000-7290
(100) 000-7291,(200) 000-7291
(100) 000-7292,(200) 000-7292
(100) 000-7293,(200) 000-7293
(100) 000-7294,(200) 000-7294
(100) 000-7295,(200) 000-7295
(100) 000-7296,(200) 000-7296
(100) 000-7297,(200) 000-7297
(100) 000-7298,(200) 000-7298
(100) 000-7299,(200) 000-7299
(100) 000-7300,(200) 000-7300
(100) 000-7301,(200) 000-7301
(100) 000-7302,(200) 000-7302
(100) 000-7303,(200) 000-7303
(100) 000-7304,(200) 000-7304
(100) 000-7305,(200) 000-7305
(100) 000-7306,(200) 000-7306
(100) 000-7307,(200) 000-7307
(100) 000-7308,(200) 000-7308
(100) 000-7309,(200) 000-7309
(100) 000-7310,(200) 000-7310
(100) 000-7311,(200) 000-7311
(100) 000-7312,(200) 000-7312
(100) 000-7313,(200) 000-7313
(100) 000-7314,(200) 000-7314
(100) 000-7315,(200) 000-7315
(100) 000-7316,(200) 000-7316
(100) 000-7317,(200) 000-7317
(100) 000-7318,(200) 000-7318
(100) 000-7319,(200) 000-7319
(100) 000-7320,(200) 000-7320
(100) 000-7321,(200) 000-7321
(100) 000-7322,(200) 000-7322
(100) 000-7323,(200) 000-7323
(100) 000-7324,(200) 000-7324
(100) 000-7325,(200) 000-7325
(100) 000-7326,(200) 000-7326
(100) 000-7327,(200) 000-7327
(100) 000-7328,(200) 000-7328
(100) 000-7329,(200) 000-7329
(100) 000-7330,(200) 000-7330
(100) 000-7331,(200) 000-7331
(100) 000-7332,(200) 000-7332
(100) 000-7333,(200) 000-7333
(100) 000-7334,(200) 000-7334
(100) 000-7335,(200) 000-7335
(100) 000-7336,(200) 000-7336
(100) 000-7337,(200) 000-7337
(100) 000-7338,(200) 000-7338
(100) 000-7339,(200) 000-7339
(100) 000-7340,(200) 000-7340
(100) 000-7341,(200) 000-7341
(100) 000-7342,(200) 000-7342
(100) 000-7343,(200) 000-7343
(100) 000-7344,(200) 000-7344
(100) 000-7345,(200) 000-7345
(100) 000-7346,(200) 000-7346
(100) 000-7347,(200) 000-7347
(100) 000-7348,(200) 000-7348
(100) 000-7349,(200) 000-7349
(100) 000-7350,(200) 000-7350
(100) 000-7351,(200) 000-7351
(100) 000-7352,(200) 000-7352
(100) 000-7353,(200) 000-7353
(100) 000-7354,(200) 000-7354
(100) 000-7355,(200) 000-7355
(100) 000-7356,(200) 000-7356
(100) 000-7357,(200) 000-7357
(100) 000-7358,(200) 000-7358
(100) 000-7359,(200) 000-7359
(100) 000-7360,(200) 000-7360
(100) 000-7361,(200) 000-7361
(100) 000-7362,(200) 000-7362
(100) 000-7363,(200) 000-7363
(100) 000-7364,(200) 000-7364
(100) 000-7365,(200) 000-7365
(100) 000-7366,(200) 000-7366
(100) 000-7367,(200) 000-7367
(100) 000-7368,(200) 000-7368
(100) 000-7369,(200) 000-7369
(100) 000-7370,(200) 000-7370
(100) 000-7371,(200) 000-7371
(100) 000-7372,(200) 000-7372
(100) 000-7373,(200) 000-7373
(100) 000-7374,(200) 000-7374
(100) 000-7375,(200) 000-7375
(100) 000-7376,(200) 000-7376
(100) 000-7377,(200) 000-7377
(100) 000-7378,(200) 000-7378
(100) 000-7379,(200) 000-7379
(100) 000-7380,(200) 000-7380
(100) 000-7381,(200) 000-7381
(100) 000-7382,(200) 000-7382
(100) 000-7383,(200) 000-7383
(100) 000-7384,(200) 000-7384
(100) 000-7385,(200) 000-7385
(100) 000-7386,(200) 000-7386
(100) 000-7387,(200) 000-7387
(100) 000-7388,(200) 000-7388
(100) 000-7389,(200) 000-7389
(100) 000-7390,(200) 000-7390
(100) 000-7391,(200) 000-7391
(100) 000-7392,(200) 000-7392
(100) 000-7393,(200) 000-7393
(100) 000-7394,(200) 000-7394
(100) 000-7395,(200) 000-7395
(100) 000-7396,(200) 000-7396
(100) 000-7397,(200) 000-7397
(100) 000-7398,(200) 000-7398
(100) 000-7399,(200) 000-7399
(100) 000-7400,(200) 000-7400
(100) 000-7401,(200) 000-7401
(100) 000-7402,(200) 000-7402
(100) 000-7403,(200) 000-7403
(100) 000-7404,(200) 000-7404
(100) 000-7405,(200) 000-7405
(100) 000-7406,(200) 000-7406
(100) 000-7407,(200) 000-7407
(100) 000-7408,(200) 000-7408
(100) 000-7409,(200) 000-7409
(100) 000-7410,(200) 000-7410
(100) 000-7411,(200) 000-7411
(100) 000-7412,(200) 000-7412
(100) 000-7413,(200) 000-7413
(100) 000-7414,(200) 000-7414
(100) 000-7415,(200) 000-7415
(100) 000-7416,(200) 000-7416
(100) 000-7417,(200) 000-7417
(100) 000-7418,(200) 000-7418
(100) 000-7419,(200) 000-7419
(100) 000-7420,(200) 000-7420
(100) 000-7421,(200) 000-7421
(100) 000-7422,(200) 000-7422
(100) 000-7423,(200) 000-7423
(100) 000-7424,(200) 000-7424
(100) 000-7425,(200) 000-7425
(100) 000-7426,(200) 000-7426
(100) 000-7427,(200) 000-7427
(100) 000-7428,(200) 000-7428
(100) 000-7429,(200) 000-7429
(100) 000-7430,(200) 000-7430
(100) 000-7431,(200) 000-7431
(100) 000-7432,(200) 000-7432
(100) 000-7433,(200) 000-7433
(100) 000-7434,(200) 000-7434
(100) 000-7435,(200) 000-7435
(100) 000-7436,(200) 000-7436
(100) 000-7437,(200) 000-7437
(100) 000-7438,(200) 000-7438
(100) 000-7439,(200) 000-7439
(100) 000-7440,(200) 000-7440
(100) 000-7441,(200) 000-7441
(100) 000-7442,(200) 000-7442
(100) 000-7443,(200) 000-7443
(100) 000-7444,(200) 000-7444
(100) 000-7445,(200) 000-7445
(100) 000-7446,(200) 000-7446
(100) 000-7447,(200) 000-7447
(100) 000-7448,(200) 000-7448
(100) 000-7449,(200) 000-7449
(100) 000-7450,(200) 000-7450
(100) 000-7451,(200) 000-7451
(100) 000-7452,(200) 000-7452
(100) 000-7453,(200) 000-7453
(100) 000-7454,(200) 000-7454
(100) 000-7455,(200) 000-7455
(100) 000-7456,(200) 000-7456
(100) 000-7457,(200) 000-7457
(100) 000-7458,(200) 000-7458
(100) 000-7459,(200) 000-7459
(100) 000-7460,(200) 000-7460
(100) 000-7461,(200) 000-7461
(100) 000-7462,(200) 000-7462
(100) 000-7463,(200) 000-7463
(100) 000-7464,(200) 000-7464
(100) 000-7465,(200) 000-7465
(100) 000-7466,(200) 000-7466
(100) 000-7467,(200) 000-7467
(100) 000-7468,(200) 000-7468
(100) 000-7469,(200) 000-7469
(100) 000-7470,(200) 000-7470
(100) 000-7471,(200) 000-7471
(100) 000-7472,(200) 000-7472
(100) 000-7473,(200) 000-7473
(100) 000-7474,(200) 000-7474
(100) 000-7475,(200) 000-7475
(100) 000-7476,(200) 000-7476
(100) 000-7477,(200) 000-7477
(100) 000-7478,(200) 000-7478
(100) 000-7479,(200) 000-7479
(100) 000-7480,(200) 000-7480
(100) 000-7481,(200) 000-7481
(100) 000-7482,(200) 000-7482
(100) 000-7483,(200) 000-7483
(100) 000-7484,(200) 000-7484
(100) 000-7485,(200) 000-7485
(100) 000-7486,(200) 000-7486
(100) 000-7487,(200) 000-7487
(100) 000-7488,(200) 000-7488
(100) 000-7489,(200) 000-7489
(100) 000-7490,(200) 000-7490
(100) 000-7491,(200) 000-7491
(100) 000-7492,(200) 000-7492
(100) 000-7493,(200) 000-7493
(100) 000-7494,(200) 000-7494
(100) 000-7495,(200) 000-7495
(100) 000-7496,(200) 000-7496
(100) 000-7497,(200) 000-7497
(100) 000-7498,(200) 000-7498
(100) 000-7499,(200) 000-7499
(100) 000-7500,(200) 000-7500
(100) 000-7501,(200) 000-7501
(100) 000-7502,(200) 000-7502
(100) 000-7503,(200) 000-7503
(100) 000-7504,(200) 000-7504
(100) 000-7505,(200) 000-7505
(100) 000-7506,(200) 000-7506
(100) 000-7507,(200) 000-7507
(100) 000-7508,(200) 000-7508
(100) 000-7509,(200) 000-7509
(100) 000-7510,(200) 000-7510
(100) 000-7511,(200) 000-7511
(100) 000-7512,(200) 000-7512
(100) 000-7513,(200) 000-7513
(100) 000-7514,(200) 000-7514
(100) 000-7515,(200) 000-7515
(100) 000-7516,(200) 000-7516
(100) 000-7517,(200) 000-7517
(100) 000-7518,(200) 000-7518
(100) 000-7519,(200) 000-7519
(100) 000-7520,(200) 000-7520
(100) 000-7521,(200) 000-7521
(100) 000-7522,(200) 000-7522
(100) 000-7523,(200) 000-7523
(100) 000-7524,(200) 000-7524
(100) 000-7525,(200) 000-7525
(100) 000-7526,(200) 000-7526
(100) 000-7527,(200) 000-7527
(100) 000-7528,(200) 000-7528
(100) 000-7529,(200) 000-7529
(100) 000-7530,(200) 000-7530
(100) 000-7531,(200) 000-7531
(100) 000-7532,(200) 000-7532
(100) 000-7533,(200) 000-7533
(100) 000-7534,(200) 000-7534
(100) 000-7535,(200) 000-7535
(100) 000-7536,(200) 000-7536
(100) 000-7537,(200) 000-7537
(100) 000-7538,(200) 000-7538
(100) 000-7539,(200) 000-7539
(100) 000-7540,(200) 000-7540
(100) 000-7541,(200) 000-7541
(100) 000-7542,(200) 000-7542
(100) 000-7543,(200) 000-7543
(100) 000-7544,(200) 000-7544
(100) 000-7545,(200) 000-7545
(100) 000-7546,(200) 000-7546
(100) 000-7547,(200) 000-7547
(100) 000-7548,(200) 000-7548
(100) 000-7549,(200) 000-7549
(100) 000-7550,(200) 000-7550
(100) 000-7551,(200) 000-7551
(100) 000-7552,(200) 000-7552
(100) 000-7553,(200) 000-7553
(100) 000-7554,(200) 000-7554
(100) 000-7555,(200) 000-7555
(100) 000-7556,(200) 000-7556
(100) 000-7557,(200) 000-7557
(100) 000-7558,(200) 000-7558
(100) 000-7559,(200) 000-7559
(100) 000-7560,(200) 000-7560
(100) 000-7561,(200) 000-7561
(100) 000-7562,(200) 000-7562
(100) 000-7563,(200) 000-7563
(100) 000-7564,(200) 000-7564
(100) 000-7565,(200) 000-7565
(100) 000-7566,(200) 000-7566
(100) 000-7567,(200) 000-7567
(100) 000-7568,(200) 000-7568
(100) 000-7569,(200) 000-7569
(100) 000-7570,(200) 000-7570
(100) 000-7571,(200) 000-7571
(100) 000-7572,(200) 000-7572
(100) 000-7573,(200) 000-7573
(100) 000-7574,(200) 000-7574
(100) 000-7575,(200) 000-7575
(100) 000-7576,(200) 000-7576
(100) 000-7577,(200) 000-7577
(100) 000-7578,(200) 000-7578
(100) 000-7579,(200) 000-7579
(100) 000-7580,(200) 000-7580
(100) 000-7581,(200) 000-7581
(100) 000-7582,(200) 000-7582
(100) 000-7583,(200) 000-7583
(100) 000-7584,(200) 000-7584
(100) 000-7585,(200) 000-7585
(100) 000-7586,(200) 000-7586
(100) 000-7587,(200) 000-7587
(100) 000-7588,(200) 000-7588
(100) 000-7589,(200) 000-7589
(100) 000-7590,(200) 000-7590
(100) 000-7591,(200) 000-7591
(100) 000-7592,(200) 000-7592
(100) 000-7593,(200) 000-7593
(100) 000-7594,(200) 000-7594
(100) 000-7595,(200) 000-7595
(100) 000-7596,(200) 000-7596
(100) 000-7597,(200) 000-7597
(100) 000-7598,(200) 000-7598
(100) 000-7599,(200) 000-7599
(100) 000-7600,(200) 000-7600
(100) 000-7601,(200) 000-7601
(100) 000-7602,(200) 000-7602
(100) 000-7603,(200) 000-7603
(100) 000-7604,(200) 000-7604
(100) 000-7605,(200) 000-7605
(100) 000-7606,(200) 000-7606
(100) 000-7607,(200) 000-7607
(100) 000-7608,(200) 000-7608
(100) 000-7609,(200) 000-7609
(100) 000-7610,(200) 000-7610
(100) 000-7611,(200) 000-7611
(100) 000-7612,(200) 000-7612
(100) 000-7613,(200) 000-7613
(100) 000-7614,(200) 000-7614
(100) 000-7615,(200) 000-7615
(100) 000-7616,(200) 000-7616
(100) 000-7617,(200) 000-7617
(100) 000-7618,(200) 000-7618
(100) 000-7619,(200) 000-7619
(100) 000-7620,(200) 000-7620
(100) 000-7621,(200) 000-7621
(100) 000-7622,(200) 000-7622
(100) 000-7623,(200) 000-7623
(100) 000-7624,(200) 000-7624
(100) 000-7625,(200) 000-7625
(100) 000-7626,(200) 000-7626
(100) 000-7627,(200) 000-7627
(100) 000-7628,(200) 000-7628
(100) 000-7629,(200) 000-7629
(100) 000-7630,(200) 000-7630
(100) 000-7631,(200) 000-7631
(100) 000-7632,(200) 000-7632
(100) 000-7633,(200) 000-7633
(100) 000-7634,(200) 000-7634
(100) 000-7635,(200) 000-7635
(100) 000-7636,(200) 000-7636
(100) 000-7637,(200) 000-7637
(100) 000-7638,(200) 000-7638
(100) 000-7639,(200) 000-7639
(100) 000-7640,(200) 000-7640
(100) 000-7641,(200) 000-7641
(100) 000-7642,(200) 000-7642
(100) 000-7643,(200) 000-7643
(100) 000-7644,(200) 000-7644
(100) 000-7645,(200) 000-7645
(100) 000-7646,(200) 000-7646
(100) 000-7647,(200) 000-7647
(100) 000-7648,(200) 000-7648
(100) 000-7649,(200) 000-7649
(100) 000-7650,(200) 000-7650
(100) 000-7651,(200) 000-7651
(100) 000-7652,(200) 000-7652
(100) 000-7653,(200) 000-7653
(100) 000-7654,(200) 000-7654
(100) 000-7655,(200) 000-7655
(100) 000-7656,(200) 000-7656
(100) 000-7657,(200) 000-7657
(100) 000-7658,(200) 000-7658
(100) 000-7659,(200) 000-7659
(100) 000-7660,(200) 000-7660
(100) 000-7661,(200) 000-7661
(100) 000-7662,(200) 000-7662
(100) 000-7663,(200) 000-7663
(100) 000-7664,(200) 000-7664
(100) 000-7665,(200) 000-7665
(100) 000-7666,(200) 000-7666
(100) 000-7667,(200) 000-7667
(100) 000-7668,(200) 000-7668
(100) 000-7669,(200) 000-7669
(100) 000-7670,(200) 000-7670
(100) 000-7671,(200) 000-7671
(100) 000-7672,(200) 000-7672
(100) 000-7673,(200) 000-7673
(100) 000-7674,(200) 000-7674
(100) 000-7675,(200) 000-7675
(100) 000-7676,(200) 000-7676
(100) 000-7677,(200) 000-7677
(100) 000-7678,(200) 000-7678
(100) 000-7679,(200) 000-7679
(100) 000-7680,(200) 000-7680
(100) 000-7681,(200) 000-7681
(100) 000-7682,(200) 000-7682
(100) 000-7683,(200) 000-7683
(100) 000-7684,(200) 000-7684
(100) 000-7685,(200) 000-7685
(100) 000-7686,(200) 000-7686
(100) 000-7687,(200) 000-7687
(100) 000-7688,(200) 000-7688
(100) 000-7689,(200) 000-7689
(100) 000-7690,(200) 000-7690
(100) 000-7691,(200) 000-7691
(100) 000-7692,(200) 000-7692
(100) 000-7693,(200) 000-7693
(100) 000-7694,(200) 000-7694
(100) 000-7695,(200) 000-7695
(100) 000-7696,(200) 000-7696
(100) 000-7697,(200) 000-7697
(100) 000-7698,(200) 000-7698
(100) 000-7699,(200) 000-7699
(100) 000-7700,(200) 000-7700
(100) 000-7701,(200) 000-7701
(100) 000-7702,(200) 000-7702
(100) 000-7703,(200) 000-7703
(100) 000-7704,(200) 000-7704
(100) 000-7705,(200) 000-7705
(100) 000-7706,(200) 000-7706
(100) 000-7707,(200) 000-7707
(100) 000-7708,(200) 000-7708
(100) 000-7709,(200) 000-7709
(100) 000-7710,(200) 000-7710
(100) 000-7711,(200) 000-7711
(100) 000-7712,(200) 000-7712
(100) 000-7713,(200) 000-7713
(100) 000-7714,(200) 000-7714
(100) 000-7715,(200) 000-7715
(100) 000-7716,(200) 000-7716
(100) 000-7717,(200) 000-7717
(100) 000-7718,(200) 000-7718
(100) 000-7719,(200) 000-7719
(100) 000-7720,(200) 000-7720
(100) 000-7721,(200) 000-7721
(100) 000-7722,(200) 000-7722
(100) 000-7723,(200) 000-7723
(100) 000-7724,(200) 000-7724
(100) 000-7725,(200) 000-7725
(100) 000-7726,(200) 000-7726
(100) 000-7727,(200) 000-7727
(100) 000-7728,(200) 000-7728
(100) 000-7729,(200) 000-7729
(100) 000-7730,(200) 000-7730
(100) 000-7731,(200) 000-7731
(100) 000-7732,(200) 000-7732
(100) 000-7733,(200) 000-7733
(100) 000-7734,(200) 000-7734
(100) 000-7735,(200) 000-7735
(100) 000-7736,(200) 000-7736
(100) 000-7737,(200) 000-7737
(100) 000-7738,(200) 000-7738
(100) 000-7739,(200) 000-7739
(100) 000-7740,(200) 000-7740
(100) 000-7741,(200) 000-7741
(100) 000-7742,(200) 000-7742
(100) 000-7743,(200) 000-7743
(100) 000-7744,(200) 000-7744
(100) 000-7745,(200) 000-7745
(100) 000-7746,(200) 000-7746
(100) 000-7747,(200) 000-7747
(100) 000-7748,(200) 000-7748
(100) 000-7749,(200) 000-7749
(100) 000-7750,(200) 000-7750
(100) 000-7751,(200) 000-7751
(100) 000-7752,(200) 000-7752
(100) 000-7753,(200) 000-7753
(100) 000-7754,(200) 000-7754
(100) 000-7755,(200) 000-7755
(100) 000-7756,(200) 000-7756
(100) 000-7757,(200) 000-7757
(100) 000-7758,(200) 000-7758
(100) 000-7759,(200) 000-7759
(100) 000-7760,(200) 000-7760
(100) 000-7761,(200) 000-7761
(100) 000-7762,(200) 000-7762
(100) 000-7763,(200) 000-7763
(100) 000-7764,(200) 000-7764
(100) 000-7765,(200) 000-7765
(100) 000-7766,(200) 000-7766
(100) 000-7767,(200) 000-7767
(100) 000-7768,(200) 000-7768
(100) 000-7769,(200) 000-7769
(100) 000-7770,(200) 000-7770
(100) 000-7771,(200) 000-7771
(100) 000-7772,(200) 000-7772
(100) 000-7773,(200) 000-7773
(100) 000-7774,(200) 000-7774
(100) 000-7775,(200) 000-7775
(100) 000-7776,(200) 000-7776
(100) 000-7777,(200) 000-7777
(100) 000-7778,(200) 000-7778
(100) 000-7779,(200) 000-7779
(100) 000-7780,(200) 000-7780
(100) 000-7781,(200) 000-7781
(100) 000-7782,(200) 000-7782
(100) 000-7783,(200) 000-7783
(100) 000-7784,(200) 000-7784
(100) 000-7785,(200) 000-7785
(100) 000-7786,(200) 000-7786
(100) 000-7787,(200) 000-7787
(100) 000-7788,(200) 000-7788
(100) 000-7789,(200) 000-7789
(100) 000-7790,(200) 000-7790
(100) 000-7791,(200) 000-7791
(100) 000-7792,(200) 000-7792
(100) 000-7793,(200) 000-7793
(100) 000-7794,(200) 000-7794
(100) 000-7795,(200) 000-7795
(100) 000-7796,(200) 000-7796
(100) 000-7797,(200) 000-7797
(100) 000-7798,(200) 000-7798
(100) 000-7799,(200) 000-7799
(100) 000-7800,(200) 000-7800
(100) 000-7801,(200) 000-7801
(100) 000-7802,(200) 000-7802
(100) 000-7803,(200) 000-7803
(100) 000-7804,(200) 000-7804
(100) 000-7805,(200) 000-7805
(100) 000-7806,(200) 000-7806
(100) 000-7807,(200) 000-7807
(100) 000-7808,(200) 000-7808
(100) 000-7809,(200) 000-7809
(100) 000-7810,(200) 000-7810
(100) 000-7811,(200) 000-7811
(100) 000-7812,(200) 000-7812
(100) 000-7813,(200) 000-7813
(100) 000-7814,(200) 000-7814
(100) 000-7815,(200) 000-7815
(100) 000-7816,(200) 000-7816
(100) 000-7817,(200) 000-7817
(100) 000-7818,(200) 000-7818
(100) 000-7819,(200) 000-7819
(100) 000-7820,(200) 000-7820
(100) 000-7821,(200) 000-7821
(100) 000-7822,(200) 000-7822
(100) 000-7823,(200) 000-7823
(100) 000-7824,(200) 000-7824
(100) 000-7825,(200) 000-7825
(100) 000-7826,(200) 000-7826
(100) 000-7827,(200) 000-7827
(100) 000-7828,(200) 000-7828
(100) 000-7829,(200) 000-7829
(100) 000-7830,(200) 000-7830
(100) 000-7831,(200) 000-7831
(100) 000-7832,(200) 000-7832
(100) 000-7833,(200) 000-7833
(100) 000-7834,(200) 000-7834
(100) 000-7835,(200) 000-7835
(100) 000-7836,(200) 000-7836
(100) 000-7837,(200) 000-7837
(100) 000-7838,(200) 000-7838
(100) 000-7839,(200) 000-7839
(100) 000-7840,(200) 000-7840
(100) 000-7841,(200) 000-7841
(100) 000-7842,(200) 000-7842
(100) 000-7843,(200) 000-7843
(100) 000-7844,(200) 000-7844
(100) 000-7845,(200) 000-7845
(100) 000-7846,(200) 000-7846
(100) 000-7847,(200) 000-7847
(100) 000-7848,(200) 000-7848
(100) 000-7849,(200) 000-7849
(100) 000-7850,(200) 000-7850
(100) 000-7851,(200) 000-7851
(100) 000-7852,(200) 000-7852
(100) 000-7853,(200) 000-7853
(100) 000-7854,(200) 000-7854
(100) 000-7855,(200) 000-7855
(100) 000-7856,(200) 000-7856
(100) 000-7857,(200) 000-7857
(100) 000-7858,(200) 000-7858
(100) 000-7859,(200) 000-7859
(100) 000-7860,(200) 000-7860
(100) 000-7861,(200) 000-7861
(100) 000-7862,(200) 000-7862
(100) 000-7863,(200) 000-7863
(100) 000-7864,(200) 000-7864
(100) 000-7865,(200) 000-7865
(100) 000-7866,(200) 000-7866
(100) 000-7867,(200) 000-7867
(100) 000-7868,(200) 000-7868
(100) 000-7869,(200) 000-7869
(100) 000-7870,(200) 000-7870
(100) 000-7871,(200) 000-7871
(100) 000-7872,(200) 000-7872
(100) 000-7873,(200) 000-7873
(100) 000-7874,(200) 000-7874
(100) 000-7875,(200) 000-7875
(100) 000-7876,(200) 000-7876
(100) 000-7877,(200) 000-7877
(100) 000-7878,(200) 000-7878
(100) 000-7879,(200) 000-7879
(100) 000-7880,(200) 000-7880
(100) 000-7881,(200) 000-7881
(100) 000-7882,(200) 000-7882
(100) 000-7883,(200) 000-7883
(100) 000-7884,(200) 000-7884
(100) 000-7885,(200) 000-7885
(100) 000-7886,(200) 000-7886
(100) 000-7887,(200) 000-7887
(100) 000-7888,(200) 000-7888
(100) 000-7889,(200) 000-7889
(100) 000-7890,(200) 000-7890
(100) 000-7891,(200) 000-7891
(100) 000-7892,(200) 000-7892
(100) 000-7893,(200) 000-7893
(100) 000-7894,(200) 000-7894
(100) 000-7895,(200) 000-7895
(100) 000-7896,(200) 000-7896
(100) 000-7897,(200) 000-7897
(100) 000-7898,(200) 000-7898
(100) 000-7899,(200) 000-7899
(100) 000-7900,(200) 000-7900
(100) 000-7901,(200) 000-7901
(100) 000-7902,(200) 000-7902
(100) 000-7903,(200) 000-7903
(100) 000-7904,(200) 000-7904
(100) 000-7905,(200) 000-7905
(100) 000-7906,(200) 000-7906
(100) 000-7907,(200) 000-7907
(100) 000-7908,(200) 000-7908
(100) 000-7909,(200) 000-7909
(100) 000-7910,(200) 000-7910
(100) 000-7911,(200) 000-7911
(100) 000-7912,(200) 000-7912
(100) 000-7913,(200) 000-7913
(100) 000-7914,(200) 000-7914
(100) 000-7915,(200) 000-7915
(100) 000-7916,(200) 000-7916
(100) 000-7917,(200) 000-7917
(100) 000-7918,(200) 000-7918
(100) 000-7919,(200) 000-7919
(100) 000-7920,(200) 000-7920
(100) 000-7921,(200) 000-7921
(100) 000-7922,(200) 000-7922
(100) 000-7923,(200) 000-7923
(100) 000-7924,(200) 000-7924
(100) 000-7925,(200) 000-7925
(100) 000-7926,(200) 000-7926
(100) 000-7927,(200) 000-7927
(100) 000-7928,(200) 000-7928
(100) 000-7929,(200) 000-7929
(100) 000-7930,(200) 000-7930
(100) 000-7931,(200) 000-7931
(100) 000-7932,(200) 000-7932
(100) 000-7933,(200) 000-7933
(100) 000-7934,(200) 000-7934
(100) 000-7935,(200) 000-7935
(100) 000-7936,(200) 000-7936
(100) 000-7937,(200) 000-7937
(100) 000-7938,(200) 000-7938
(100) 000-7939,(200) 000-7939
(100) 000-7940,(200) 000-7940
(100) 000-7941,(200) 000-7941
(100) 000-7942,(200) 000-7942
(100) 000-7943,(200) 000-7943
(100) 000-7944,(200) 000-7944
(100) 000-7945,(200) 000-7945
(100) 000-7946,(200) 000-7946
(100) 000-7947,(200) 000-7947
(100) 000-7948,(200) 000-7948
(100) 000-7949,(200) 000-7949
(100) 000-7950,(200) 000-7950
(100) 000-7951,(200) 000-7951
(100) 000-7952,(200) 000-7952
(100) 000-7953,(200) 000-7953
(100) 000-7954,(200) 000-7954
(100) 000-7955,(200) 000-7955
(100) 000-7956,(200) 000-7956
(100) 000-7957,(200) 000-7957
(100) 000-7958,(200) 000-7958
(100) 000-7959,(200) 000-7959
(100) 000-7960,(200) 000-7960
(100) 000-7961,(200) 000-7961
(100) 000-7962,(200) 000-7962
(100) 000-7963,(200) 000-7963
(100) 000-7964,(200) 000-7964
(100) 000-7965,(200) 000-7965
(100) 000-7966,(200) 000-7966
(100) 000-7967,(200) 000-7967
(100) 000-7968,(200) 000-7968
(100) 000-7969,(200) 000-7969
(100) 000-7970,(200) 000-7970
(100) 000-7971,(200) 000-7971
(100) 000-7972,(200) 000-7972
(100) 000-7973,(200) 000-7973
(100) 000-7974,(200) 000-7974
(100) 000-7975,(200) 000-7975
(100) 000-7976,(200) 000-7976
(100) 000-7977,(200) 000-7977
(100) 000-7978,(200) 000-7978
(100) 000-7979,(200) 000-7979
(100) 000-7980,(200) 000-7980
(100) 000-7981,(200) 000-7981
(100) 000-7982,(200) 000-7982
(100) 000-7983,(200) 000-7983
(100) 000-7984,(200) 000-7984
(100) 000-7985,(200) 000-7985
(100) 000-7986,(200) 000-7986
(100) 000-7987,(200) 000-7987
(100) 000-7988,(200) 000-7988
(100) 000-7989,(200) 000-7989
(100) 000-7990,(200) 000-7990
(100) 000-7991,(200) 000-7991
(100) 000-7992,(200) 000-7992
(100) 000-7993,(200) 000-7993
(100) 000-7994,(200) 000-7994
(100) 000-7995,(200) 000-7995
(100) 000-7996,(200) 000-7996
(100) 000-7997,(200) 000-7997
(100) 000-7998,(200) 000-7998
(100) 000-7999,(200) 000-7999
(100) 000-8000,(200) 000-8000
(100) 000-8001,(200) 000-8001
(100) 000-8002,(200) 000-8002
(100) 000-8003,(200) 000-8003
(100) 000-8004,(200) 000-8004
(100) 000-8005,(200) 000-8005
(100) 000-8006,(200) 000-8006
(100) 000-8007,(200) 000-8007
(100) 000-8008,(200) 000-8008
(100) 000-8009,(200) 000-8009
(100) 000-8010,(200) 000-8010
(100) 000-8011,(200) 000-8011
(100) 000-8012,(200) 000-8012
(100) 000-8013,(200) 000-8013
(100) 000-8014,(200) 000-8014
(100) 000-8015,(200) 000-8015
(100) 000-8016,(200) 000-8016
(100) 000-8017,(200) 000-8017
(100) 000-8018,(200) 000-8018
(100) 000-8019,(200) 000-8019
(100) 000-8020,(200) 000-8020
(100) 000-8021,(200) 000-8021
(100) 000-8022,(200) 000-8022
(100) 000-8023,(200) 000-8023
(100) 000-8024,(200) 000-8024
(100) 000-8025,(200) 000-8025
(100) 000-8026,(200) 000-8026
(100) 000-8027,(200) 000-8027
(100) 000-8028,(200) 000-8028
(100) 000-8029,(200) 000-8029
(100) 000-8030,(200) 000-8030
(100) 000-8031,(200) 000-8031
(100) 000-8032,(200) 000-8032
(100) 000-8033,(200) 000-8033
(100) 000-8034,(200) 000-8034
(100) 000-8035,(200) 000-8035
(100) 000-8036,(200) 000-8036
(100) 000-8037,(200) 000-8037
(100) 000-8038,(200) 000-8038
(100) 000-8039,(200) 000-8039
(100) 000-8040,(200) 000-8040
(100) 000-8041,(200) 000-8041
(100) 000-8042,(200) 000-8042
(100) 000-8043,(200) 000-8043
(100) 000-8044,(200) 000-8044
(100) 000-8045,(200) 000-8045
(100) 000-8046,(200) 000-8046
(100) 000-8047,(200) 000-8047
(100) 000-8048,(200) 000-8048
(100) 000-8049,(200) 000-8049
(100) 000-8050,(200) 000-8050
(100) 000-8051,(200) 000-8051
(100) 000-8052,(200) 000-8052
(100) 000-8053,(200) 000-8053
(100) 000-8054,(200) 000-8054
(100) 000-8055,(200) 000-8055
(100) 000-8056,(200) 000-8056
(100) 000-8057,(200) 000-8057
(100) 000-8058,(200) 000-8058
(100) 000-8059,(200) 000-8059
(100) 000-8060,(200) 000-8060
(100) 000-8061,(200) 000-8061
(100) 000-8062,(200) 000-8062
(100) 000-8063,(200) 000-8063
(100) 000-8064,(200) 000-8064
(100) 000-8065,(200) 000-8065
(100) 000-8066,(200) 000-8066
(100) 000-8067,(200) 000-8067
(100) 000-8068,(200) 000-8068
(100) 000-8069,(200) 000-8069
(100) 000-8070,(200) 000-8070
(100) 000-8071,(200) 000-8071
(100) 000-8072,(200) 000-8072
(100) 000-8073,(200) 000-8073
(100) 000-8074,(200) 000-8074
(100) 000-8075,(200) 000-8075
(100) 000-8076,(200) 000-8076
(100) 000-8077,(200) 000-8077
(100) 000-8078,(200) 000-8078
(100) 000-8079,(200) 000-8079
(100) 000-8080,(200) 000-8080
(100) 000-8081,(200) 000-8081
(100) 000-8082,(200) 000-8082
(100) 000-8083,(200) 000-8083
(100) 000-8084,(200) 000-8084
(100) 000-8085,(200) 000-8085
(100) 000-8086,(200) 000-8086
(100) 000-8087,(200) 000-8087
(100) 000-8088,(200) 000-8088
(100) 000-8089,(200) 000-8089
(100) 000-8090,(200) 000-8090
(100) 000-8091,(200) 000-8091
(100) 000-8092,(200) 000-8092
(100) 000-8093,(200) 000-8093
(100) 000-8094,(200) 000-8094
(100) 000-8095,(200) 000-8095
(100) 000-8096,(200) 000-8096
(100) 000-8097,(200) 000-8097
(100) 000-8098,(200) 000-8098
(100) 000-8099,(200) 000-8099
(100) 000-8100,(200) 000-8100
(100) 000-8101,(200) 000-8101
(100) 000-8102,(200) 000-8102
(100) 000-8103,(200) 000-8103
(100) 000-8104,(200) 000-8104
(100) 000-8105,(200) 000-8105
(100) 000-8106,(200) 000-8106
(100) 000-8107,(200) 000-8107
(100) 000-8108,(200) 000-8108
(100) 000-8109,(200) 000-8109
(100) 000-8110,(200) 000-8110
(100) 000-8111,(200) 000-8111
(100) 000-8112,(200) 000-8112
(100) 000-8113,(200) 000-8113
(100) 000-8114,(200) 000-8114
(100) 000-8115,(200) 000-8115
(100) 000-8116,(200) 000-8116
(100) 000-8117,(200) 000-8117
(100) 000-8118,(200) 000-8118
(100) 000-8119,(200) 000-8119
(100) 000-8120,(200) 000-8120
(100) 000-8121,(200) 000-8121
(100) 000-8122,(200) 000-8122
(100) 000-8123,(200) 000-8123
(100) 000-8124,(200) 000-8124
(100) 000-8125,(200) 000-8125
(100) 000-8126,(200) 000-8126
(100) 000-8127,(200) 000-8127
(100) 000-8128,(200) 000-8128
(100) 000-8129,(200) 000-8129
(100) 000-8130,(200) 000-8130
(100) 000-8131,(200) 000-8131
(100) 000-8132,(200) 000-8132
(100) 000-8133,(200) 000-8133
(100) 000-8134,(200) 000-8134
(100) 000-8135,(200) 000-8135
(100) 000-8136,(200) 000-8136
(100) 000-8137,(200) 000-8137
(100) 000-8138,(200) 000-8138
(100) 000-8139,(200) 000-8139
(100) 000-8140,(200) 000-8140
(100) 000-8141,(200) 000-8141
(100) 000-8142,(200) 000-8142
(100) 000-8143,(200) 000-8143
(100) 000-8144,(200) 000-8144
(100) 000-8145,(200) 000-8145
(100) 000-8146,(200) 000-8146
(100) 000-8147,(200) 000-8147
(100) 000-8148,(200) 000-8148
(100) 000-8149,(200) 000-8149
(100) 000-8150,(200) 000-8150
(100) 000-8151,(200) 000-8151
(100) 000-8152,(200) 000-8152
(100) 000-8153,(200) 000-8153
(100) 000-8154,(200) 000-8154
(100) 000-8155,(200) 000-8155
(100) 000-8156,(200) 000-8156
(100) 000-8157,(200) 000-8157
(100) 000-8158,(200) 000-8158
(100) 000-8159,(200) 000-8159
(100) 000-8160,(200) 000-8160
(100) 000-8161,(200) 000-8161
(100) 000-8162,(200) 000-8162
(100) 000-8163,(200) 000-8163
(100) 000-8164,(200) 000-8164
(100) 000-8165,(200) 000-8165
(100) 000-8166,(200) 000-8166
(100) 000-8167,(200) 000-8167
(100) 000-8168,(200) 000-8168
(100) 000-8169,(200) 000-8169
(100) 000-8170,(200) 000-8170
(100) 000-8171,(200) 000-8171
(100) 000-8172,(200) 000-8172
(100) 000-8173,(200) 000-8173
(100) 000-8174,(200) 000-8174
(100) 000-8175,(200) 000-8175
(100) 000-8176,(200) 000-8176
(100) 000-8177,(200) 000-8177
(100) 000-8178,(200) 000-8178
(100) 000-8179,(200) 000-8179
(100) 000-8180,(200) 000-8180
(100) 000-8181,(200) 000-8181
(100) 000-8182,(200) 000-8182
(100) 000-8183,(200) 000-8183
(100) 000-8184,(200) 000-8184
(100) 000-8185,(200) 000-8185
(100) 000-8186,(200) 000-8186
(100) 000-8187,(200) 000-8187
(100) 000-8188,(200) 000-8188
(100) 000-8189,(200) 000-8189
(100) 000-8190,(200) 000-8190
(100) 000-8191,(200) 000-8191
(100) 000-8192,(200) 000-8192
(100) 000-8193,(200) 000-8193
(100) 000-8194,(200) 000-8194
(100) 000-8195,(200) 000-8195
(100) 000-8196,(200) 000-8196
(100) 000-8197,(200) 000-8197
(100) 000-8198,(200) 000-8198
(100) 000-8199,(200) 000-8199
(100) 000-8200,(200) 000-8200
(100) 000-8201,(200) 000-8201
(100) 000-8202,(200) 000-8202
(100) 000-8203,(200) 000-8203
(100) 000-8204,(200) 000-8204
(100) 000-8205,(200) 000-8205
(100) 000-8206,(200) 000-8206
(100) 000-8207,(200) 000-8207
(100) 000-8208,(200) 000-8208
(100) 000-8209,(200) 000-8209
(100) 000-8210,(200) 000-8210
(100) 000-8211,(200) 000-8211
(100) 000-8212,(200) 000-8212
(100) 000-8213,(200) 000-8213
(100) 000-8214,(200) 000-8214
(100) 000-8215,(200) 000-8215
(100) 000-8216,(200) 000-8216
(100) 000-8217,(200) 000-8217
(100) 000-8218,(200) 000-8218
(100) 000-8219,(200) 000-8219
(100) 000-8220,(200) 000-8220
(100) 000-8221,(200) 000-8221
(100) 000-8222,(200) 000-8222
(100) 000-8223,(200) 000-8223
(100) 000-8224,(200) 000-8224
(100) 000-8225,(200) 000-8225
(100) 000-8226,(200) 000-8226
(100) 000-8227,(200) 000-8227
(100) 000-8228,(200) 000-8228
(100) 000-8229,(200) 000-8229
(100) 000-8230,(200) 000-8230
(100) 000-8231,(200) 000-8231
(100) 000-8232,(200) 000-8232
(100) 000-8233,(200) 000-8233
(100) 000-8234,(200) 000-8234
(100) 000-8235,(200) 000-8235
(100) 000-8236,(200) 000-8236
(100) 000-8237,(200) 000-8237
(100) 000-8238,(200) 000-8238
(100) 000-8239,(200) 000-8239
(100) 000-8240,(200) 000-8240
(100) 000-8241,(200) 000-8241
(100) 000-8242,(200) 000-8242
(100) 000-8243,(200) 000-8243
(100) 000-8244,(200) 000-8244
(100) 000-8245,(200) 000-8245
(100) 000-8246,(200) 000-8246
(100) 000-8247,(200) 000-8247
(100) 000-8248,(200) 000-8248
(100) 000-8249,(200) 000-8249
(100) 000-8250,(200) 000-8250
(100) 000-8251,(200) 000-8251
(100) 000-8252,(200) 000-8252
(100) 000-8253,(200) 000-8253
(100) 000-8254,(200) 000-8254
(100) 000-8255,(200) 000-8255
(100) 000-8256,(200) 000-8256
(100) 000-8257,(200) 000-8257
(100) 000-8258,(200) 000-8258
(100) 000-8259,(200) 000-8259
(100) 000-8260,(200) 000-8260
(100) 000-8261,(200) 000-8261
(100) 000-8262,(200) 000-8262
(100) 000-8263,(200) 000-8263
(100) 000-8264,(200) 000-8264
(100) 000-8265,(200) 000-8265
(100) 000-8266,(200) 000-8266
(100) 000-8267,(200) 000-8267
(100) 000-8268,(200) 000-8268
(100) 000-8269,(200) 000-8269
(100) 000-8270,(200) 000-8270
(100) 000-8271,(200) 000-8271
(100) 000-8272,(200) 000-8272
(100) 000-8273,(200) 000-8273
(100) 000-8274,(200) 000-8274
(100) 000-8275,(200) 000-8275
(100) 000-8276,(200) 000-8276
(100) 000-8277,(200) 000-8277
(100) 000-8278,(200) 000-8278
(100) 000-8279,(200) 000-8279
(100) 000-8280,(200) 000-8280
(100) 000-8281,(200) 000-8281
(100) 000-8282,(200) 000-8282
(100) 000-8283,(200) 000-8283
(100) 000-8284,(200) 000-8284
(100) 000-8285,(200) 000-8285
(100) 000-8286,(200) 000-8286
(100) 000-8287,(200) 000-8287
(100) 000-8288,(200) 000-8288
(100) 000-8289,(200) 000-8289
(100) 000-8290,(200) 000-8290
(100) 000-8291,(200) 000-8291
(100) 000-8292,(200) 000-8292
(100) 000-8293,(200) 000-8293
(100) 000-8294,(200) 000-8294
(100) 000-8295,(200) 000-8295
(100) 000-8296,(200) 000-8296
(100) 000-8297,(200) 000-8297
(100) 000-8298,(200) 000-8298
(100) 000-8299,(200) 000-8299
(100) 000-8300,(200) 000-8300
(100) 000-8301,(200) 000-8301
(100) 000-8302,(200) 000-8302
(100) 000-8303,(200) 000-8303
(100) 000-8304,(200) 000-8304
(100) 000-8305,(200) 000-8305
(100) 000-8306,(200) 000-8306
(100) 000-8307,(200) 000-8307
(100) 000-8308,(200) 000-8308
(100) 000-8309,(200) 000-8309
(100) 000-8310,(200) 000-8310
(100) 000-8311,(200) 000-8311
(100) 000-8312,(200) 000-8312
(100) 000-8313,(200) 000-8313
(100) 000-8314,(200) 000-8314
(100) 000-8315,(200) 000-8315
(100) 000-8316,(200) 000-8316
(100) 000-8317,(200) 000-8317
(100) 000-8318,(200) 000-8318
(100) 000-8319,(200) 000-8319
(100) 000-8320,(200) 000-8320
(100) 000-8321,(200) 000-8321
(100) 000-8322,(200) 000-8322
(100) 000-8323,(200) 000-8323
(100) 000-8324,(200) 000-8324
(100) 000-8325,(200) 000-8325
(100) 000-8326,(200) 000-8326
(100) 000-8327,(200) 000-8327
(100) 000-8328,(200) 000-8328
(100) 000-8329,(200) 000-8329
(100) 000-8330,(200) 000-8330
(100) 000-8331,(200) 000-8331
(100) 000-8332,(200) 000-8332
(100) 000-8333,(200) 000-8333
(100) 000-8334,(200) 000-8334
(100) 000-8335,(200) 000-8335
(100) 000-8336,(200) 000-8336
(100) 000-8337,(200) 000-8337
(100) 000-8338,(200) 000-8338
(100) 000-8339,(200) 000-8339
(100) 000-8340,(200) 000-8340
(100) 000-8341,(200) 000-8341
(100) 000-8342,(200) 000-8342
(100) 000-8343,(200) 000-8343
(100) 000-8344,(200) 000-8344
(100) 000-8345,(200) 000-8345
(100) 000-8346,(200) 000-8346
(100) 000-8347,(200) 000-8347
(100) 000-8348,(200) 000-8348
(100) 000-8349,(200) 000-8349
(100) 000-8350,(200) 000-8350
(100) 000-8351,(200) 000-8351
(100) 000-8352,(200) 000-8352
(100) 000-8353,(200) 000-8353
(100) 000-8354,(200) 000-8354
(100) 000-8355,(200) 000-8355
(100) 000-8356,(200) 000-8356
(100) 000-8357,(200) 000-8357
(100) 000-8358,(200) 000-8358
(100) 000-8359,(200) 000-8359
(100) 000-8360,(200) 000-8360
(100) 000-8361,(200) 000-8361
(100) 000-8362,(200) 000-8362
(100) 000-8363,(200) 000-8363
(100) 000-8364,(200) 000-8364
(100) 000-8365,(200) 000-8365
(100) 000-8366,(200) 000-8366
(100) 000-8367,(200) 000-8367
(100) 000-8368,(200) 000-8368
(100) 000-8369,(200) 000-8369
(100) 000-8370,(200) 000-8370
(100) 000-8371,(200) 000-8371
(100) 000-8372,(200) 000-8372
(100) 000-8373,(200) 000-8373
(100) 000-8374,(200) 000-8374
(100) 000-8375,(200) 000-8375
(100) 000-8376,(200) 000-8376
(100) 000-8377,(200) 000-8377
(100) 000-8378,(200) 000-8378
(100) 000-8379,(200) 000-8379
(100) 000-8380,(200) 000-8380
(100) 000-8381,(200) 000-8381
(100) 000-8382,(200) 000-8382
(100) 000-8383,(200) 000-8383
(100) 000-8384,(200) 000-8384
(100) 000-8385,(200) 000-8385
(100) 000-8386,(200) 000-8386
(100) 000-8387,(200) 000-8387
(100) 000-8388,(200) 000-8388
(100) 000-8389,(200) 000-8389
(100) 000-8390,(200) 000-8390
(100) 000-8391,(200) 000-8391
(100) 000-8392,(200) 000-8392
(100) 000-8393,(200) 000-8393
(100) 000-8394,(200) 000-8394
(100) 000-8395,(200) 000-8395
(100) 000-8396,(200) 000-8396
(100) 000-8397,(200) 000-8397
(100) 000-8398,(200) 000-8398
(100) 000-8399,(200) 000-8399
(100) 000-8400,(200) 000-8400
(100) 000-8401,(200) 000-8401
(100) 000-8402,(200) 000-8402
(100) 000-8403,(200) 000-8403
(100) 000-8404,(200) 000-8404
(100) 000-8405,(200) 000-8405
(100) 000-8406,(200) 000-8406
(100) 000-8407,(200) 000-8407
(100) 000-8408,(200) 000-8408
(100) 000-8409,(200) 000-8409
(100) 000-8410,(200) 000-8410
(100) 000-8411,(200) 000-8411
(100) 000-8412,(200) 000-8412
(100) 000-8413,(200) 000-8413
(100) 000-8414,(200) 000-8414
(100) 000-8415,(200) 000-8415
(100) 000-8416,(200) 000-8416
(100) 000-8417,(200) 000-8417
(100) 000-8418,(200) 000-8418
(100) 000-8419,(200) 000-8419
(100) 000-8420,(200) 000-8420
(100) 000-8421,(200) 000-8421
(100) 000-8422,(200) 000-8422
(100) 000-8423,(200) 000-8423
(100) 000-8424,(200) 000-8424
(100) 000-8425,(200) 000-8425
(100) 000-8426,(200) 000-8426
(100) 000-8427,(200) 000-8427
(100) 000-8428,(200) 000-8428
(100) 000-8429,(200) 000-8429
(100) 000-8430,(200) 000-8430
(100) 000-8431,(200) 000-8431
(100) 000-8432,(200) 000-8432
(100) 000-8433,(200) 000-8433
(100) 000-8434,(200) 000-8434
(100) 000-8435,(200) 000-8435
(100) 000-8436,(200) 000-8436
(100) 000-8437,(200) 000-8437
(100) 000-8438,(200) 000-8438
(100) 000-8439,(200) 000-8439
(100) 000-8440,(200) 000-8440
(100) 000-8441,(200) 000-8441
(100) 000-8442,(200) 000-8442
(100) 000-8443,(200) 000-8443
(100) 000-8444,(200) 000-8444
(100) 000-8445,(200) 000-8445
(100) 000-8446,(200) 000-8446
(100) 000-8447,(200) 000-8447
(100) 000-8448,(200) 000-8448
(100) 000-8449,(200) 000-8449
(100) 000-8450,(200) 000-8450
(100) 000-8451,(200) 000-8451
(100) 000-8452,(200) 000-8452
(100) 000-8453,(200) 000-8453
(100) 000-8454,(200) 000-8454
(100) 000-8455,(200) 000-8455
(100) 000-8456,(200) 000-8456
(100) 000-8457,(200) 000-8457
(100) 000-8458,(200) 000-8458
(100) 000-8459,(200) 000-8459
(100) 000-8460,(200) 000-8460
(100) 000-8461,(200) 000-8461
(100) 000-8462,(200) 000-8462
(100) 000-8463,(200) 000-8463
(100) 000-8464,(200) 000-8464
(100) 000-8465,(200) 000-8465
(100) 000-8466,(200) 000-8466
(100) 000-8467,(200) 000-8467
(100) 000-8468,(200) 000-8468
(100) 000-8469,(200) 000-8469
(100) 000-8470,(200) 000-8470
(100) 000-8471,(200) 000-8471
(100) 000-8472,(200) 000-8472
(100) 000-8473,(200) 000-8473
(100) 000-8474,(200) 000-8474
(100) 000-8475,(200) 000-8475
(100) 000-8476,(200) 000-8476
(100) 000-8477,(200) 000-8477
(100) 000-8478,(200) 000-8478
(100) 000-8479,(200) 000-8479
(100) 000-8480,(200) 000-8480
(100) 000-8481,(200) 000-8481
(100) 000-8482,(200) 000-8482
(100) 000-8483,(200) 000-8483
(100) 000-8484,(200) 000-8484
(100) 000-8485,(200) 000-8485
(100) 000-8486,(200) 000-8486
(100) 000-8487,(200) 000-8487
(100) 000-8488,(200) 000-8488
(100) 000-8489,(200) 000-8489
(100) 000-8490,(200) 000-8490
(100) 000-8491,(200) 000-8491
(100) 000-8492,(200) 000-8492
(100) 000-8493,(200) 000-8493
(100) 000-8494,(200) 000-8494
(100) 000-8495,(200) 000-8495
(100) 000-8496,(200) 000-8496
(100) 000-8497,(200) 000-8497
(100) 000-8498,(200) 000-8498
(100) 000-8499,(200) 000-8499
(100) 000-8500,(200) 000-8500
(100) 000-8501,(200) 000-8501
(100) 000-8502,(200) 000-8502
(100) 000-8503,(200) 000-8503
(100) 000-8504,(200) 000-8504
(100) 000-8505,(200) 000-8505
(100) 000-8506,(200) 000-8506
(100) 000-8507,(200) 000-8507
(100) 000-8508,(200) 000-8508
(100) 000-8509,(200) 000-8509
(100) 000-8510,(200) 000-8510
(100) 000-8511,(200) 000-8511
(100) 000-8512,(200) 000-8512
(100) 000-8513,(200) 000-8513
(100) 000-8514,(200) 000-8514
(100) 000-8515,(200) 000-8515
(100) 000-8516,(200) 000-8516
(100) 000-8517,(200) 000-8517
(100) 000-8518,(200) 000-8518
(100) 000-8519,(200) 000-8519
(100) 000-8520,(200) 000-8520
(100) 000-8521,(200) 000-8521
(100) 000-8522,(200) 000-8522
(100) 000-8523,(200) 000-8523
(100) 000-8524,(200) 000-8524
(100) 000-8525,(200) 000-8525
(100) 000-8526,(200) 000-8526
(100) 000-8527,(200) 000-8527
(100) 000-8528,(200) 000-8528
(100) 000-8529,(200) 000-8529
(100) 000-8530,(200) 000-8530
(100) 000-8531,(200) 000-8531
(100) 000-8532,(200) 000-8532
(100) 000-8533,(200) 000-8533
(100) 000-8534,(200) 000-8534
(100) 000-8535,(200) 000-8535
(100) 000-8536,(200) 000-8536
(100) 000-8537,(200) 000-8537
(100) 000-8538,(200) 000-8538
(100) 000-8539,(200) 000-8539
(100) 000-8540,(200) 000-8540
(100) 000-8541,(200) 000-8541
(100) 000-8542,(200) 000-8542
(100) 000-8543,(200) 000-8543
(100) 000-8544,(200) 000-8544
(100) 000-8545,(200) 000-8545
(100) 000-8546,(200) 000-8546
(100) 000-8547,(200) 000-8547
(100) 000-8548,(200) 000-8548
(100) 000-8549,(200) 000-8549
(100) 000-8550,(200) 000-8550
(100) 000-8551,(200) 000-8551
(100) 000-8552,(200) 000-8552
(100) 000-8553,(200) 000-8553
(100) 000-8554,(200) 000-8554
(100) 000-8555,(200) 000-8555
(100) 000-8556,(200) 000-8556
(100) 000-8557,(200) 000-8557
(100) 000-8558,(200) 000-8558
(100) 000-8559,(200) 000-8559
(100) 000-8560,(200) 000-8560
(100) 000-8561,(200) 000-8561
(100) 000-8562,(200) 000-8562
(100) 000-8563,(200) 000-8563
(100) 000-8564,(200) 000-8564
(100) 000-8565,(200) 000-8565
(100) 000-8566,(200) 000-8566
(100) 000-8567,(200) 000-8567
(100) 000-8568,(200) 000-8568
(100) 000-8569,(200) 000-8569
(100) 000-8570,(200) 000-8570
(100) 000-8571,(200) 000-8571
(100) 000-8572,(200) 000-8572
(100) 000-8573,(200) 000-8573
(100) 000-8574,(200) 000-8574
(100) 000-8575,(200) 000-8575
(100) 000-8576,(200) 000-8576
(100) 000-8577,(200) 000-8577
(100) 000-8578,(200) 000-8578
(100) 000-8579,(200) 000-8579
(100) 000-8580,(200) 000-8580
(100) 000-8581,(200) 000-8581
(100) 000-8582,(200) 000-8582
(100) 000-8583,(200) 000-8583
(100) 000-8584,(200) 000-8584
(100) 000-8585,(200) 000-8585
(100) 000-8586,(200) 000-8586
(100) 000-8587,(200) 000-8587
(100) 000-8588,(200) 000-8588
(100) 000-8589,(200) 000-8589
(100) 000-8590,(200) 000-8590
(100) 000-8591,(200) 000-8591
(100) 000-8592,(200) 000-8592
(100) 000-8593,(200) 000-8593
(100) 000-8594,(200) 000-8594
(100) 000-8595,(200) 000-8595
(100) 000-8596,(200) 000-8596
(100) 000-8597,(200) 000-8597
(100) 000-8598,(200) 000-8598
(100) 000-8599,(200) 000-8599
(100) 000-8600,(200) 000-8600
(100) 000-8601,(200) 000-8601
(100) 000-8602,(200) 000-8602
(100) 000-8603,(200) 000-8603
(100) 000-8604,(200) 000-8604
(100) 000-8605,(200) 000-8605
(100) 000-8606,(200) 000-8606
(100) 000-8607,(200) 000-8607
(100) 000-8608,(200) 000-8608
(100) 000-8609,(200) 000-8609
(100) 000-8610,(200) 000-8610
(100) 000-8611,(200) 000-8611
(100) 000-8612,(200) 000-8612
(100) 000-8613,(200) 000-8613
(100) 000-8614,(200) 000-8614
(100) 000-8615,(200) 000-8615
(100) 000-8616,(200) 000-8616
(100) 000-8617,(200) 000-8617
(100) 000-8618,(200) 000-8618
(100) 000-8619,(200) 000-8619
(100) 000-8620,(200) 000-8620
(100) 000-8621,(200) 000-8621
(100) 000-8622,(200) 000-8622
(100) 000-8623,(200) 000-8623
(100) 000-8624,(200) 000-8624
(100) 000-8625,(200) 000-8625
(100) 000-8626,(200) 000-8626
(100) 000-8627,(200) 000-8627
(100) 000-8628,(200) 000-8628
(100) 000-8629,(200) 000-8629
(100) 000-8630,(200) 000-8630
(100) 000-8631,(200) 000-8631
(100) 000-8632,(200) 000-8632
(100) 000-8633,(200) 000-8633
(100) 000-8634,(200) 000-8634
(100) 000-8635,(200) 000-8635
(100) 000-8636,(200) 000-8636
(100) 000-8637,(200) 000-8637
(100) 000-8638,(200) 000-8638
(100) 000-8639,(200) 000-8639
(100) 000-8640,(200) 000-8640
(100) 000-8641,(200) 000-8641
(100) 000-8642,(200) 000-8642
(100) 000-8643,(200) 000-8643
(100) 000-8644,(200) 000-8644
(100) 000-8645,(200) 000-8645
(100) 000-8646,(200) 000-8646
(100) 000-8647,(200) 000-8647
(100) 000-8648,(200) 000-8648
(100) 000-8649,(200) 000-8649
(100) 000-8650,(200) 000-8650
(100) 000-8651,(200) 000-8651
(100) 000-8652,(200) 000-8652
(100) 000-8653,(200) 000-8653
(100) 000-8654,(200) 000-8654
(100) 000-8655,(200) 000-8655
(100) 000-8656,(200) 000-8656
(100) 000-8657,(200) 000-8657
(100) 000-8658,(200) 000-8658
(100) 000-8659,(200) 000-8659
(100) 000-8660,(200) 000-8660
(100) 000-8661,(200) 000-8661
(100) 000-8662,(200) 000-8662
(100) 000-8663,(200) 000-8663
(100) 000-8664,(200) 000-8664
(100) 000-8665,(200) 000-8665
(100) 000-8666,(200) 000-8666
(100) 000-8667,(200) 000-8667
(100) 000-8668,(200) 000-8668
(100) 000-8669,(200) 000-8669
(100) 000-8670,(200) 000-8670
(100) 000-8671,(200) 000-8671
(100) 000-8672,(200) 000-8672
(100) 000-8673,(200) 000-8673
(100) 000-8674,(200) 000-8674
(100) 000-8675,(200) 000-8675
(100) 000-8676,(200) 000-8676
(100) 000-8677,(200) 000-8677
(100) 000-8678,(200) 000-8678
(100) 000-8679,(200) 000-8679
(100) 000-8680,(200) 000-8680
(100) 000-8681,(200) 000-8681
(100) 000-8682,(200) 000-8682
(100) 000-8683,(200) 000-8683
(100) 000-8684,(200) 000-8684
(100) 000-8685,(200) 000-8685
(100) 000-8686,(200) 000-8686
(100) 000-8687,(200) 000-8687
(100) 000-8688,(200) 000-8688
(100) 000-8689,(200) 000-8689
(100) 000-8690,(200) 000-8690
(100) 000-8691,(200) 000-8691
(100) 000-8692,(200) 000-8692
(100) 000-8693,(200) 000-8693
(100) 000-8694,(200) 000-8694
(100) 000-8695,(200) 000-8695
(100) 000-8696,(200) 000-8696
(100) 000-8697,(200) 000-8697
(100) 000-8698,(200) 000-8698
(100) 000-8699,(200) 000-8699
(100) 000-8700,(200) 000-8700
(100) 000-8701,(200) 000-8701
(100) 000-8702,(200) 000-8702
(100) 000-8703,(200) 000-8703
(100) 000-8704,(200) 000-8704
(100) 000-8705,(200) 000-8705
(100) 000-8706,(200) 000-8706
(100) 000-8707,(200) 000-8707
(100) 000-8708,(200) 000-8708
(100) 000-8709,(200) 000-8709
(100) 000-8710,(200) 000-8710
(100) 000-8711,(200) 000-8711
(100) 000-8712,(200) 000-8712
(100) 000-8713,(200) 000-8713
(100) 000-8714,(200) 000-8714
(100) 000-8715,(200) 000-8715
(100) 000-8716,(200) 000-8716
(100) 000-8717,(200) 000-8717
(100) 000-8718,(200) 000-8718
(100) 000-8719,(200) 000-8719
(100) 000-8720,(200) 000-8720
(100) 000-8721,(200) 000-8721
(100) 000-8722,(200) 000-8722
(100) 000-8723,(200) 000-8723
(100) 000-8724,(200) 000-8724
(100) 000-8725,(200) 000-8725
(100) 000-8726,(200) 000-8726
(100) 000-8727,(200) 000-8727
(100) 000-8728,(200) 000-8728
(100) 000-8729,(200) 000-8729
(100) 000-8730,(200) 000-8730
(100) 000-8731,(200) 000-8731
(100) 000-8732,(200) 000-8732
(100) 000-8733,(200) 000-8733
(100) 000-8734,(200) 000-8734
(100) 000-8735,(200) 000-8735
(100) 000-8736,(200) 000-8736
(100) 000-8737,(200) 000-8737
(100) 000-8738,(200) 000-8738
(100) 000-8739,(200) 000-8739
(100) 000-8740,(200) 000-8740
(100) 000-8741,(200) 000-8741
(100) 000-8742,(200) 000-8742
(100) 000-8743,(200) 000-8743
(100) 000-8744,(200) 000-8744
(100) 000-8745,(200) 000-8745
(100) 000-8746,(200) 000-8746
(100) 000-8747,(200) 000-8747
(100) 000-8748,(200) 000-8748
(100) 000-8749,(200) 000-8749
(100) 000-8750,(200) 000-8750
(100) 000-8751,(200) 000-8751
(100) 000-8752,(200) 000-8752
(100) 000-8753,(200) 000-8753
(100) 000-8754,(200) 000-8754
(100) 000-8755,(200) 000-8755
(100) 000-8756,(200) 000-8756
(100) 000-8757,(200) 000-8757
(100) 000-8758,(200) 000-8758
(100) 000-8759,(200) 000-8759
(100) 000-8760,(200) 000-8760
(100) 000-8761,(200) 000-8761
(100) 000-8762,(200) 000-8762
(100) 000-8763,(200) 000-8763
(100) 000-8764,(200) 000-8764
(100) 000-8765,(200) 000-8765
(100) 000-8766,(200) 000-8766
(100) 000-8767,(200) 000-8767
(100) 000-8768,(200) 000-8768
(100) 000-8769,(200) 000-8769
(100) 000-8770,(200) 000-8770
(100) 000-8771,(200) 000-8771
(100) 000-8772,(200) 000-8772
(100) 000-8773,(200) 000-8773
(100) 000-8774,(200) 000-8774
(100) 000-8775,(200) 000-8775
(100) 000-8776,(200) 000-8776
(100) 000-8777,(200) 000-8777
(100) 000-8778,(200) 000-8778
(100) 000-8779,(200) 000-8779
(100) 000-8780,(200) 000-8780
(100) 000-8781,(200) 000-8781
(100) 000-8782,(200) 000-8782
(100) 000-8783,(200) 000-8783
(100) 000-8784,(200) 000-8784
(100) 000-8785,(200) 000-8785
(100) 000-8786,(200) 000-8786
(100) 000-8787,(200) 000-8787
(100) 000-8788,(200) 000-8788
(100) 000-8789,(200) 000-8789
(100) 000-8790,(200) 000-8790
(100) 000-8791,(200) 000-8791
(100) 000-8792,(200) 000-8792
(100) 000-8793,(200) 000-8793
(100) 000-8794,(200) 000-8794
(100) 000-8795,(200) 000-8795
(100) 000-8796,(200) 000-8796
(100) 000-8797,(200) 000-8797
(100) 000-8798,(200) 000-8798
(100) 000-8799,(200) 000-8799
(100) 000-8800,(200) 000-8800
(100) 000-8801,(200) 000-8801
(100) 000-8802,(200) 000-8802
(100) 000-8803,(200) 000-8803
(100) 000-8804,(200) 000-8804
(100) 000-8805,(200) 000-8805
(100) 000-8806,(200) 000-8806
(100) 000-8807,(200) 000-8807
(100) 000-8808,(200) 000-8808
(100) 000-8809,(200) 000-8809
(100) 000-8810,(200) 000-8810
(100) 000-8811,(200) 000-8811
(100) 000-8812,(200) 000-8812
(100) 000-8813,(200) 000-8813
(100) 000-8814,(200) 000-8814
(100) 000-8815,(200) 000-8815
(100) 000-8816,(200) 000-8816
(100) 000-8817,(200) 000-8817
(100) 000-8818,(200) 000-8818
(100) 000-8819,(200) 000-8819
(100) 000-8820,(200) 000-8820
(100) 000-8821,(200) 000-8821
(100) 000-8822,(200) 000-8822
(100) 000-8823,(200) 000-8823
(100) 000-8824,(200) 000-8824
(100) 000-8825,(200) 000-8825
(100) 000-8826,(200) 000-8826
(100) 000-8827,(200) 000-8827
(100) 000-8828,(200) 000-8828
(100) 000-8829,(200) 000-8829
(100) 000-8830,(200) 000-8830
(100) 000-8831,(200) 000-8831
(100) 000-8832,(200) 000-8832
(100) 000-8833,(200) 000-8833
(100) 000-8834,(200) 000-8834
(100) 000-8835,(200) 000-8835
(100) 000-8836,(200) 000-8836
(100) 000-8837,(200) 000-8837
(100) 000-8838,(200) 000-8838
(100) 000-8839,(200) 000-8839
(100) 000-8840,(200) 000-8840
(100) 000-8841,(200) 000-8841
(100) 000-8842,(200) 000-8842
(100) 000-8843,(200) 000-8843
(100) 000-8844,(200) 000-8844
(100) 000-8845,(200) 000-8845
(100) 000-8846,(200) 000-8846
(100) 000-8847,(200) 000-8847
(100) 000-8848,(200) 000-8848
(100) 000-8849,(200) 000-8849
(100) 000-8850,(200) 000-8850
(100) 000-8851,(200) 000-8851
(100) 000-8852,(200) 000-8852
(100) 000-8853,(200) 000-8853
(100) 000-8854,(200) 000-8854
(100) 000-8855,(200) 000-8855
(100) 000-8856,(200) 000-8856
(100) 000-8857,(200) 000-8857
(100) 000-8858,(200) 000-8858
(100) 000-8859,(200) 000-8859
(100) 000-8860,(200) 000-8860
(100) 000-8861,(200) 000-8861
(100) 000-8862,(200) 000-8862
(100) 000-8863,(200) 000-8863
(100) 000-8864,(200) 000-8864
(100) 000-8865,(200) 000-8865
(100) 000-8866,(200) 000-8866
(100) 000-8867,(200) 000-8867
(100) 000-8868,(200) 000-8868
(100) 000-8869,(200) 000-8869
(100) 000-8870,(200) 000-8870
(100) 000-8871,(200) 000-8871
(100) 000-8872,(200) 000-8872
(100) 000-8873,(200) 000-8873
(100) 000-8874,(200) 000-8874
(100) 000-8875,(200) 000-8875
(100) 000-8876,(200) 000-8876
(100) 000-8877,(200) 000-8877
(100) 000-8878,(200) 000-8878
(100) 000-8879,(200) 000-8879
(100) 000-8880,(200) 000-8880
(100) 000-8881,(200) 000-8881
(100) 000-8882,(200) 000-8882
(100) 000-8883,(200) 000-8883
(100) 000-8884,(200) 000-8884
(100) 000-8885,(200) 000-8885
(100) 000-8886,(200) 000-8886
(100) 000-8887,(200) 000-8887
(100) 000-8888,(200) 000-8888
(100) 000-8889,(200) 000-8889
(100) 000-8890,(200) 000-8890
(100) 000-8891,(200) 000-8891
(100) 000-8892,(200) 000-8892
(100) 000-8893,(200) 000-8893
(100) 000-8894,(200) 000-8894
(100) 000-8895,(200) 000-8895
(100) 000-8896,(200) 000-8896
(100) 000-8897,(200) 000-8897
(100) 000-8898,(200) 000-8898
(100) 000-8899,(200) 000-8899
(100) 000-8900,(200) 000-8900
(100) 000-8901,(200) 000-8901
(100) 000-8902,(200) 000-8902
(100) 000-8903,(200) 000-8903
(100) 000-8904,(200) 000-8904
(100) 000-8905,(200) 000-8905
(100) 000-8906,(200) 000-8906
(100) 000-8907,(200) 000-8907
(100) 000-8908,(200) 000-8908
(100) 000-8909,(200) 000-8909
(100) 000-8910,(200) 000-8910
(100) 000-8911,(200) 000-8911
(100) 000-8912,(200) 000-8912
(100) 000-8913,(200) 000-8913
(100) 000-8914,(200) 000-8914
(100) 000-8915,(200) 000-8915
(100) 000-8916,(200) 000-8916
(100) 000-8917,(200) 000-8917
(100) 000-8918,(200) 000-8918
(100) 000-8919,(200) 000-8919
(100) 000-8920,(200) 000-8920
(100) 000-8921,(200) 000-8921
(100) 000-8922,(200) 000-8922
(100) 000-8923,(200) 000-8923
(100) 000-8924,(200) 000-8924
(100) 000-8925,(200) 000-8925
(100) 000-8926,(200) 000-8926
(100) 000-8927,(200) 000-8927
(100) 000-8928,(200) 000-8928
(100) 000-8929,(200) 000-8929
(100) 000-8930,(200) 000-8930
(100) 000-8931,(200) 000-8931
(100) 000-8932,(200) 000-8932
(100) 000-8933,(200) 000-8933
(100) 000-8934,(200) 000-8934
(100) 000-8935,(200) 000-8935
(100) 000-8936,(200) 000-8936
(100) 000-8937,(200) 000-8937
(100) 000-8938,(200) 000-8938
(100) 000-8939,(200) 000-8939
(100) 000-8940,(200) 000-8940
(100) 000-8941,(200) 000-8941
(100) 000-8942,(200) 000-8942
(100) 000-8943,(200) 000-8943
(100) 000-8944,(200) 000-8944
(100) 000-8945,(200) 000-8945
(100) 000-8946,(200) 000-8946
(100) 000-8947,(200) 000-8947
(100) 000-8948,(200) 000-8948
(100) 000-8949,(200) 000-8949
(100) 000-8950,(200) 000-8950
(100) 000-8951,(200) 000-8951
(100) 000-8952,(200) 000-8952
(100) 000-8953,(200) 000-8953
(100) 000-8954,(200) 000-8954
(100) 000-8955,(200) 000-8955
(100) 000-8956,(200) 000-8956
(100) 000-8957,(200) 000-8957
(100) 000-8958,(200) 000-8958
(100) 000-8959,(200) 000-8959
(100) 000-8960,(200) 000-8960
(100) 000-8961,(200) 000-8961
(100) 000-8962,(200) 000-8962
(100) 000-8963,(200) 000-8963
(100) 000-8964,(200) 000-8964
(100) 000-8965,(200) 000-8965
(100) 000-8966,(200) 000-8966
(100) 000-8967,(200) 000-8967
(100) 000-8968,(200) 000-8968
(100) 000-8969,(200) 000-8969
(100) 000-8970,(200) 000-8970
(100) 000-8971,(200) 000-8971
(100) 000-8972,(200) 000-8972
(100) 000-8973,(200) 000-8973
(100) 000-8974,(200) 000-8974
(100) 000-8975,(200) 000-8975
(100) 000-8976,(200) 000-8976
(100) 000-8977,(200) 000-8977
(100) 000-8978,(200) 000-8978
(100) 000-8979,(200) 000-8979
(100) 000-8980,(200) 000-8980
(100) 000-8981,(200) 000-8981
(100) 000-8982,(200) 000-8982
(100) 000-8983,(200) 000-8983
(100) 000-8984,(200) 000-8984
(100) 000-8985,(200) 000-8985
(100) 000-8986,(200) 000-8986
(100) 000-8987,(200) 000-8987
(100) 000-8988,(200) 000-8988
(100) 000-8989,(200) 000-8989
(100) 000-8990,(200) 000-8990
(100) 000-8991,(200) 000-8991
(100) 000-8992,(200) 000-8992
(100) 000-8993,(200) 000-8993
(100) 000-8994,(200) 000-8994
(100) 000-8995,(200) 000-8995
(100) 000-8996,(200) 000-8996
(100) 000-8997,(200) 000-8997
(100) 000-8998,(200) 000-8998
(100) 000-8999,(200) 000-8999
(100) 000-9000,(200) 000-9000
(100) 000-9001,(200) 000-9001
(100) 000-9002,(200) 000-9002
(100) 000-9003,(200) 000-9003
(100) 000-9004,(200) 000-9004
(100) 000-9005,(200) 000-9005
(100) 000-9006,(200) 000-9006
(100) 000-9007,(200) 000-9007
(100) 000-9008,(200) 000-9008
(100) 000-9009,(200) 000-9009
(100) 000-9010,(200) 000-9010
(100) 000-9011,(200) 000-9011
(100) 000-9012,(200) 000-9012
(100) 000-9013,(200) 000-9013
(100) 000-9014,(200) 000-9014
(100) 000-9015,(200) 000-9015
(100) 000-9016,(200) 000-9016
(100) 000-9017,(200) 000-9017
(100) 000-9018,(200) 000-9018
(100) 000-9019,(200) 000-9019
(100) 000-9020,(200) 000-9020
(100) 000-9021,(200) 000-9021
(100) 000-9022,(200) 000-9022
(100) 000-9023,(200) 000-9023
(100) 000-9024,(200) 000-9024
(100) 000-9025,(200) 000-9025
(100) 000-9026,(200) 000-9026
(100) 000-9027,(200) 000-9027
(100) 000-9028,(200) 000-9028
(100) 000-9029,(200) 000-9029
(100) 000-9030,(200) 000-9030
(100) 000-9031,(200) 000-9031
(100) 000-9032,(200) 000-9032
(100) 000-9033,(200) 000-9033
(100) 000-9034,(200) 000-9034
(100) 000-9035,(200) 000-9035
(100) 000-9036,(200) 000-9036
(100) 000-9037,(200) 000-9037
(100) 000-9038,(200) 000-9038
(100) 000-9039,(200) 000-9039
(100) 000-9040,(200) 000-9040
(100) 000-9041,(200) 000-9041
(100) 000-9042,(200) 000-9042
(100) 000-9043,(200) 000-9043
(100) 000-9044,(200) 000-9044
(100) 000-9045,(200) 000-9045
(100) 000-9046,(200) 000-9046
(100) 000-9047,(200) 000-9047
(100) 000-9048,(200) 000-9048
(100) 000-9049,(200) 000-9049
(100) 000-9050,(200) 000-9050
(100) 000-9051,(200) 000-9051
(100) 000-9052,(200) 000-9052
(100) 000-9053,(200) 000-9053
(100) 000-9054,(200) 000-9054
(100) 000-9055,(200) 000-9055
(100) 000-9056,(200) 000-9056
(100) 000-9057,(200) 000-9057
(100) 000-9058,(200) 000-9058
(100) 000-9059,(200) 000-9059
(100) 000-9060,(200) 000-9060
(100) 000-9061,(200) 000-9061
(100) 000-9062,(200) 000-9062
(100) 000-9063,(200) 000-9063
(100) 000-9064,(200) 000-9064
(100) 000-9065,(200) 000-9065
(100) 000-9066,(200) 000-9066
(100) 000-9067,(200) 000-9067
(100) 000-9068,(200) 000-9068
(100) 000-9069,(200) 000-9069
(100) 000-9070,(200) 000-9070
(100) 000-9071,(200) 000-9071
(100) 000-9072,(200) 000-9072
(100) 000-9073,(200) 000-9073
(100) 000-9074,(200) 000-9074
(100) 000-9075,(200) 000-9075
(100) 000-9076,(200) 000-9076
(100) 000-9077,(200) 000-9077
(100) 000-9078,(200) 000-9078
(100) 000-9079,(200) 000-9079
(100) 000-9080,(200) 000-9080
(100) 000-9081,(200) 000-9081
(100) 000-9082,(200) 000-9082
(100) 000-9083,(200) 000-9083
(100) 000-9084,(200) 000-9084
(100) 000-9085,(200) 000-9085
(100) 000-9086,(200) 000-9086
(100) 000-9087,(200) 000-9087
(100) 000-9088,(200) 000-9088
(100) 000-9089,(200) 000-9089
(100) 000-9090,(200) 000-9090
(100) 000-9091,(200) 000-9091
(100) 000-9092,(200) 000-9092
(100) 000-9093,(200) 000-9093
(100) 000-9094,(200) 000-9094
(100) 000-9095,(200) 000-9095
(100) 000-9096,(200) 000-9096
(100) 000-9097,(200) 000-9097
(100) 000-9098,(200) 000-9098
(100) 000-9099,(200) 000-9099
(100) 000-9100,(200) 000-9100
(100) 000-9101,(200) 000-9101
(100) 000-9102,(200) 000-9102
(100) 000-9103,(200) 000-9103
(100) 000-9104,(200) 000-9104
(100) 000-9105,(200) 000-9105
(100) 000-9106,(200) 000-9106
(100) 000-9107,(200) 000-9107
(100) 000-9108,(200) 000-9108
(100) 000-9109,(200) 000-9109
(100) 000-9110,(200) 000-9110
(100) 000-9111,(200) 000-9111
(100) 000-9112,(200) 000-9112
(100) 000-9113,(200) 000-9113
(100) 000-9114,(200) 000-9114
(100) 000-9115,(200) 000-9115
(100) 000-9116,(200) 000-9116
(100) 000-9117,(200) 000-9117
(100) 000-9118,(200) 000-9118
(100) 000-9119,(200) 000-9119
(100) 000-9120,(200) 000-9120
(100) 000-9121,(200) 000-9121
(100) 000-9122,(200) 000-9122
(100) 000-9123,(200) 000-9123
(100) 000-9124,(200) 000-9124
(100) 000-9125,(200) 000-9125
(100) 000-9126,(200) 000-9126
(100) 000-9127,(200) 000-9127
(100) 000-9128,(200) 000-9128
(100) 000-9129,(200) 000-9129
(100) 000-9130,(200) 000-9130
(100) 000-9131,(200) 000-9131
(100) 000-9132,(200) 000-9132
(100) 000-9133,(200) 000-9133
(100) 000-9134,(200) 000-9134
(100) 000-9135,(200) 000-9135
(100) 000-9136,(200) 000-9136
(100) 000-9137,(200) 000-9137
(100) 000-9138,(200) 000-9138
(100) 000-9139,(200) 000-9139
(100) 000-9140,(200) 000-9140
(100) 000-9141,(200) 000-9141
(100) 000-9142,(200) 000-9142
(100) 000-9143,(200) 000-9143
(100) 000-9144,(200) 000-9144
(100) 000-9145,(200) 000-9145
(100) 000-9146,(200) 000-9146
(100) 000-9147,(200) 000-9147
(100) 000-9148,(200) 000-9148
(100) 000-9149,(200) 000-9149
(100) 000-9150,(200) 000-9150
(100) 000-9151,(200) 000-9151
(100) 000-9152,(200) 000-9152
(100) 000-9153,(200) 000-9153
(100) 000-9154,(200) 000-9154
(100) 000-9155,(200) 000-9155
(100) 000-9156,(200) 000-9156
(100) 000-9157,(200) 000-9157
(100) 000-9158,(200) 000-9158
(100) 000-9159,(200) 000-9159
(100) 000-9160,(200) 000-9160
(100) 000-9161,(200) 000-9161
(100) 000-9162,(200) 000-9162
(100) 000-9163,(200) 000-9163
(100) 000-9164,(200) 000-9164
(100) 000-9165,(200) 000-9165
(100) 000-9166,(200) 000-9166
(100) 000-9167,(200) 000-9167
(100) 000-9168,(200) 000-9168
(100) 000-9169,(200) 000-9169
(100) 000-9170,(200) 000-9170
(100) 000-9171,(200) 000-9171
(100) 000-9172,(200) 000-9172
(100) 000-9173,(200) 000-9173
(100) 000-9174,(200) 000-9174
(100) 000-9175,(200) 000-9175
(100) 000-9176,(200) 000-9176
(100) 000-9177,(200) 000-9177
(100) 000-9178,(200) 000-9178
(100) 000-9179,(200) 000-9179
(100) 000-9180,(200) 000-9180
(100) 000-9181,(200) 000-9181
(100) 000-9182,(200) 000-9182
(100) 000-9183,(200) 000-9183
(100) 000-9184,(200) 000-9184
(100) 000-9185,(200) 000-9185
(100) 000-9186,(200) 000-9186
(100) 000-9187,(200) 000-9187
(100) 000-9188,(200) 000-9188
(100) 000-9189,(200) 000-9189
(100) 000-9190,(200) 000-9190
(100) 000-9191,(200) 000-9191
(100) 000-9192,(200) 000-9192
(100) 000-9193,(200) 000-9193
(100) 000-9194,(200) 000-9194
(100) 000-9195,(200) 000-9195
(100) 000-9196,(200) 000-9196
(100) 000-9197,(200) 000-9197
(100) 000-9198,(200) 000-9198
(100) 000-9199,(200) 000-9199
(100) 000-9200,(200) 000-9200
(100) 000-9201,(200) 000-9201
(100) 000-9202,(200) 000-9202
(100) 000-9203,(200) 000-9203
(100) 000-9204,(200) 000-9204
(100) 000-9205,(200) 000-9205
(100) 000-9206,(200) 000-9206
(100) 000-9207,(200) 000-9207
(100) 000-9208,(200) 000-9208
(100) 000-9209,(200) 000-9209
(100) 000-9210,(200) 000-9210
(100) 000-9211,(200) 000-9211
(100) 000-9212,(200) 000-9212
(100) 000-9213,(200) 000-9213
(100) 000-9214,(200) 000-9214
(100) 000-9215,(200) 000-9215
(100) 000-9216,(200) 000-9216
(100) 000-9217,(200) 000-9217
(100) 000-9218,(200) 000-9218
(100) 000-9219,(200) 000-9219
(100) 000-9220,(200) 000-9220
(100) 000-9221,(200) 000-9221
(100) 000-9222,(200) 000-9222
(100) 000-9223,(200) 000-9223
(100) 000-9224,(200) 000-9224
(100) 000-9225,(200) 000-9225
(100) 000-9226,(200) 000-9226
(100) 000-9227,(200) 000-9227
(100) 000-9228,(200) 000-9228
(100) 000-9229,(200) 000-9229
(100) 000-9230,(200) 000-9230
(100) 000-9231,(200) 000-9231
(100) 000-9232,(200) 000-9232
(100) 000-9233,(200) 000-9233
(100) 000-9234,(200) 000-9234
(100) 000-9235,(200) 000-9235
(100) 000-9236,(200) 000-9236
(100) 000-9237,(200) 000-9237
(100) 000-9238,(200) 000-9238
(100) 000-9239,(200) 000-9239
(100) 000-9240,(200) 000-9240
(100) 000-9241,(200) 000-9241
(100) 000-9242,(200) 000-9242
(100) 000-9243,(200) 000-9243
(100) 000-9244,(200) 000-9244
(100) 000-9245,(200) 000-9245
(100) 000-9246,(200) 000-9246
(100) 000-9247,(200) 000-9247
(100) 000-9248,(200) 000-9248
(100) 000-9249,(200) 000-9249
(100) 000-9250,(200) 000-9250
(100) 000-9251,(200) 000-9251
(100) 000-9252,(200) 000-9252
(100) 000-9253,(200) 000-9253
(100) 000-9254,(200) 000-9254
(100) 000-9255,(200) 000-9255
(100) 000-9256,(200) 000-9256
(100) 000-9257,(200) 000-9257
(100) 000-9258,(200) 000-9258
(100) 000-9259,(200) 000-9259
(100) 000-9260,(200) 000-9260
(100) 000-9261,(200) 000-9261
(100) 000-9262,(200) 000-9262
(100) 000-9263,(200) 000-9263
(100) 000-9264,(200) 000-9264
(100) 000-9265,(200) 000-9265
(100) 000-9266,(200) 000-9266
(100) 000-9267,(200) 000-9267
(100) 000-9268,(200) 000-9268
(100) 000-9269,(200) 000-9269
(100) 000-9270,(200) 000-9270
(100) 000-9271,(200) 000-9271
(100) 000-9272,(200) 000-9272
(100) 000-9273,(200) 000-9273
(100) 000-9274,(200) 000-9274
(100) 000-9275,(200) 000-9275
(100) 000-9276,(200) 000-9276
(100) 000-9277,(200) 000-9277
(100) 000-9278,(200) 000-9278
(100) 000-9279,(200) 000-9279
(100) 000-9280,(200) 000-9280
(100) 000-9281,(200) 000-9281
(100) 000-9282,(200) 000-9282
(100) 000-9283,(200) 000-9283
(100) 000-9284,(200) 000-9284
(100) 000-9285,(200) 000-9285
(100) 000-9286,(200) 000-9286
(100) 000-9287,(200) 000-9287
(100) 000-9288,(200) 000-9288
(100) 000-9289,(200) 000-9289
(100) 000-9290,(200) 000-9290
(100) 000-9291,(200) 000-9291
(100) 000-9292,(200) 000-9292
(100) 000-9293,(200) 000-9293
(100) 000-9294,(200) 000-9294
(100) 000-9295,(200) 000-9295
(100) 000-9296,(200) 000-9296
(100) 000-9297,(200) 000-9297
(100) 000-9298,(200) 000-9298
(100) 000-9299,(200) 000-9299
(100) 000-9300,(200) 000-9300
(100) 000-9301,(200) 000-9301
(100) 000-9302,(200) 000-9302
(100) 000-9303,(200) 000-9303
(100) 000-9304,(200) 000-9304
(100) 000-9305,(200) 000-9305
(100) 000-9306,(200) 000-9306
(100) 000-9307,(200) 000-9307
(100) 000-9308,(200) 000-9308
(100) 000-9309,(200) 000-9309
(100) 000-9310,(200) 000-9310
(100) 000-9311,(200) 000-9311
(100) 000-9312,(200) 000-9312
(100) 000-9313,(200) 000-9313
(100) 000-9314,(200) 000-9314
(100) 000-9315,(200) 000-9315
(100) 000-9316,(200) 000-9316
(100) 000-9317,(200) 000-9317
(100) 000-9318,(200) 000-9318
(100) 000-9319,(200) 000-9319
(100) 000-9320,(200) 000-9320
(100) 000-9321,(200) 000-9321
(100) 000-9322,(200) 000-9322
(100) 000-9323,(200) 000-9323
(100) 000-9324,(200) 000-9324
(100) 000-9325,(200) 000-9325
(100) 000-9326,(200) 000-9326
(100) 000-9327,(200) 000-9327
(100) 000-9328,(200) 000-9328
(100) 000-9329,(200) 000-9329
(100) 000-9330,(200) 000-9330
(100) 000-9331,(200) 000-9331
(100) 000-9332,(200) 000-9332
(100) 000-9333,(200) 000-9333
(100) 000-9334,(200) 000-9334
(100) 000-9335,(200) 000-9335
(100) 000-9336,(200) 000-9336
(100) 000-9337,(200) 000-9337
(100) 000-9338,(200) 000-9338
(100) 000-9339,(200) 000-9339
(100) 000-9340,(200) 000-9340
(100) 000-9341,(200) 000-9341
(100) 000-9342,(200) 000-9342
(100) 000-9343,(200) 000-9343
(100) 000-9344,(200) 000-9344
(100) 000-9345,(200) 000-9345
(100) 000-9346,(200) 000-9346
(100) 000-9347,(200) 000-9347
(100) 000-9348,(200) 000-9348
(100) 000-9349,(200) 000-9349
(100) 000-9350,(200) 000-9350
(100) 000-9351,(200) 000-9351
(100) 000-9352,(200) 000-9352
(100) 000-9353,(200) 000-9353
(100) 000-9354,(200) 000-9354
(100) 000-9355,(200) 000-9355
(100) 000-9356,(200) 000-9356
(100) 000-9357,(200) 000-9357
(100) 000-9358,(200) 000-9358
(100) 000-9359,(200) 000-9359
(100) 000-9360,(200) 000-9360
(100) 000-9361,(200) 000-9361
(100) 000-9362,(200) 000-9362
(100) 000-9363,(200) 000-9363
(100) 000-9364,(200) 000-9364
(100) 000-9365,(200) 000-9365
(100) 000-9366,(200) 000-9366
(100) 000-9367,(200) 000-9367
(100) 000-9368,(200) 000-9368
(100) 000-9369,(200) 000-9369
(100) 000-9370,(200) 000-9370
(100) 000-9371,(200) 000-9371
(100) 000-9372,(200) 000-9372
(100) 000-9373,(200) 000-9373
(100) 000-9374,(200) 000-9374
(100) 000-9375,(200) 000-9375
(100) 000-9376,(200) 000-9376
(100) 000-9377,(200) 000-9377
(100) 000-9378,(200) 000-9378
(100) 000-9379,(200) 000-9379
(100) 000-9380,(200) 000-9380
(100) 000-9381,(200) 000-9381
(100) 000-9382,(200) 000-9382
(100) 000-9383,(200) 000-9383
(100) 000-9384,(200) 000-9384
(100) 000-9385,(200) 000-9385
(100) 000-9386,(200) 000-9386
(100) 000-9387,(200) 000-9387
(100) 000-9388,(200) 000-9388
(100) 000-9389,(200) 000-9389
(100) 000-9390,(200) 000-9390
(100) 000-9391,(200) 000-9391
(100) 000-9392,(200) 000-9392
(100) 000-9393,(200) 000-9393
(100) 000-9394,(200) 000-9394
(100) 000-9395,(200) 000-9395
(100) 000-9396,(200) 000-9396
(100) 000-9397,(200) 000-9397
(100) 000-9398,(200) 000-9398
(100) 000-9399,(200) 000-9399
(100) 000-9400,(200) 000-9400
(100) 000-9401,(200) 000-9401
(100) 000-9402,(200) 000-9402
(100) 000-9403,(200) 000-9403
(100) 000-9404,(200) 000-9404
(100) 000-9405,(200) 000-9405
(100) 000-9406,(200) 000-9406
(100) 000-9407,(200) 000-9407
(100) 000-9408,(200) 000-9408
(100) 000-9409,(200) 000-9409
(100) 000-9410,(200) 000-9410
(100) 000-9411,(200) 000-9411
(100) 000-9412,(200) 000-9412
(100) 000-9413,(200) 000-9413
(100) 000-9414,(200) 000-9414
(100) 000-9415,(200) 000-9415
(100) 000-9416,(200) 000-9416
(100) 000-9417,(200) 000-9417
(100) 000-9418,(200) 000-9418
(100) 000-9419,(200) 000-9419
(100) 000-9420,(200) 000-9420
(100) 000-9421,(200) 000-9421
(100) 000-9422,(200) 000-9422
(100) 000-9423,(200) 000-9423
(100) 000-9424,(200) 000-9424
(100) 000-9425,(200) 000-9425
(100) 000-9426,(200) 000-9426
(100) 000-9427,(200) 000-9427
(100) 000-9428,(200) 000-9428
(100) 000-9429,(200) 000-9429
(100) 000-9430,(200) 000-9430
(100) 000-9431,(200) 000-9431
(100) 000-9432,(200) 000-9432
(100) 000-9433,(200) 000-9433
(100) 000-9434,(200) 000-9434
(100) 000-9435,(200) 000-9435
(100) 000-9436,(200) 000-9436
(100) 000-9437,(200) 000-9437
(100) 000-9438,(200) 000-9438
(100) 000-9439,(200) 000-9439
(100) 000-9440,(200) 000-9440
(100) 000-9441,(200) 000-9441
(100) 000-9442,(200) 000-9442
(100) 000-9443,(200) 000-9443
(100) 000-9444,(200) 000-9444
(100) 000-9445,(200) 000-9445
(100) 000-9446,(200) 000-9446
(100) 000-9447,(200) 000-9447
(100) 000-9448,(200) 000-9448
(100) 000-9449,(200) 000-9449
(100) 000-9450,(200) 000-9450
(100) 000-9451,(200) 000-9451
(100) 000-9452,(200) 000-9452
(100) 000-9453,(200) 000-9453
(100) 000-9454,(200) 000-9454
(100) 000-9455,(200) 000-9455
(100) 000-9456,(200) 000-9456
(100) 000-9457,(200) 000-9457
(100) 000-9458,(200) 000-9458
(100) 000-9459,(200) 000-9459
(100) 000-9460,(200) 000-9460
(100) 000-9461,(200) 000-9461
(100) 000-9462,(200) 000-9462
(100) 000-9463,(200) 000-9463
(100) 000-9464,(200) 000-9464
(100) 000-9465,(200) 000-9465
(100) 000-9466,(200) 000-9466
(100) 000-9467,(200) 000-9467
(100) 000-9468,(200) 000-9468
(100) 000-9469,(200) 000-9469
(100) 000-9470,(200) 000-9470
(100) 000-9471,(200) 000-9471
(100) 000-9472,(200) 000-9472
(100) 000-9473,(200) 000-9473
(100) 000-9474,(200) 000-9474
(100) 000-9475,(200) 000-9475
(100) 000-9476,(200) 000-9476
(100) 000-9477,(200) 000-9477
(100) 000-9478,(200) 000-9478
(100) 000-9479,(200) 000-9479
(100) 000-9480,(200) 000-9480
(100) 000-9481,(200) 000-9481
(100) 000-9482,(200) 000-9482
(100) 000-9483,(200) 000-9483
(100) 000-9484,(200) 000-9484
(100) 000-9485,(200) 000-9485
(100) 000-9486,(200) 000-9486
(100) 000-9487,(200) 000-9487
(100) 000-9488,(200) 000-9488
(100) 000-9489,(200) 000-9489
(100) 000-9490,(200) 000-9490
(100) 000-9491,(200) 000-9491
(100) 000-9492,(200) 000-9492
(100) 000-9493,(200) 000-9493
(100) 000-9494,(200) 000-9494
(100) 000-9495,(200) 000-9495
(100) 000-9496,(200) 000-9496
(100) 000-9497,(200) 000-9497
(100) 000-9498,(200) 000-9498
(100) 000-9499,(200) 000-9499
(100) 000-9500,(200) 000-9500
(100) 000-9501,(200) 000-9501
(100) 000-9502,(200) 000-9502
(100) 000-9503,(200) 000-9503
(100) 000-9504,(200) 000-9504
(100) 000-9505,(200) 000-9505
(100) 000-9506,(200) 000-9506
(100) 000-9507,(200) 000-9507
(100) 000-9508,(200) 000-9508
(100) 000-9509,(200) 000-9509
(100) 000-9510,(200) 000-9510
(100) 000-9511,(200) 000-9511
(100) 000-9512,(200) 000-9512
(100) 000-9513,(200) 000-9513
(100) 000-9514,(200) 000-9514
(100) 000-9515,(200) 000-9515
(100) 000-9516,(200) 000-9516
(100) 000-9517,(200) 000-9517
(100) 000-9518,(200) 000-9518
(100) 000-9519,(200) 000-9519
(100) 000-9520,(200) 000-9520
(100) 000-9521,(200) 000-9521
(100) 000-9522,(200) 000-9522
(100) 000-9523,(200) 000-9523
(100) 000-9524,(200) 000-9524
(100) 000-9525,(200) 000-9525
(100) 000-9526,(200) 000-9526
(100) 000-9527,(200) 000-9527
(100) 000-9528,(200) 000-9528
(100) 000-9529,(200) 000-9529
(100) 000-9530,(200) 000-9530
(100) 000-9531,(200) 000-9531
(100) 000-9532,(200) 000-9532
(100) 000-9533,(200) 000-9533
(100) 000-9534,(200) 000-9534
(100) 000-9535,(200) 000-9535
(100) 000-9536,(200) 000-9536
(100) 000-9537,(200) 000-9537
(100) 000-9538,(200) 000-9538
(100) 000-9539,(200) 000-9539
(100) 000-9540,(200) 000-9540
(100) 000-9541,(200) 000-9541
(100) 000-9542,(200) 000-9542
(100) 000-9543,(200) 000-9543
(100) 000-9544,(200) 000-9544
(100) 000-9545,(200) 000-9545
(100) 000-9546,(200) 000-9546
(100) 000-9547,(200) 000-9547
(100) 000-9548,(200) 000-9548
(100) 000-9549,(200) 000-9549
(100) 000-9550,(200) 000-9550
(100) 000-9551,(200) 000-9551
(100) 000-9552,(200) 000-9552
(100) 000-9553,(200) 000-9553
(100) 000-9554,(200) 000-9554
(100) 000-9555,(200) 000-9555
(100) 000-9556,(200) 000-9556
(100) 000-9557,(200) 000-9557
(100) 000-9558,(200) 000-9558
(100) 000-9559,(200) 000-9559
(100) 000-9560,(200) 000-9560
(100) 000-9561,(200) 000-9561
(100) 000-9562,(200) 000-9562
(100) 000-9563,(200) 000-9563
(100) 000-9564,(200) 000-9564
(100) 000-9565,(200) 000-9565
(100) 000-9566,(200) 000-9566
(100) 000-9567,(200) 000-9567
(100) 000-9568,(200) 000-9568
(100) 000-9569,(200) 000-9569
(100) 000-9570,(200) 000-9570
(100) 000-9571,(200) 000-9571
(100) 000-9572,(200) 000-9572
(100) 000-9573,(200) 000-9573
(100) 000-9574,(200) 000-9574
(100) 000-9575,(200) 000-9575
(100) 000-9576,(200) 000-9576
(100) 000-9577,(200) 000-9577
(100) 000-9578,(200) 000-9578
(100) 000-9579,(200) 000-9579
(100) 000-9580,(200) 000-9580
(100) 000-9581,(200) 000-9581
(100) 000-9582,(200) 000-9582
(100) 000-9583,(200) 000-9583
(100) 000-9584,(200) 000-9584
(100) 000-9585,(200) 000-9585
(100) 000-9586,(200) 000-9586
(100) 000-9587,(200) 000-9587
(100) 000-9588,(200) 000-9588
(100) 000-9589,(200) 000-9589
(100) 000-9590,(200) 000-9590
(100) 000-9591,(200) 000-9591
(100) 000-9592,(200) 000-9592
(100) 000-9593,(200) 000-9593
(100) 000-9594,(200) 000-9594
(100) 000-9595,(200) 000-9595
(100) 000-9596,(200) 000-9596
(100) 000-9597,(200) 000-9597
(100) 000-9598,(200) 000-9598
(100) 000-9599,(200) 000-9599
(100) 000-9600,(200) 000-9600
(100) 000-9601,(200) 000-9601
(100) 000-9602,(200) 000-9602
(100) 000-9603,(200) 000-9603
(100) 000-9604,(200) 000-9604
(100) 000-9605,(200) 000-9605
(100) 000-9606,(200) 000-9606
(100) 000-9607,(200) 000-9607
(100) 000-9608,(200) 000-9608
(100) 000-9609,(200) 000-9609
(100) 000-9610,(200) 000-9610
(100) 000-9611,(200) 000-9611
(100) 000-9612,(200) 000-9612
(100) 000-9613,(200) 000-9613
(100) 000-9614,(200) 000-9614
(100) 000-9615,(200) 000-9615
(100) 000-9616,(200) 000-9616
(100) 000-9617,(200) 000-9617
(100) 000-9618,(200) 000-9618
(100) 000-9619,(200) 000-9619
(100) 000-9620,(200) 000-9620
(100) 000-9621,(200) 000-9621
(100) 000-9622,(200) 000-9622
(100) 000-9623,(200) 000-9623
(100) 000-9624,(200) 000-9624
(100) 000-9625,(200) 000-9625
(100) 000-9626,(200) 000-9626
(100) 000-9627,(200) 000-9627
(100) 000-9628,(200) 000-9628
(100) 000-9629,(200) 000-9629
(100) 000-9630,(200) 000-9630
(100) 000-9631,(200) 000-9631
(100) 000-9632,(200) 000-9632
(100) 000-9633,(200) 000-9633
(100) 000-9634,(200) 000-9634
(100) 000-9635,(200) 000-9635
(100) 000-9636,(200) 000-9636
(100) 000-9637,(200) 000-9637
(100) 000-9638,(200) 000-9638
(100) 000-9639,(200) 000-9639
(100) 000-9640,(200) 000-9640
(100) 000-9641,(200) 000-9641
(100) 000-9642,(200) 000-9642
(100) 000-9643,(200) 000-9643
(100) 000-9644,(200) 000-9644
(100) 000-9645,(200) 000-9645
(100) 000-9646,(200) 000-9646
(100) 000-9647,(200) 000-9647
(100) 000-9648,(200) 000-9648
(100) 000-9649,(200) 000-9649
(100) 000-9650,(200) 000-9650
(100) 000-9651,(200) 000-9651
(100) 000-9652,(200) 000-9652
(100) 000-9653,(200) 000-9653
(100) 000-9654,(200) 000-9654
(100) 000-9655,(200) 000-9655
(100) 000-9656,(200) 000-9656
(100) 000-9657,(200) 000-9657
(100) 000-9658,(200) 000-9658
(100) 000-9659,(200) 000-9659
(100) 000-9660,(200) 000-9660
(100) 000-9661,(200) 000-9661
(100) 000-9662,(200) 000-9662
(100) 000-9663,(200) 000-9663
(100) 000-9664,(200) 000-9664
(100) 000-9665,(200) 000-9665
(100) 000-9666,(200) 000-9666
(100) 000-9667,(200) 000-9667
(100) 000-9668,(200) 000-9668
(100) 000-9669,(200) 000-9669
(100) 000-9670,(200) 000-9670
(100) 000-9671,(200) 000-9671
(100) 000-9672,(200) 000-9672
(100) 000-9673,(200) 000-9673
(100) 000-9674,(200) 000-9674
(100) 000-9675,(200) 000-9675
(100) 000-9676,(200) 000-9676
(100) 000-9677,(200) 000-9677
(100) 000-9678,(200) 000-9678
(100) 000-9679,(200) 000-9679
(100) 000-9680,(200) 000-9680
(100) 000-9681,(200) 000-9681
(100) 000-9682,(200) 000-9682
(100) 000-9683,(200) 000-9683
(100) 000-9684,(200) 000-9684
(100) 000-9685,(200) 000-9685
(100) 000-9686,(200) 000-9686
(100) 000-9687,(200) 000-9687
(100) 000-9688,(200) 000-9688
(100) 000-9689,(200) 000-9689
(100) 000-9690,(200) 000-9690
(100) 000-9691,(200) 000-9691
(100) 000-9692,(200) 000-9692
(100) 000-9693,(200) 000-9693
(100) 000-9694,(200) 000-9694
(100) 000-9695,(200) 000-9695
(100) 000-9696,(200) 000-9696
(100) 000-9697,(200) 000-9697
(100) 000-9698,(200) 000-9698
(100) 000-9699,(200) 000-9699
(100) 000-9700,(200) 000-9700
(100) 000-9701,(200) 000-9701
(100) 000-9702,(200) 000-9702
(100) 000-9703,(200) 000-9703
(100) 000-9704,(200) 000-9704
(100) 000-9705,(200) 000-9705
(100) 000-9706,(200) 000-9706
(100) 000-9707,(200) 000-9707
(100) 000-9708,(200) 000-9708
(100) 000-9709,(200) 000-9709
(100) 000-9710,(200) 000-9710
(100) 000-9711,(200) 000-9711
(100) 000-9712,(200) 000-9712
(100) 000-9713,(200) 000-9713
(100) 000-9714,(200) 000-9714
(100) 000-9715,(200) 000-9715
(100) 000-9716,(200) 000-9716
(100) 000-9717,(200) 000-9717
(100) 000-9718,(200) 000-9718
(100) 000-9719,(200) 000-9719
(100) 000-9720,(200) 000-9720
(100) 000-9721,(200) 000-9721
(100) 000-9722,(200) 000-9722
(100) 000-9723,(200) 000-9723
(100) 000-9724,(200) 000-9724
(100) 000-9725,(200) 000-9725
(100) 000-9726,(200) 000-9726
(100) 000-9727,(200) 000-9727
(100) 000-9728,(200) 000-9728
(100) 000-9729,(200) 000-9729
(100) 000-9730,(200) 000-9730
(100) 000-9731,(200) 000-9731
(100) 000-9732,(200) 000-9732
(100) 000-9733,(200) 000-9733
(100) 000-9734,(200) 000-9734
(100) 000-9735,(200) 000-9735
(100) 000-9736,(200) 000-9736
(100) 000-9737,(200) 000-9737
(100) 000-9738,(200) 000-9738
(100) 000-9739,(200) 000-9739
(100) 000-9740,(200) 000-9740
(100) 000-9741,(200) 000-9741
(100) 000-9742,(200) 000-9742
(100) 000-9743,(200) 000-9743
(100) 000-9744,(200) 000-9744
(100) 000-9745,(200) 000-9745
(100) 000-9746,(200) 000-9746
(100) 000-9747,(200) 000-9747
(100) 000-9748,(200) 000-9748
(100) 000-9749,(200) 000-9749
(100) 000-9750,(200) 000-9750
(100) 000-9751,(200) 000-9751
(100) 000-9752,(200) 000-9752
(100) 000-9753,(200) 000-9753
(100) 000-9754,(200) 000-9754
(100) 000-9755,(200) 000-9755
(100) 000-9756,(200) 000-9756
(100) 000-9757,(200) 000-9757
(100) 000-9758,(200) 000-9758
(100) 000-9759,(200) 000-9759
(100) 000-9760,(200) 000-9760
(100) 000-9761,(200) 000-9761
(100) 000-9762,(200) 000-9762
(100) 000-9763,(200) 000-9763
(100) 000-9764,(200) 000-9764
(100) 000-9765,(200) 000-9765
(100) 000-9766,(200) 000-9766
(100) 000-9767,(200) 000-9767
(100) 000-9768,(200) 000-9768
(100) 000-9769,(200) 000-9769
(100) 000-9770,(200) 000-9770
(100) 000-9771,(200) 000-9771
(100) 000-9772,(200) 000-9772
(100) 000-9773,(200) 000-9773
(100) 000-9774,(200) 000-9774
(100) 000-9775,(200) 000-9775
(100) 000-9776,(200) 000-9776
(100) 000-9777,(200) 000-9777
(100) 000-9778,(200) 000-9778
(100) 000-9779,(200) 000-9779
(100) 000-9780,(200) 000-9780
(100) 000-9781,(200) 000-9781
(100) 000-9782,(200) 000-9782
(100) 000-9783,(200) 000-9783
(100) 000-9784,(200) 000-9784
(100) 000-9785,(200) 000-9785
(100) 000-9786,(200) 000-9786
(100) 000-9787,(200) 000-9787
(100) 000-9788,(200) 000-9788
(100) 000-9789,(200) 000-9789
(100) 000-9790,(200) 000-9790
(100) 000-9791,(200) 000-9791
(100) 000-9792,(200) 000-9792
(100) 000-9793,(200) 000-9793
(100) 000-9794,(200) 000-9794
(100) 000-9795,(200) 000-9795
(100) 000-9796,(200) 000-9796
(100) 000-9797,(200) 000-9797
(100) 000-9798,(200) 000-9798
(100) 000-9799,(200) 000-9799
(100) 000-9800,(200) 000-9800
(100) 000-9801,(200) 000-9801
(100) 000-9802,(200) 000-9802
(100) 000-9803,(200) 000-9803
(100) 000-9804,(200) 000-9804
(100) 000-9805,(200) 000-9805
(100) 000-9806,(200) 000-9806
(100) 000-9807,(200) 000-9807
(100) 000-9808,(200) 000-9808
(100) 000-9809,(200) 000-9809
(100) 000-9810,(200) 000-9810
(100) 000-9811,(200) 000-9811
(100) 000-9812,(200) 000-9812
(100) 000-9813,(200) 000-9813
(100) 000-9814,(200) 000-9814
(100) 000-9815,(200) 000-9815
(100) 000-9816,(200) 000-9816
(100) 000-9817,(200) 000-9817
(100) 000-9818,(200) 000-9818
(100) 000-9819,(200) 000-9819
(100) 000-9820,(200) 000-9820
(100) 000-9821,(200) 000-9821
(100) 000-9822,(200) 000-9822
(100) 000-9823,(200) 000-9823
(100) 000-9824,(200) 000-9824
(100) 000-9825,(200) 000-9825
(100) 000-9826,(200) 000-9826
(100) 000-9827,(200) 000-9827
(100) 000-9828,(200) 000-9828
(100) 000-9829,(200) 000-9829
(100) 000-9830,(200) 000-9830
(100) 000-9831,(200) 000-9831
(100) 000-9832,(200) 000-9832
(100) 000-9833,(200) 000-9833
(100) 000-9834,(200) 000-9834
(100) 000-9835,(200) 000-9835
(100) 000-9836,(200) 000-9836
(100) 000-9837,(200) 000-9837
(100) 000-9838,(200) 000-9838
(100) 000-9839,(200) 000-9839
(100) 000-9840,(200) 000-9840
(100) 000-9841,(200) 000-9841
(100) 000-9842,(200) 000-9842
(100) 000-9843,(200) 000-9843
(100) 000-9844,(200) 000-9844
(100) 000-9845,(200) 000-9845
(100) 000-9846,(200) 000-9846
(100) 000-9847,(200) 000-9847
(100) 000-9848,(200) 000-9848
(100) 000-9849,(200) 000-9849
(100) 000-9850,(200) 000-9850
(100) 000-9851,(200) 000-9851
(100) 000-9852,(200) 000-9852
(100) 000-9853,(200) 000-9853
(100) 000-9854,(200) 000-9854
(100) 000-9855,(200) 000-9855
(100) 000-9856,(200) 000-9856
(100) 000-9857,(200) 000-9857
(100) 000-9858,(200) 000-9858
(100) 000-9859,(200) 000-9859
(100) 000-9860,(200) 000-9860
(100) 000-9861,(200) 000-9861
(100) 000-9862,(200) 000-9862
(100) 000-9863,(200) 000-9863
(100) 000-9864,(200) 000-9864
(100) 000-9865,(200) 000-9865
(100) 000-9866,(200) 000-9866
(100) 000-9867,(200) 000-9867
(100) 000-9868,(200) 000-9868
(100) 000-9869,(200) 000-9869
(100) 000-9870,(200) 000-9870
(100) 000-9871,(200) 000-9871
(100) 000-9872,(200) 000-9872
(100) 000-9873,(200) 000-9873
(100) 000-9874,(200) 000-9874
(100) 000-9875,(200) 000-9875
(100) 000-9876,(200) 000-9876
(100) 000-9877,(200) 000-9877
(100) 000-9878,(200) 000-9878
(100) 000-9879,(200) 000-9879
(100) 000-9880,(200) 000-9880
(100) 000-9881,(200) 000-9881
(100) 000-9882,(200) 000-9882
(100) 000-9883,(200) 000-9883
(100) 000-9884,(200) 000-9884
(100) 000-9885,(200) 000-9885
(100) 000-9886,(200) 000-9886
(100) 000-9887,(200) 000-9887
(100) 000-9888,(200) 000-9888
(100) 000-9889,(200) 000-9889
(100) 000-9890,(200) 000-9890
(100) 000-9891,(200) 000-9891
(100) 000-9892,(200) 000-9892
(100) 000-9893,(200) 000-9893
(100) 000-9894,(200) 000-9894
(100) 000-9895,(200) 000-9895
(100) 000-9896,(200) 000-9896
(100) 000-9897,(200) 000-9897
(100) 000-9898,(200) 000-9898
(100) 000-9899,(200) 000-9899
(100) 000-9900,(200) 000-9900
(100) 000-9901,(200) 000-9901
(100) 000-9902,(200) 000-9902
(100) 000-9903,(200) 000-9903
(100) 000-9904,(200) 000-9904
(100) 000-9905,(200) 000-9905
(100) 000-9906,(200) 000-9906
(100) 000-9907,(200) 000-9907
(100) 000-9908,(200) 000-9908
(100) 000-9909,(200) 000-9909
(100) 000-9910,(200) 000-9910
(100) 000-9911,(200) 000-9911
(100) 000-9912,(200) 000-9912
(100) 000-9913,(200) 000-9913
(100) 000-9914,(200) 000-9914
(100) 000-9915,(200) 000-9915
(100) 000-9916,(200) 000-9916
(100) 000-9917,(200) 000-9917
(100) 000-9918,(200) 000-9918
(100) 000-9919,(200) 000-9919
(100) 000-9920,(200) 000-9920
(100) 000-9921,(200) 000-9921
(100) 000-9922,(200) 000-9922
(100) 000-9923,(200) 000-9923
(100) 000-9924,(200) 000-9924
(100) 000-9925,(200) 000-9925
(100) 000-9926,(200) 000-9926
(100) 000-9927,(200) 000-9927
(100) 000-9928,(200) 000-9928
(100) 000-9929,(200) 000-9929
(100) 000-9930,(200) 000-9930
(100) 000-9931,(200) 000-9931
(100) 000-9932,(200) 000-9932
(100) 000-9933,(200) 000-9933
(100) 000-9934,(200) 000-9934
(100) 000-9935,(200) 000-9935
(100) 000-9936,(200) 000-9936
(100) 000-9937,(200) 000-9937
(100) 000-9938,(200) 000-9938
(100) 000-9939,(200) 000-9939
(100) 000-9940,(200) 000-9940
(100) 000-9941,(200) 000-9941
(100) 000-9942,(200) 000-9942
(100) 000-9943,(200) 000-9943
(100) 000-9944,(200) 000-9944
(100) 000-9945,(200) 000-9945
(100) 000-9946,(200) 000-9946
(100) 000-9947,(200) 000-9947
(100) 000-9948,(200) 000-9948
(100) 000-9949,(200) 000-9949
(100) 000-9950,(200) 000-9950
(100) 000-9951,(200) 000-9951
(100) 000-9952,(200) 000-9952
(100) 000-9953,(200) 000-9953
(100) 000-9954,(200) 000-9954
(100) 000-9955,(200) 000-9955
(100) 000-9956,(200) 000-9956
(100) 000-9957,(200) 000-9957
(100) 000-9958,(200) 000-9958
(100) 000-9959,(200) 000-9959
(100) 000-9960,(200) 000-9960
(100) 000-9961,(200) 000-9961
(100) 000-9962,(200) 000-9962
(100) 000-9963,(200) 000-9963
(100) 000-9964,(200) 000-9964
(100) 000-9965,(200) 000-9965
(100) 000-9966,(200) 000-9966
(100) 000-9967,(200) 000-9967
(100) 000-9968,(200) 000-9968
(100) 000-9969,(200) 000-9969
(100) 000-9970,(200) 000-9970
(100) 000-9971,(200) 000-9971
(100) 000-9972,(200) 000-9972
(100) 000-9973,(200) 000-9973
(100) 000-9974,(200) 000-9974
(100) 000-9975,(200) 000-9975
(100) 000-9976,(200) 000-9976
(100) 000-9977,(200) 000-9977
(100) 000-9978,(200) 000-9978
(100) 000-9979,(200) 000-9979
(100) 000-9980,(200) 000-9980
(100) 000-9981,(200) 000-9981
(100) 000-9982,(200) 000-9982
(100) 000-9983,(200) 000-9983
(100) 000-9984,(200) 000-9984
(100) 000-9985,(200) 000-9985
(100) 000-9986,(200) 000-9986
(100) 000-9987,(200) 000-9987
(100) 000-9988,(200) 000-9988
(100) 000-9989,(200) 000-9989
(100) 000-9990,(200) 000-9990
(100) 000-9991,(200) 000-9991
(100) 000-9992,(200) 000-9992
(100) 000-9993,(200) 000-9993
(100) 000-9994,(200) 000-9994
(100) 000-9995,(200) 000-9995
(100) 000-9996,(200) 000-9996
(100) 000-9997,(200) 000-9997
(100) 000-9998,(200) 000-9998
(100) 000-9999,(200) 000-9999
(100) 001-0000,(200) 001-0000
(100) 001-0001,(200) 001-0001
(100) 001-0002,(200) 001-0002
(100) 001-0003,(200) 001-0003
(100) 001-0004,(200) 001-0004
(100) 001-0005,(200) 001-0005
(100) 001-0006,(200) 001-0006
(100) 001-0007,(200) 001-0007
(100) 001-0008,(200) 001-0008
(100) 001-0009,(200) 001-0009
(100) 001-0010,(200) 001-0010
(100) 001-0011,(200) 001-0011
(100) 001-0012,(200) 001-0012
(100) 001-0013,(200) 001-0013
(100) 001-0014,(200) 001-0014
(100) 001-0015,(200) 001-0015
(100) 001-0016,(200) 001-0016
(100) 001-0017,(200) 001-0017
(100) 001-0018,(200) 001-0018
(100) 001-0019,(200) 001-0019
(100) 001-0020,(200) 001-0020
(100) 001-0021,(200) 001-0021
(100) 001-0022,(200) 001-0022
(100) 001-0023,(200) 001-0023
(100) 001-0024,(200) 001-0024
(100) 001-0025,(200) 001-0025
(100) 001-0026,(200) 001-0026
(100) 001-0027,(200) 001-0027
(100) 001-0028,(200) 001-0028
(100) 001-0029,(200) 001-0029
(100) 001-0030,(200) 001-0030
(100) 001-0031,(200) 001-0031
(100) 001-0032,(200) 001-0032
(100) 001-0033,(200) 001-0033
(100) 001-0034,(200) 001-0034
(100) 001-0035,(200) 001-0035
(100) 001-0036,(200) 001-0036
(100) 001-0037,(200) 001-0037
(100) 001-0038,(200) 001-0038
(100) 001-0039,(200) 001-0039
(100) 001-0040,(200) 001-0040
(100) 001-0041,(200) 001-0041
(100) 001-0042,(200) 001-0042
(100) 001-0043,(200) 001-0043
(100) 001-0044,(200) 001-0044
(100) 001-0045,(200) 001-0045
(100) 001-0046,(200) 001-0046
(100) 001-0047,(200) 001-0047
(100) 001-0048,(200) 001-0048
(100) 001-0049,(200) 001-0049
(100) 001-0050,(200) 001-0050
(100) 001-0051,(200) 001-0051
(100) 001-0052,(200) 001-0052
(100) 001-0053,(200) 001-0053
(100) 001-0054,(200) 001-0054
(100) 001-0055,(200) 001-0055
(100) 001-0056,(200) 001-0056
(100) 001-0057,(200) 001-0057
(100) 001-0058,(200) 001-0058
(100) 001-0059,(200) 001-0059
(100) 001-0060,(200) 001-0060
(100) 001-0061,(200) 001-0061
(100) 001-0062,(200) 001-0062
(100) 001-0063,(200) 001-0063
(100) 001-0064,(200) 001-0064
(100) 001-0065,(200) 001-0065
(100) 001-0066,(200) 001-0066
(100) 001-0067,(200) 001-0067
(100) 001-0068,(200) 001-0068
(100) 001-0069,(200) 001-0069
(100) 001-0070,(200) 001-0070
(100) 001-0071,(200) 001-0071
(100) 001-0072,(200) 001-0072
(100) 001-0073,(200) 001-0073
(100) 001-0074,(200) 001-0074
(100) 001-0075,(200) 001-0075
(100) 001-0076,(200) 001-0076
(100) 001-0077,(200) 001-0077
(100) 001-0078,(200) 001-0078
(100) 001-0079,(200) 001-0079
(100) 001-0080,(200) 001-0080
(100) 001-0081,(200) 001-0081
(100) 001-0082,(200) 001-0082
(100) 001-0083,(200) 001-0083
(100) 001-0084,(200) 001-0084
(100) 001-0085,(200) 001-0085
(100) 001-0086,(200) 001-0086
(100) 001-0087,(200) 001-0087
(100) 001-0088,(200) 001-0088
(100) 001-0089,(200) 001-0089
(100) 001-0090,(200) 001-0090
(100) 001-0091,(200) 001-0091
(100) 001-0092,(200) 001-0092
(100) 001-0093,(200) 001-0093
(100) 001-0094,(200) 001-0094
(100) 001-0095,(200) 001-0095
(100) 001-0096,(200) 001-0096
(100) 001-0097,(200) 001-0097
(100) 001-0098,(200) 001-0098
(100) 001-0099,(200) 001-0099
(100) 001-0100,(200) 001-0100
(100) 001-0101,(200) 001-0101
(100) 001-0102,(200) 001-0102
(100) 001-0103,(200) 001-0103
(100) 001-0104,(200) 001-0104
(100) 001-0105,(200) 001-0105
(100) 001-0106,(200) 001-0106
(100) 001-0107,(200) 001-0107
(100) 001-0108,(200) 001-0108
(100) 001-0109,(200) 001-0109
(100) 001-0110,(200) 001-0110
(100) 001-0111,(200) 001-0111
(100) 001-0112,(200) 001-0112
(100) 001-0113,(200) 001-0113
(100) 001-0114,(200) 001-0114
(100) 001-0115,(200) 001-0115
(100) 001-0116,(200) 001-0116
(100) 001-0117,(200) 001-0117
(100) 001-0118,(200) 001-0118
(100) 001-0119,(200) 001-0119
(100) 001-0120,(200) 001-0120
(100) 001-0121,(200) 001-0121
(100) 001-0122,(200) 001-0122
(100) 001-0123,(200) 001-0123
(100) 001-0124,(200) 001-0124
(100) 001-0125,(200) 001-0125
(100) 001-0126,(200) 001-0126
(100) 001-0127,(200) 001-0127
(100) 001-0128,(200) 001-0128
(100) 001-0129,(200) 001-0129
(100) 001-0130,(200) 001-0130
(100) 001-0131,(200) 001-0131
(100) 001-0132,(200) 001-0132
(100) 001-0133,(200) 001-0133
(100) 001-0134,(200) 001-0134
(100) 001-0135,(200) 001-0135
(100) 001-0136,(200) 001-0136
(100) 001-0137,(200) 001-0137
(100) 001-0138,(200) 001-0138
(100) 001-0139,(200) 001-0139
(100) 001-0140,(200) 001-0140
(100) 001-0141,(200) 001-0141
(100) 001-0142,(200) 001-0142
(100) 001-0143,(200) 001-0143
(100) 001-0144,(200) 001-0144
(100) 001-0145,(200) 001-0145
(100) 001-0146,(200) 001-0146
(100) 001-0147,(200) 001-0147
(100) 001-0148,(200) 001-0148
(100) 001-0149,(200) 001-0149
(100) 001-0150,(200) 001-0150
(100) 001-0151,(200) 001-0151
(100) 001-0152,(200) 001-0152
(100) 001-0153,(200) 001-0153
(100) 001-0154,(200) 001-0154
(100) 001-0155,(200) 001-0155
(100) 001-0156,(200) 001-0156
(100) 001-0157,(200) 001-0157
(100) 001-0158,(200) 001-0158
(100) 001-0159,(200) 001-0159
(100) 001-0160,(200) 001-0160
(100) 001-0161,(200) 001-0161
(100) 001-0162,(200) 001-0162
(100) 001-0163,(200) 001-0163
(100) 001-0164,(200) 001-0164
(100) 001-0165,(200) 001-0165
(100) 001-0166,(200) 001-0166
(100) 001-0167,(200) 001-0167
(100) 001-0168,(200) 001-0168
(100) 001-0169,(200) 001-0169
(100) 001-0170,(200) 001-0170
(100) 001-0171,(200) 001-0171
(100) 001-0172,(200) 001-0172
(100) 001-0173,(200) 001-0173
(100) 001-0174,(200) 001-0174
(100) 001-0175,(200) 001-0175
(100) 001-0176,(200) 001-0176
(100) 001-0177,(200) 001-0177
(100) 001-0178,(200) 001-0178
(100) 001-0179,(200) 001-0179
(100) 001-0180,(200) 001-0180
(100) 001-0181,(200) 001-0181
(100) 001-0182,(200) 001-0182
(100) 001-0183,(200) 001-0183
(100) 001-0184,(200) 001-0184
(100) 001-0185,(200) 001-0185
(100) 001-0186,(200) 001-0186
(100) 001-0187,(200) 001-0187
(100) 001-0188,(200) 001-0188
(100) 001-0189,(200) 001-0189
(100) 001-0190,(200) 001-0190
(100) 001-0191,(200) 001-0191
(100) 001-0192,(200) 001-0192
(100) 001-0193,(200) 001-0193
(100) 001-0194,(200) 001-0194
(100) 001-0195,(200) 001-0195
(100) 001-0196,(200) 001-0196
(100) 001-0197,(200) 001-0197
(100) 001-0198,(200) 001-0198
(100) 001-0199,(200) 001-0199
(100) 001-0200,(200) 001-0200
(100) 001-0201,(200) 001-0201
(100) 001-0202,(200) 001-0202
(100) 001-0203,(200) 001-0203
(100) 001-0204,(200) 001-0204
(100) 001-0205,(200) 001-0205
(100) 001-0206,(200) 001-0206
(100) 001-0207,(200) 001-0207
(100) 001-0208,(200) 001-0208
(100) 001-0209,(200) 001-0209
(100) 001-0210,(200) 001-0210
(100) 001-0211,(200) 001-0211
(100) 001-0212,(200) 001-0212
(100) 001-0213,(200) 001-0213
(100) 001-0214,(200) 001-0214
(100) 001-0215,(200) 001-0215
(100) 001-0216,(200) 001-0216
(100) 001-0217,(200) 001-0217
(100) 001-0218,(200) 001-0218
(100) 001-0219,(200) 001-0219
(100) 001-0220,(200) 001-0220
(100) 001-0221,(200) 001-0221
(100) 001-0222,(200) 001-0222
(100) 001-0223,(200) 001-0223
(100) 001-0224,(200) 001-0224
(100) 001-0225,(200) 001-0225
(100) 001-0226,(200) 001-0226
(100) 001-0227,(200) 001-0227
(100) 001-0228,(200) 001-0228
(100) 001-0229,(200) 001-0229
(100) 001-0230,(200) 001-0230
(100) 001-0231,(200) 001-0231
(100) 001-0232,(200) 001-0232
(100) 001-0233,(200) 001-0233
(100) 001-0234,(200) 001-0234
(100) 001-0235,(200) 001-0235
(100) 001-0236,(200) 001-0236
(100) 001-0237,(200) 001-0237
(100) 001-0238,(200) 001-0238
(100) 001-0239,(200) 001-0239
(100) 001-0240,(200) 001-0240
(100) 001-0241,(200) 001-0241
(100) 001-0242,(200) 001-0242
(100) 001-0243,(200) 001-0243
(100) 001-0244,(200) 001-0244
(100) 001-0245,(200) 001-0245
(100) 001-0246,(200) 001-0246
(100) 001-0247,(200) 001-0247
(100) 001-0248,(200) 001-0248
(100) 001-0249,(200) 001-0249
(100) 001-0250,(200) 001-0250
(100) 001-0251,(200) 001-0251
(100) 001-0252,(200) 001-0252
(100) 001-0253,(200) 001-0253
(100) 001-0254,(200) 001-0254
(100) 001-0255,(200) 001-0255
(100) 001-0256,(200) 001-0256
(100) 001-0257,(200) 001-0257
(100) 001-0258,(200) 001-0258
(100) 001-0259,(200) 001-0259
(100) 001-0260,(200) 001-0260
(100) 001-0261,(200) 001-0261
(100) 001-0262,(200) 001-0262
(100) 001-0263,(200) 001-0263
(100) 001-0264,(200) 001-0264
(100) 001-0265,(200) 001-0265
(100) 001-0266,(200) 001-0266
(100) 001-0267,(200) 001-0267
(100) 001-0268,(200) 001-0268
(100) 001-0269,(200) 001-0269
(100) 001-0270,(200) 001-0270
(100) 001-0271,(200) 001-0271
(100) 001-0272,(200) 001-0272
(100) 001-0273,(200) 001-0273
(100) 001-0274,(200) 001-0274
(100) 001-0275,(200) 001-0275
(100) 001-0276,(200) 001-0276
(100) 001-0277,(200) 001-0277
(100) 001-0278,(200) 001-0278
(100) 001-0279,(200) 001-0279
(100) 001-0280,(200) 001-0280
(100) 001-0281,(200) 001-0281
(100) 001-0282,(200) 001-0282
(100) 001-0283,(200) 001-0283
(100) 001-0284,(200) 001-0284
(100) 001-0285,(200) 001-0285
(100) 001-0286,(200) 001-0286
(100) 001-0287,(200) 001-0287
(100) 001-0288,(200) 001-0288
(100) 001-0289,(200) 001-0289
(100) 001-0290,(200) 001-0290
(100) 001-0291,(200) 001-0291
(100) 001-0292,(200) 001-0292
(100) 001-0293,(200) 001-0293
(100) 001-0294,(200) 001-0294
(100) 001-0295,(200) 001-0295
(100) 001-0296,(200) 001-0296
(100) 001-0297,(200) 001-0297
(100) 001-0298,(200) 001-0298
(100) 001-0299,(200) 001-0299
(100) 001-0300,(200) 001-0300
(100) 001-0301,(200) 001-0301
(100) 001-0302,(200) 001-0302
(100) 001-0303,(200) 001-0303
(100) 001-0304,(200) 001-0304
(100) 001-0305,(200) 001-0305
(100) 001-0306,(200) 001-0306
(100) 001-0307,(200) 001-0307
(100) 001-0308,(200) 001-0308
(100) 001-0309,(200) 001-0309
(100) 001-0310,(200) 001-0310
(100) 001-0311,(200) 001-0311
(100) 001-0312,(200) 001-0312
(100) 001-0313,(200) 001-0313
(100) 001-0314,(200) 001-0314
(100) 001-0315,(200) 001-0315
(100) 001-0316,(200) 001-0316
(100) 001-0317,(200) 001-0317
(100) 001-0318,(200) 001-0318
(100) 001-0319,(200) 001-0319
(100) 001-0320,(200) 001-0320
(100) 001-0321,(200) 001-0321
(100) 001-0322,(200) 001-0322
(100) 001-0323,(200) 001-0323
(100) 001-0324,(200) 001-0324
(100) 001-0325,(200) 001-0325
(100) 001-0326,(200) 001-0326
(100) 001-0327,(200) 001-0327
(100) 001-0328,(200) 001-0328
(100) 001-0329,(200) 001-0329
(100) 001-0330,(200) 001-0330
(100) 001-0331,(200) 001-0331
(100) 001-0332,(200) 001-0332
(100) 001-0333,(200) 001-0333
(100) 001-0334,(200) 001-0334
(100) 001-0335,(200) 001-0335
(100) 001-0336,(200) 001-0336
(100) 001-0337,(200) 001-0337
(100) 001-0338,(200) 001-0338
(100) 001-0339,(200) 001-0339
(100) 001-0340,(200) 001-0340
(100) 001-0341,(200) 001-0341
(100) 001-0342,(200) 001-0342
(100) 001-0343,(200) 001-0343
(100) 001-0344,(200) 001-0344
(100) 001-0345,(200) 001-0345
(100) 001-0346,(200) 001-0346
(100) 001-0347,(200) 001-0347
(100) 001-0348,(200) 001-0348
(100) 001-0349,(200) 001-0349
(100) 001-0350,(200) 001-0350
(100) 001-0351,(200) 001-0351
(100) 001-0352,(200) 001-0352
(100) 001-0353,(200) 001-0353
(100) 001-0354,(200) 001-0354
(100) 001-0355,(200) 001-0355
(100) 001-0356,(200) 001-0356
(100) 001-0357,(200) 001-0357
(100) 001-0358,(200) 001-0358
(100) 001-0359,(200) 001-0359
(100) 001-0360,(200) 001-0360
(100) 001-0361,(200) 001-0361
(100) 001-0362,(200) 001-0362
(100) 001-0363,(200) 001-0363
(100) 001-0364,(200) 001-0364
(100) 001-0365,(200) 001-0365
(100) 001-0366,(200) 001-0366
(100) 001-0367,(200) 001-0367
(100) 001-0368,(200) 001-0368
(100) 001-0369,(200) 001-0369
(100) 001-0370,(200) 001-0370
(100) 001-0371,(200) 001-0371
(100) 001-0372,(200) 001-0372
(100) 001-0373,(200) 001-0373
(100) 001-0374,(200) 001-0374
(100) 001-0375,(200) 001-0375
(100) 001-0376,(200) 001-0376
(100) 001-0377,(200) 001-0377
(100) 001-0378,(200) 001-0378
(100) 001-0379,(200) 001-0379
(100) 001-0380,(200) 001-0380
(100) 001-0381,(200) 001-0381
(100) 001-0382,(200) 001-0382
(100) 001-0383,(200) 001-0383
(100) 001-0384,(200) 001-0384
(100) 001-0385,(200) 001-0385
(100) 001-0386,(200) 001-0386
(100) 001-0387,(200) 001-0387
(100) 001-0388,(200) 001-0388
(100) 001-0389,(200) 001-0389
(100) 001-0390,(200) 001-0390
(100) 001-0391,(200) 001-0391
(100) 001-0392,(200) 001-0392
(100) 001-0393,(200) 001-0393
(100) 001-0394,(200) 001-0394
(100) 001-0395,(200) 001-0395
(100) 001-0396,(200) 001-0396
(100) 001-0397,(200) 001-0397
(100) 001-0398,(200) 001-0398
(100) 001-0399,(200) 001-0399
(100) 001-0400,(200) 001-0400
(100) 001-0401,(200) 001-0401
(100) 001-0402,(200) 001-0402
(100) 001-0403,(200) 001-0403
(100) 001-0404,(200) 001-0404
(100) 001-0405,(200) 001-0405
(100) 001-0406,(200) 001-0406
(100) 001-0407,(200) 001-0407
(100) 001-0408,(200) 001-0408
(100) 001-0409,(200) 001-0409
(100) 001-0410,(200) 001-0410
(100) 001-0411,(200) 001-0411
(100) 001-0412,(200) 001-0412
(100) 001-0413,(200) 001-0413
(100) 001-0414,(200) 001-0414
(100) 001-0415,(200) 001-0415
(100) 001-0416,(200) 001-0416
(100) 001-0417,(200) 001-0417
(100) 001-0418,(200) 001-0418
(100) 001-0419,(200) 001-0419
(100) 001-0420,(200) 001-0420
(100) 001-0421,(200) 001-0421
(100) 001-0422,(200) 001-0422
(100) 001-0423,(200) 001-0423
(100) 001-0424,(200) 001-0424
(100) 001-0425,(200) 001-0425
(100) 001-0426,(200) 001-0426
(100) 001-0427,(200) 001-0427
(100) 001-0428,(200) 001-0428
(100) 001-0429,(200) 001-0429
(100) 001-0430,(200) 001-0430
(100) 001-0431,(200) 001-0431
(100) 001-0432,(200) 001-0432
(100) 001-0433,(200) 001-0433
(100) 001-0434,(200) 001-0434
(100) 001-0435,(200) 001-0435
(100) 001-0436,(200) 001-0436
(100) 001-0437,(200) 001-0437
(100) 001-0438,(200) 001-0438
(100) 001-0439,(200) 001-0439
(100) 001-0440,(200) 001-0440
(100) 001-0441,(200) 001-0441
(100) 001-0442,(200) 001-0442
(100) 001-0443,(200) 001-0443
(100) 001-0444,(200) 001-0444
(100) 001-0445,(200) 001-0445
(100) 001-0446,(200) 001-0446
(100) 001-0447,(200) 001-0447
(100) 001-0448,(200) 001-0448
(100) 001-0449,(200) 001-0449
(100) 001-0450,(200) 001-0450
(100) 001-0451,(200) 001-0451
(100) 001-0452,(200) 001-0452
(100) 001-0453,(200) 001-0453
(100) 001-0454,(200) 001-0454
(100) 001-0455,(200) 001-0455
(100) 001-0456,(200) 001-0456
(100) 001-0457,(200) 001-0457
(100) 001-0458,(200) 001-0458
(100) 001-0459,(200) 001-0459
(100) 001-0460,(200) 001-0460
(100) 001-0461,(200) 001-0461
(100) 001-0462,(200) 001-0462
(100) 001-0463,(200) 001-0463
(100) 001-0464,(200) 001-0464
(100) 001-0465,(200) 001-0465
(100) 001-0466,(200) 001-0466
(100) 001-0467,(200) 001-0467
(100) 001-0468,(200) 001-0468
(100) 001-0469,(200) 001-0469
(100) 001-0470,(200) 001-0470
(100) 001-0471,(200) 001-0471
(100) 001-0472,(200) 001-0472
(100) 001-0473,(200) 001-0473
(100) 001-0474,(200) 001-0474
(100) 001-0475,(200) 001-0475
(100) 001-0476,(200) 001-0476
(100) 001-0477,(200) 001-0477
(100) 001-0478,(200) 001-0478
(100) 001-0479,(200) 001-0479
(100) 001-0480,(200) 001-0480
(100) 001-0481,(200) 001-0481
(100) 001-0482,(200) 001-0482
(100) 001-0483,(200) 001-0483
(100) 001-0484,(200) 001-0484
(100) 001-0485,(200) 001-0485
(100) 001-0486,(200) 001-0486
(100) 001-0487,(200) 001-0487
(100) 001-0488,(200) 001-0488
(100) 001-0489,(200) 001-0489
(100) 001-0490,(200) 001-0490
(100) 001-0491,(200) 001-0491
(100) 001-0492,(200) 001-0492
(100) 001-0493,(200) 001-0493
(100) 001-0494,(200) 001-0494
(100) 001-0495,(200) 001-0495
(100) 001-0496,(200) 001-0496
(100) 001-0497,(200) 001-0497
(100) 001-0498,(200) 001-0498
(100) 001-0499,(200) 001-0499
(100) 001-0500,(200) 001-0500
(100) 001-0501,(200) 001-0501
(100) 001-0502,(200) 001-0502
(100) 001-0503,(200) 001-0503
(100) 001-0504,(200) 001-0504
(100) 001-0505,(200) 001-0505
(100) 001-0506,(200) 001-0506
(100) 001-0507,(200) 001-0507
(100) 001-0508,(200) 001-0508
(100) 001-0509,(200) 001-0509
(100) 001-0510,(200) 001-0510
(100) 001-0511,(200) 001-0511
(100) 001-0512,(200) 001-0512
(100) 001-0513,(200) 001-0513
(100) 001-0514,(200) 001-0514
(100) 001-0515,(200) 001-0515
(100) 001-0516,(200) 001-0516
(100) 001-0517,(200) 001-0517
(100) 001-0518,(200) 001-0518
(100) 001-0519,(200) 001-0519
(100) 001-0520,(200) 001-0520
(100) 001-0521,(200) 001-0521
(100) 001-0522,(200) 001-0522
(100) 001-0523,(200) 001-0523
(100) 001-0524,(200) 001-0524
(100) 001-0525,(200) 001-0525
(100) 001-0526,(200) 001-0526
(100) 001-0527,(200) 001-0527
(100) 001-0528,(200) 001-0528
(100) 001-0529,(200) 001-0529
(100) 001-0530,(200) 001-0530
(100) 001-0531,(200) 001-0531
(100) 001-0532,(200) 001-0532
(100) 001-0533,(200) 001-0533
(100) 001-0534,(200) 001-0534
(100) 001-0535,(200) 001-0535
(100) 001-0536,(200) 001-0536
(100) 001-0537,(200) 001-0537
(100) 001-0538,(200) 001-0538
(100) 001-0539,(200) 001-0539
(100) 001-0540,(200) 001-0540
(100) 001-0541,(200) 001-0541
(100) 001-0542,(200) 001-0542
(100) 001-0543,(200) 001-0543
(100) 001-0544,(200) 001-0544
(100) 001-0545,(200) 001-0545
(100) 001-0546,(200) 001-0546
(100) 001-0547,(200) 001-0547
(100) 001-0548,(200) 001-0548
(100) 001-0549,(200) 001-0549
(100) 001-0550,(200) 001-0550
(100) 001-0551,(200) 001-0551
(100) 001-0552,(200) 001-0552
(100) 001-0553,(200) 001-0553
(100) 001-0554,(200) 001-0554
(100) 001-0555,(200) 001-0555
(100) 001-0556,(200) 001-0556
(100) 001-0557,(200) 001-0557
(100) 001-0558,(200) 001-0558
(100) 001-0559,(200) 001-0559
(100) 001-0560,(200) 001-0560
(100) 001-0561,(200) 001-0561
(100) 001-0562,(200) 001-0562
(100) 001-0563,(200) 001-0563
(100) 001-0564,(200) 001-0564
(100) 001-0565,(200) 001-0565
(100) 001-0566,(200) 001-0566
(100) 001-0567,(200) 001-0567
(100) 001-0568,(200) 001-0568
(100) 001-0569,(200) 001-0569
(100) 001-0570,(200) 001-0570
(100) 001-0571,(200) 001-0571
(100) 001-0572,(200) 001-0572
(100) 001-0573,(200) 001-0573
(100) 001-0574,(200) 001-0574
(100) 001-0575,(200) 001-0575
(100) 001-0576,(200) 001-0576
(100) 001-0577,(200) 001-0577
(100) 001-0578,(200) 001-0578
(100) 001-0579,(200) 001-0579
(100) 001-0580,(200) 001-0580
(100) 001-0581,(200) 001-0581
(100) 001-0582,(200) 001-0582
(100) 001-0583,(200) 001-0583
(100) 001-0584,(200) 001-0584
(100) 001-0585,(200) 001-0585
(100) 001-0586,(200) 001-0586
(100) 001-0587,(200) 001-0587
(100) 001-0588,(200) 001-0588
(100) 001-0589,(200) 001-0589
(100) 001-0590,(200) 001-0590
(100) 001-0591,(200) 001-0591
(100) 001-0592,(200) 001-0592
(100) 001-0593,(200) 001-0593
(100) 001-0594,(200) 001-0594
(100) 001-0595,(200) 001-0595
(100) 001-0596,(200) 001-0596
(100) 001-0597,(200) 001-0597
(100) 001-0598,(200) 001-0598
(100) 001-0599,(200) 001-0599
(100) 001-0600,(200) 001-0600
(100) 001-0601,(200) 001-0601
(100) 001-0602,(200) 001-0602
(100) 001-0603,(200) 001-0603
(100) 001-0604,(200) 001-0604
(100) 001-0605,(200) 001-0605
(100) 001-0606,(200) 001-0606
(100) 001-0607,(200) 001-0607
(100) 001-0608,(200) 001-0608
(100) 001-0609,(200) 001-0609
(100) 001-0610,(200) 001-0610
(100) 001-0611,(200) 001-0611
(100) 001-0612,(200) 001-0612
(100) 001-0613,(200) 001-0613
(100) 001-0614,(200) 001-0614
(100) 001-0615,(200) 001-0615
(100) 001-0616,(200) 001-0616
(100) 001-0617,(200) 001-0617
(100) 001-0618,(200) 001-0618
(100) 001-0619,(200) 001-0619
(100) 001-0620,(200) 001-0620
(100) 001-0621,(200) 001-0621
(100) 001-0622,(200) 001-0622
(100) 001-0623,(200) 001-0623
(100) 001-0624,(200) 001-0624
(100) 001-0625,(200) 001-0625
(100) 001-0626,(200) 001-0626
(100) 001-0627,(200) 001-0627
(100) 001-0628,(200) 001-0628
(100) 001-0629,(200) 001-0629
(100) 001-0630,(200) 001-0630
(100) 001-0631,(200) 001-0631
(100) 001-0632,(200) 001-0632
(100) 001-0633,(200) 001-0633
(100) 001-0634,(200) 001-0634
(100) 001-0635,(200) 001-0635
(100) 001-0636,(200) 001-0636
(100) 001-0637,(200) 001-0637
(100) 001-0638,(200) 001-0638
(100) 001-0639,(200) 001-0639
(100) 001-0640,(200) 001-0640
(100) 001-0641,(200) 001-0641
(100) 001-0642,(200) 001-0642
(100) 001-0643,(200) 001-0643
(100) 001-0644,(200) 001-0644
(100) 001-0645,(200) 001-0645
(100) 001-0646,(200) 001-0646
(100) 001-0647,(200) 001-0647
(100) 001-0648,(200) 001-0648
(100) 001-0649,(200) 001-0649
(100) 001-0650,(200) 001-0650
(100) 001-0651,(200) 001-0651
(100) 001-0652,(200) 001-0652
(100) 001-0653,(200) 001-0653
(100) 001-0654,(200) 001-0654
(100) 001-0655,(200) 001-0655
(100) 001-0656,(200) 001-0656
(100) 001-0657,(200) 001-0657
(100) 001-0658,(200) 001-0658
(100) 001-0659,(200) 001-0659
(100) 001-0660,(200) 001-0660
(100) 001-0661,(200) 001-0661
(100) 001-0662,(200) 001-0662
(100) 001-0663,(200) 001-0663
(100) 001-0664,(200) 001-0664
(100) 001-0665,(200) 001-0665
(100) 001-0666,(200) 001-0666
(100) 001-0667,(200) 001-0667
(100) 001-0668,(200) 001-0668
(100) 001-0669,(200) 001-0669
(100) 001-0670,(200) 001-0670
(100) 001-0671,(200) 001-0671
(100) 001-0672,(200) 001-0672
(100) 001-0673,(200) 001-0673
(100) 001-0674,(200) 001-0674
(100) 001-0675,(200) 001-0675
(100) 001-0676,(200) 001-0676
(100) 001-0677,(200) 001-0677
(100) 001-0678,(200) 001-0678
(100) 001-0679,(200) 001-0679
(100) 001-0680,(200) 001-0680
(100) 001-0681,(200) 001-0681
(100) 001-0682,(200) 001-0682
(100) 001-0683,(200) 001-0683
(100) 001-0684,(200) 001-0684
(100) 001-0685,(200) 001-0685
(100) 001-0686,(200) 001-0686
(100) 001-0687,(200) 001-0687
(100) 001-0688,(200) 001-0688
(100) 001-0689,(200) 001-0689
(100) 001-0690,(200) 001-0690
(100) 001-0691,(200) 001-0691
(100) 001-0692,(200) 001-0692
(100) 001-0693,(200) 001-0693
(100) 001-0694,(200) 001-0694
(100) 001-0695,(200) 001-0695
(100) 001-0696,(200) 001-0696
(100) 001-0697,(200) 001-0697
(100) 001-0698,(200) 001-0698
(100) 001-0699,(200) 001-0699
(100) 001-0700,(200) 001-0700
(100) 001-0701,(200) 001-0701
(100) 001-0702,(200) 001-0702
(100) 001-0703,(200) 001-0703
(100) 001-0704,(200) 001-0704
(100) 001-0705,(200) 001-0705
(100) 001-0706,(200) 001-0706
(100) 001-0707,(200) 001-0707
(100) 001-0708,(200) 001-0708
(100) 001-0709,(200) 001-0709
(100) 001-0710,(200) 001-0710
(100) 001-0711,(200) 001-0711
(100) 001-0712,(200) 001-0712
(100) 001-0713,(200) 001-0713
(100) 001-0714,(200) 001-0714
(100) 001-0715,(200) 001-0715
(100) 001-0716,(200) 001-0716
(100) 001-0717,(200) 001-0717
(100) 001-0718,(200) 001-0718
(100) 001-0719,(200) 001-0719
(100) 001-0720,(200) 001-0720
(100) 001-0721,(200) 001-0721
(100) 001-0722,(200) 001-0722
(100) 001-0723,(200) 001-0723
(100) 001-0724,(200) 001-0724
(100) 001-0725,(200) 001-0725
(100) 001-0726,(200) 001-0726
(100) 001-0727,(200) 001-0727
(100) 001-0728,(200) 001-0728
(100) 001-0729,(200) 001-0729
(100) 001-0730,(200) 001-0730
(100) 001-0731,(200) 001-0731
(100) 001-0732,(200) 001-0732
(100) 001-0733,(200) 001-0733
(100) 001-0734,(200) 001-0734
(100) 001-0735,(200) 001-0735
(100) 001-0736,(200) 001-0736
(100) 001-0737,(200) 001-0737
(100) 001-0738,(200) 001-0738
(100) 001-0739,(200) 001-0739
(100) 001-0740,(200) 001-0740
(100) 001-0741,(200) 001-0741
(100) 001-0742,(200) 001-0742
(100) 001-0743,(200) 001-0743
(100) 001-0744,(200) 001-0744
(100) 001-0745,(200) 001-0745
(100) 001-0746,(200) 001-0746
(100) 001-0747,(200) 001-0747
(100) 001-0748,(200) 001-0748
(100) 001-0749,(200) 001-0749
(100) 001-0750,(200) 001-0750
(100) 001-0751,(200) 001-0751
(100) 001-0752,(200) 001-0752
(100) 001-0753,(200) 001-0753
(100) 001-0754,(200) 001-0754
(100) 001-0755,(200) 001-0755
(100) 001-0756,(200) 001-0756
(100) 001-0757,(200) 001-0757
(100) 001-0758,(200) 001-0758
(100) 001-0759,(200) 001-0759
(100) 001-0760,(200) 001-0760
(100) 001-0761,(200) 001-0761
(100) 001-0762,(200) 001-0762
(100) 001-0763,(200) 001-0763
(100) 001-0764,(200) 001-0764
(100) 001-0765,(200) 001-0765
(100) 001-0766,(200) 001-0766
(100) 001-0767,(200) 001-0767
(100) 001-0768,(200) 001-0768
(100) 001-0769,(200) 001-0769
(100) 001-0770,(200) 001-0770
(100) 001-0771,(200) 001-0771
(100) 001-0772,(200) 001-0772
(100) 001-0773,(200) 001-0773
(100) 001-0774,(200) 001-0774
(100) 001-0775,(200) 001-0775
(100) 001-0776,(200) 001-0776
(100) 001-0777,(200) 001-0777
(100) 001-0778,(200) 001-0778
(100) 001-0779,(200) 001-0779
(100) 001-0780,(200) 001-0780
(100) 001-0781,(200) 001-0781
(100) 001-0782,(200) 001-0782
(100) 001-0783,(200) 001-0783
(100) 001-0784,(200) 001-0784
(100) 001-0785,(200) 001-0785
(100) 001-0786,(200) 001-0786
(100) 001-0787,(200) 001-0787
(100) 001-0788,(200) 001-0788
(100) 001-0789,(200) 001-0789
(100) 001-0790,(200) 001-0790
(100) 001-0791,(200) 001-0791
(100) 001-0792,(200) 001-0792
(100) 001-0793,(200) 001-0793
(100) 001-0794,(200) 001-0794
(100) 001-0795,(200) 001-0795
(100) 001-0796,(200) 001-0796
(100) 001-0797,(200) 001-0797
(100) 001-0798,(200) 001-0798
(100) 001-0799,(200) 001-0799
(100) 001-0800,(200) 001-0800
(100) 001-0801,(200) 001-0801
(100) 001-0802,(200) 001-0802
(100) 001-0803,(200) 001-0803
(100) 001-0804,(200) 001-0804
(100) 001-0805,(200) 001-0805
(100) 001-0806,(200) 001-0806
(100) 001-0807,(200) 001-0807
(100) 001-0808,(200) 001-0808
(100) 001-0809,(200) 001-0809
(100) 001-0810,(200) 001-0810
(100) 001-0811,(200) 001-0811
(100) 001-0812,(200) 001-0812
(100) 001-0813,(200) 001-0813
(100) 001-0814,(200) 001-0814
(100) 001-0815,(200) 001-0815
(100) 001-0816,(200) 001-0816
(100) 001-0817,(200) 001-0817
(100) 001-0818,(200) 001-0818
(100) 001-0819,(200) 001-0819
(100) 001-0820,(200) 001-0820
(100) 001-0821,(200) 001-0821
(100) 001-0822,(200) 001-0822
(100) 001-0823,(200) 001-0823
(100) 001-0824,(200) 001-0824
(100) 001-0825,(200) 001-0825
(100) 001-0826,(200) 001-0826
(100) 001-0827,(200) 001-0827
(100) 001-0828,(200) 001-0828
(100) 001-0829,(200) 001-0829
(100) 001-0830,(200) 001-0830
(100) 001-0831,(200) 001-0831
(100) 001-0832,(200) 001-0832
(100) 001-0833,(200) 001-0833
(100) 001-0834,(200) 001-0834
(100) 001-0835,(200) 001-0835
(100) 001-0836,(200) 001-0836
(100) 001-0837,(200) 001-0837
(100) 001-0838,(200) 001-0838
(100) 001-0839,(200) 001-0839
(100) 001-0840,(200) 001-0840
(100) 001-0841,(200) 001-0841
(100) 001-0842,(200) 001-0842
(100) 001-0843,(200) 001-0843
(100) 001-0844,(200) 001-0844
(100) 001-0845,(200) 001-0845
(100) 001-0846,(200) 001-0846
(100) 001-0847,(200) 001-0847
(100) 001-0848,(200) 001-0848
(100) 001-0849,(200) 001-0849
(100) 001-0850,(200) 001-0850
(100) 001-0851,(200) 001-0851
(100) 001-0852,(200) 001-0852
(100) 001-0853,(200) 001-0853
(100) 001-0854,(200) 001-0854
(100) 001-0855,(200) 001-0855
(100) 001-0856,(200) 001-0856
(100) 001-0857,(200) 001-0857
(100) 001-0858,(200) 001-0858
(100) 001-0859,(200) 001-0859
(100) 001-0860,(200) 001-0860
(100) 001-0861,(200) 001-0861
(100) 001-0862,(200) 001-0862
(100) 001-0863,(200) 001-0863
(100) 001-0864,(200) 001-0864
(100) 001-0865,(200) 001-0865
(100) 001-0866,(200) 001-0866
(100) 001-0867,(200) 001-0867
(100) 001-0868,(200) 001-0868
(100) 001-0869,(200) 001-0869
(100) 001-0870,(200) 001-0870
(100) 001-0871,(200) 001-0871
(100) 001-0872,(200) 001-0872
(100) 001-0873,(200) 001-0873
(100) 001-0874,(200) 001-0874
(100) 001-0875,(200) 001-0875
(100) 001-0876,(200) 001-0876
(100) 001-0877,(200) 001-0877
(100) 001-0878,(200) 001-0878
(100) 001-0879,(200) 001-0879
(100) 001-0880,(200) 001-0880
(100) 001-0881,(200) 001-0881
(100) 001-0882,(200) 001-0882
(100) 001-0883,(200) 001-0883
(100) 001-0884,(200) 001-0884
(100) 001-0885,(200) 001-0885
(100) 001-0886,(200) 001-0886
(100) 001-0887,(200) 001-0887
(100) 001-0888,(200) 001-0888
(100) 001-0889,(200) 001-0889
(100) 001-0890,(200) 001-0890
(100) 001-0891,(200) 001-0891
(100) 001-0892,(200) 001-0892
(100) 001-0893,(200) 001-0893
(100) 001-0894,(200) 001-0894
(100) 001-0895,(200) 001-0895
(100) 001-0896,(200) 001-0896
(100) 001-0897,(200) 001-0897
(100) 001-0898,(200) 001-0898
(100) 001-0899,(200) 001-0899
(100) 001-0900,(200) 001-0900
(100) 001-0901,(200) 001-0901
(100) 001-0902,(200) 001-0902
(100) 001-0903,(200) 001-0903
(100) 001-0904,(200) 001-0904
(100) 001-0905,(200) 001-0905
(100) 001-0906,(200) 001-0906
(100) 001-0907,(200) 001-0907
(100) 001-0908,(200) 001-0908
(100) 001-0909,(200) 001-0909
(100) 001-0910,(200) 001-0910
(100) 001-0911,(200) 001-0911
(100) 001-0912,(200) 001-0912
(100) 001-0913,(200) 001-0913
(100) 001-0914,(200) 001-0914
(100) 001-0915,(200) 001-0915
(100) 001-0916,(200) 001-0916
(100) 001-0917,(200) 001-0917
(100) 001-0918,(200) 001-0918
(100) 001-0919,(200) 001-0919
(100) 001-0920,(200) 001-0920
(100) 001-0921,(200) 001-0921
(100) 001-0922,(200) 001-0922
(100) 001-0923,(200) 001-0923
(100) 001-0924,(200) 001-0924
(100) 001-0925,(200) 001-0925
(100) 001-0926,(200) 001-0926
(100) 001-0927,(200) 001-0927
(100) 001-0928,(200) 001-0928
(100) 001-0929,(200) 001-0929
(100) 001-0930,(200) 001-0930
(100) 001-0931,(200) 001-0931
(100) 001-0932,(200) 001-0932
(100) 001-0933,(200) 001-0933
(100) 001-0934,(200) 001-0934
(100) 001-0935,(200) 001-0935
(100) 001-0936,(200) 001-0936
(100) 001-0937,(200) 001-0937
(100) 001-0938,(200) 001-0938
(100) 001-0939,(200) 001-0939
(100) 001-0940,(200) 001-0940
(100) 001-0941,(200) 001-0941
(100) 001-0942,(200) 001-0942
(100) 001-0943,(200) 001-0943
(100) 001-0944,(200) 001-0944
(100) 001-0945,(200) 001-0945
(100) 001-0946,(200) 001-0946
(100) 001-0947,(200) 001-0947
(100) 001-0948,(200) 001-0948
(100) 001-0949,(200) 001-0949
(100) 001-0950,(200) 001-0950
(100) 001-0951,(200) 001-0951
(100) 001-0952,(200) 001-0952
(100) 001-0953,(200) 001-0953
(100) 001-0954,(200) 001-0954
(100) 001-0955,(200) 001-0955
(100) 001-0956,(200) 001-0956
(100) 001-0957,(200) 001-0957
(100) 001-0958,(200) 001-0958
(100) 001-0959,(200) 001-0959
(100) 001-0960,(200) 001-0960
(100) 001-0961,(200) 001-0961
(100) 001-0962,(200) 001-0962
(100) 001-0963,(200) 001-0963
(100) 001-0964,(200) 001-0964
(100) 001-0965,(200) 001-0965
(100) 001-0966,(200) 001-0966
(100) 001-0967,(200) 001-0967
(100) 001-0968,(200) 001-0968
(100) 001-0969,(200) 001-0969
(100) 001-0970,(200) 001-0970
(100) 001-0971,(200) 001-0971
(100) 001-0972,(200) 001-0972
(100) 001-0973,(200) 001-0973
(100) 001-0974,(200) 001-0974
(100) 001-0975,(200) 001-0975
(100) 001-0976,(200) 001-0976
(100) 001-0977,(200) 001-0977
(100) 001-0978,(200) 001-0978
(100) 001-0979,(200) 001-0979
(100) 001-0980,(200) 001-0980
(100) 001-0981,(200) 001-0981
(100) 001-0982,(200) 001-0982
(100) 001-0983,(200) 001-0983
(100) 001-0984,(200) 001-0984
(100) 001-0985,(200) 001-0985
(100) 001-0986,(200) 001-0986
(100) 001-0987,(200) 001-0987
(100) 001-0988,(200) 001-0988
(100) 001-0989,(200) 001-0989
(100) 001-0990,(200) 001-0990
(100) 001-0991,(200) 001-0991
(100) 001-0992,(200) 001-0992
(100) 001-0993,(200) 001-0993
(100) 001-0994,(200) 001-0994
(100) 001-0995,(200) 001-0995
(100) 001-0996,(200) 001-0996
(100) 001-0997,(200) 001-0997
(100) 001-0998,(200) 001-0998
(100) 001-0999,(200) 001-0999
(100) 001-1000,(200) 001-1000
(100) 001-1001,(200) 001-1001
(100) 001-1002,(200) 001-1002
(100) 001-1003,(200) 001-1003
(100) 001-1004,(200) 001-1004
(100) 001-1005,(200) 001-1005
(100) 001-1006,(200) 001-1006
(100) 001-1007,(200) 001-1007
(100) 001-1008,(200) 001-1008
(100) 001-1009,(200) 001-1009
(100) 001-1010,(200) 001-1010
(100) 001-1011,(200) 001-1011
(100) 001-1012,(200) 001-1012
(100) 001-1013,(200) 001-1013
(100) 001-1014,(200) 001-1014
(100) 001-1015,(200) 001-1015
(100) 001-1016,(200) 001-1016
(100) 001-1017,(200) 001-1017
(100) 001-1018,(200) 001-1018
(100) 001-1019,(200) 001-1019
(100) 001-1020,(200) 001-1020
(100) 001-1021,(200) 001-1021
(100) 001-1022,(200) 001-1022
(100) 001-1023,(200) 001-1023
(100) 001-1024,(200) 001-1024
(100) 001-1025,(200) 001-1025
(100) 001-1026,(200) 001-1026
(100) 001-1027,(200) 001-1027
(100) 001-1028,(200) 001-1028
(100) 001-1029,(200) 001-1029
(100) 001-1030,(200) 001-1030
(100) 001-1031,(200) 001-1031
(100) 001-1032,(200) 001-1032
(100) 001-1033,(200) 001-1033
(100) 001-1034,(200) 001-1034
